[15-Oct-2025 09:34:18 Asia/Bangkok] PO Items count: 1
[15-Oct-2025 09:34:18 Asia/Bangkok] Item 0: quantity=500.0000, received=.0000, pending=.0000, unit_id=1
[15-Oct-2025 09:35:15 Asia/Bangkok] PO Items count: 1
[15-Oct-2025 09:35:15 Asia/Bangkok] Item 0: quantity=500.0000, received=.0000, pending=.0000, unit_id=1
[15-Oct-2025 11:17:42 Asia/Bangkok] PO Items count: 1
[15-Oct-2025 11:17:42 Asia/Bangkok] Item 0: quantity=500.0000, received=.0000, pending=.0000, unit_id=1
[15-Oct-2025 11:20:08 Asia/Bangkok] PO Items count: 1
[15-Oct-2025 11:20:08 Asia/Bangkok] Item 0: quantity=500.0000, received=.0000, pending=.0000, unit_id=1
[15-Oct-2025 11:21:23 Asia/Bangkok] PO Items count: 1
[15-Oct-2025 11:21:23 Asia/Bangkok] Item 0: quantity=500.0000, received=.0000, pending=.0000, unit_id=1
[15-Oct-2025 11:22:23 Asia/Bangkok] PO Items count: 1
[15-Oct-2025 11:22:23 Asia/Bangkok] Item 0: quantity=500.0000, received=.0000, pending=.0000, unit_id=1
[15-Oct-2025 11:28:52 Asia/Bangkok] PO Items count: 1
[15-Oct-2025 11:28:52 Asia/Bangkok] Item 0: quantity=500.0000, received=.0000, pending=.0000, unit_id=1
[15-Oct-2025 11:28:52 Asia/Bangkok] calculate_conversion: product=3674, from=1, to=4, qty=500
[15-Oct-2025 11:28:52 Asia/Bangkok] getConversionFactor called: product=3674, from=1, to=4
[15-Oct-2025 11:28:53 Asia/Bangkok] Unit codes: from=KG, to=SHEET
[15-Oct-2025 11:28:53 Asia/Bangkok] Paperboard calculation: W=787.40, L=1092.20, GSM=350
[15-Oct-2025 11:28:53 Asia/Bangkok] Area: 0.85999828 m², kg/sheet: 0.300999398, sheets/kg: 3.3222657807442
[15-Oct-2025 11:28:53 Asia/Bangkok] Returning KG→SHEET: 3.3222657807442
[15-Oct-2025 11:28:53 Asia/Bangkok] Conversion result: 500 × 3.3222657807442 = 1661.1328903721
[15-Oct-2025 11:29:01 Asia/Bangkok] calculate_conversion: product=3674, from=1, to=4, qty=500
[15-Oct-2025 11:29:01 Asia/Bangkok] getConversionFactor called: product=3674, from=1, to=4
[15-Oct-2025 11:29:01 Asia/Bangkok] Unit codes: from=KG, to=SHEET
[15-Oct-2025 11:29:01 Asia/Bangkok] Paperboard calculation: W=787.40, L=1092.20, GSM=350
[15-Oct-2025 11:29:01 Asia/Bangkok] Area: 0.85999828 m², kg/sheet: 0.300999398, sheets/kg: 3.3222657807442
[15-Oct-2025 11:29:01 Asia/Bangkok] Returning KG→SHEET: 3.3222657807442
[15-Oct-2025 11:29:01 Asia/Bangkok] Conversion result: 500 × 3.3222657807442 = 1661.1328903721
[15-Oct-2025 11:29:01 Asia/Bangkok] calculate_conversion: product=3674, from=4, to=1, qty=1661.1329
[15-Oct-2025 11:29:01 Asia/Bangkok] getConversionFactor called: product=3674, from=4, to=1
[15-Oct-2025 11:29:01 Asia/Bangkok] Unit codes: from=SHEET, to=KG
[15-Oct-2025 11:29:01 Asia/Bangkok] Paperboard calculation: W=787.40, L=1092.20, GSM=350
[15-Oct-2025 11:29:01 Asia/Bangkok] Area: 0.85999828 m², kg/sheet: 0.300999398, sheets/kg: 3.3222657807442
[15-Oct-2025 11:29:01 Asia/Bangkok] Returning SHEET→KG: 0.300999398
[15-Oct-2025 11:29:01 Asia/Bangkok] Conversion result: 1661.1329 × 0.300999398 = 500.00000289799
[15-Oct-2025 11:30:00 Asia/Bangkok] calculate_conversion: product=3674, from=1, to=9, qty=500
[15-Oct-2025 11:30:00 Asia/Bangkok] getConversionFactor called: product=3674, from=1, to=9
[15-Oct-2025 11:30:00 Asia/Bangkok] Unit codes: from=KG, to=PCS
[15-Oct-2025 11:30:00 Asia/Bangkok] No conversion found, returning 1.0
[15-Oct-2025 11:30:00 Asia/Bangkok] Conversion result: 500 × 1 = 500
[15-Oct-2025 11:30:00 Asia/Bangkok] calculate_conversion: product=3674, from=9, to=1, qty=500
[15-Oct-2025 11:30:00 Asia/Bangkok] getConversionFactor called: product=3674, from=9, to=1
[15-Oct-2025 11:30:00 Asia/Bangkok] Unit codes: from=PCS, to=KG
[15-Oct-2025 11:30:00 Asia/Bangkok] No conversion found, returning 1.0
[15-Oct-2025 11:30:00 Asia/Bangkok] Conversion result: 500 × 1 = 500
[15-Oct-2025 11:30:00 Asia/Bangkok] calculate_conversion: product=3674, from=9, to=4, qty=500
[15-Oct-2025 11:30:00 Asia/Bangkok] getConversionFactor called: product=3674, from=9, to=4
[15-Oct-2025 11:30:00 Asia/Bangkok] Unit codes: from=PCS, to=SHEET
[15-Oct-2025 11:30:00 Asia/Bangkok] No conversion found, returning 1.0
[15-Oct-2025 11:30:00 Asia/Bangkok] Conversion result: 500 × 1 = 500
[15-Oct-2025 11:30:01 Asia/Bangkok] calculate_conversion: product=3674, from=1, to=4, qty=500
[15-Oct-2025 11:30:01 Asia/Bangkok] getConversionFactor called: product=3674, from=1, to=4
[15-Oct-2025 11:30:01 Asia/Bangkok] Unit codes: from=KG, to=SHEET
[15-Oct-2025 11:30:01 Asia/Bangkok] Paperboard calculation: W=787.40, L=1092.20, GSM=350
[15-Oct-2025 11:30:01 Asia/Bangkok] Area: 0.85999828 m², kg/sheet: 0.300999398, sheets/kg: 3.3222657807442
[15-Oct-2025 11:30:01 Asia/Bangkok] Returning KG→SHEET: 3.3222657807442
[15-Oct-2025 11:30:01 Asia/Bangkok] Conversion result: 500 × 3.3222657807442 = 1661.1328903721
[15-Oct-2025 11:30:01 Asia/Bangkok] calculate_conversion: product=3674, from=4, to=1, qty=1661.1329
[15-Oct-2025 11:30:01 Asia/Bangkok] getConversionFactor called: product=3674, from=4, to=1
[15-Oct-2025 11:30:01 Asia/Bangkok] Unit codes: from=SHEET, to=KG
[15-Oct-2025 11:30:01 Asia/Bangkok] Paperboard calculation: W=787.40, L=1092.20, GSM=350
[15-Oct-2025 11:30:01 Asia/Bangkok] Area: 0.85999828 m², kg/sheet: 0.300999398, sheets/kg: 3.3222657807442
[15-Oct-2025 11:30:01 Asia/Bangkok] Returning SHEET→KG: 0.300999398
[15-Oct-2025 11:30:01 Asia/Bangkok] Conversion result: 1661.1329 × 0.300999398 = 500.00000289799
[15-Oct-2025 11:36:25 Asia/Bangkok] PO Items count: 1
[15-Oct-2025 11:36:25 Asia/Bangkok] Item 0: quantity=500.0000, received=.0000, pending=.0000, unit_id=1
[15-Oct-2025 11:36:26 Asia/Bangkok] calculate_conversion: product=3674, from=1, to=4, qty=500
[15-Oct-2025 11:36:26 Asia/Bangkok] getConversionFactor called: product=3674, from=1, to=4
[15-Oct-2025 11:36:26 Asia/Bangkok] Unit codes: from=KG, to=SHEET
[15-Oct-2025 11:36:26 Asia/Bangkok] Paperboard calculation: W=787.40, L=1092.20, GSM=350
[15-Oct-2025 11:36:26 Asia/Bangkok] Area: 0.85999828 m², kg/sheet: 0.300999398, sheets/kg: 3.3222657807442
[15-Oct-2025 11:36:26 Asia/Bangkok] Returning KG→SHEET: 3.3222657807442
[15-Oct-2025 11:36:26 Asia/Bangkok] Conversion result: 500 × 3.3222657807442 = 1661.1328903721
[15-Oct-2025 11:36:28 Asia/Bangkok] calculate_conversion: product=3674, from=1, to=4, qty=500
[15-Oct-2025 11:36:28 Asia/Bangkok] getConversionFactor called: product=3674, from=1, to=4
[15-Oct-2025 11:36:28 Asia/Bangkok] Unit codes: from=KG, to=SHEET
[15-Oct-2025 11:36:28 Asia/Bangkok] Paperboard calculation: W=787.40, L=1092.20, GSM=350
[15-Oct-2025 11:36:28 Asia/Bangkok] Area: 0.85999828 m², kg/sheet: 0.300999398, sheets/kg: 3.3222657807442
[15-Oct-2025 11:36:28 Asia/Bangkok] Returning KG→SHEET: 3.3222657807442
[15-Oct-2025 11:36:28 Asia/Bangkok] Conversion result: 500 × 3.3222657807442 = 1661.1328903721
[15-Oct-2025 11:36:28 Asia/Bangkok] calculate_conversion: product=3674, from=4, to=1, qty=1661.1329
[15-Oct-2025 11:36:28 Asia/Bangkok] getConversionFactor called: product=3674, from=4, to=1
[15-Oct-2025 11:36:28 Asia/Bangkok] Unit codes: from=SHEET, to=KG
[15-Oct-2025 11:36:28 Asia/Bangkok] Paperboard calculation: W=787.40, L=1092.20, GSM=350
[15-Oct-2025 11:36:28 Asia/Bangkok] Area: 0.85999828 m², kg/sheet: 0.300999398, sheets/kg: 3.3222657807442
[15-Oct-2025 11:36:28 Asia/Bangkok] Returning SHEET→KG: 0.300999398
[15-Oct-2025 11:36:28 Asia/Bangkok] Conversion result: 1661.1329 × 0.300999398 = 500.00000289799
[10-Nov-2025 13:19:07 Asia/Bangkok] PO Items count: 1
[10-Nov-2025 13:19:07 Asia/Bangkok] Item 0: quantity=500.0000, received=.0000, pending=.0000, unit_id=1
[10-Nov-2025 13:19:08 Asia/Bangkok] calculate_conversion: product=3674, from=1, to=4, qty=500
[10-Nov-2025 13:19:08 Asia/Bangkok] getConversionFactor called: product=3674, from=1, to=4
[10-Nov-2025 13:19:08 Asia/Bangkok] Unit codes: from=KG, to=SHEET
[10-Nov-2025 13:19:08 Asia/Bangkok] Paperboard calculation: W=787.40, L=1092.20, GSM=350
[10-Nov-2025 13:19:08 Asia/Bangkok] Area: 0.85999828 m², kg/sheet: 0.300999398, sheets/kg: 3.3222657807442
[10-Nov-2025 13:19:08 Asia/Bangkok] Returning KG→SHEET: 3.3222657807442
[10-Nov-2025 13:19:08 Asia/Bangkok] Conversion result: 500 × 3.3222657807442 = 1661.1328903721
[10-Nov-2025 14:26:37 Asia/Bangkok] PO Items count: 1
[10-Nov-2025 14:26:37 Asia/Bangkok] Item 0: quantity=500.0000, received=.0000, pending=.0000, unit_id=1
[10-Nov-2025 14:26:38 Asia/Bangkok] calculate_conversion: product=3674, from=1, to=4, qty=500
[10-Nov-2025 14:26:38 Asia/Bangkok] getConversionFactor called: product=3674, from=1, to=4
[10-Nov-2025 14:26:38 Asia/Bangkok] Unit codes: from=KG, to=SHEET
[10-Nov-2025 14:26:38 Asia/Bangkok] Paperboard calculation: W=787.40, L=1092.20, GSM=350
[10-Nov-2025 14:26:38 Asia/Bangkok] Area: 0.85999828 m², kg/sheet: 0.300999398, sheets/kg: 3.3222657807442
[10-Nov-2025 14:26:38 Asia/Bangkok] Returning KG→SHEET: 3.3222657807442
[10-Nov-2025 14:26:38 Asia/Bangkok] Conversion result: 500 × 3.3222657807442 = 1661.1328903721
[10-Nov-2025 14:26:51 Asia/Bangkok] PO Items count: 1
[10-Nov-2025 14:26:51 Asia/Bangkok] Item 0: quantity=500.0000, received=.0000, pending=.0000, unit_id=1
[10-Nov-2025 14:26:52 Asia/Bangkok] calculate_conversion: product=3674, from=1, to=4, qty=500
[10-Nov-2025 14:26:52 Asia/Bangkok] getConversionFactor called: product=3674, from=1, to=4
[10-Nov-2025 14:26:52 Asia/Bangkok] Unit codes: from=KG, to=SHEET
[10-Nov-2025 14:26:52 Asia/Bangkok] Paperboard calculation: W=787.40, L=1092.20, GSM=350
[10-Nov-2025 14:26:52 Asia/Bangkok] Area: 0.85999828 m², kg/sheet: 0.300999398, sheets/kg: 3.3222657807442
[10-Nov-2025 14:26:52 Asia/Bangkok] Returning KG→SHEET: 3.3222657807442
[10-Nov-2025 14:26:52 Asia/Bangkok] Conversion result: 500 × 3.3222657807442 = 1661.1328903721
[10-Nov-2025 15:00:57 Asia/Bangkok] PO Items count: 1
[10-Nov-2025 15:00:57 Asia/Bangkok] Item 0: quantity=500.0000, received=.0000, pending=.0000, unit_id=1
[10-Nov-2025 15:06:46 Asia/Bangkok] PHP Warning:  Cannot modify header information - headers already sent by (output started at C:\xampp\htdocs\PD\production\pages\po\receiving_po.php:245) in C:\xampp\htdocs\PD\production\pages\po\receiving_po.php on line 441
[10-Nov-2025 15:06:49 Asia/Bangkok] PHP Warning:  Cannot modify header information - headers already sent by (output started at C:\xampp\htdocs\PD\production\pages\po\receiving_po.php:245) in C:\xampp\htdocs\PD\production\pages\po\receiving_po.php on line 441
[10-Nov-2025 15:18:55 Asia/Bangkok] PO Items count: 1
[10-Nov-2025 15:18:55 Asia/Bangkok] Item 0: quantity=500.0000, received=.0000, pending=.0000, unit_id=1
[10-Nov-2025 15:18:56 Asia/Bangkok] calculate_conversion: product=3674, from=1, to=4, qty=500
[10-Nov-2025 15:18:56 Asia/Bangkok] getConversionFactor called: product=3674, from=1, to=4
[10-Nov-2025 15:18:56 Asia/Bangkok] Unit codes: from=KG, to=SHEET
[10-Nov-2025 15:18:56 Asia/Bangkok] Paperboard calculation: W=787.40, L=1092.20, GSM=350
[10-Nov-2025 15:18:56 Asia/Bangkok] Area: 0.85999828 m², kg/sheet: 0.300999398, sheets/kg: 3.3222657807442
[10-Nov-2025 15:18:56 Asia/Bangkok] Returning KG→SHEET: 3.3222657807442
[10-Nov-2025 15:18:56 Asia/Bangkok] Conversion result: 500 × 3.3222657807442 = 1661.1328903721
[10-Nov-2025 15:31:35 Asia/Bangkok] calculate_conversion: product=3674, from=1, to=4, qty=500
[10-Nov-2025 15:31:35 Asia/Bangkok] getConversionFactor called: product=3674, from=1, to=4
[10-Nov-2025 15:31:35 Asia/Bangkok] Unit codes: from=KG, to=SHEET
[10-Nov-2025 15:31:35 Asia/Bangkok] Paperboard calculation: W=787.40, L=1092.20, GSM=350
[10-Nov-2025 15:31:35 Asia/Bangkok] Area: 0.85999828 m², kg/sheet: 0.300999398, sheets/kg: 3.3222657807442
[10-Nov-2025 15:31:35 Asia/Bangkok] Returning KG→SHEET: 3.3222657807442
[10-Nov-2025 15:31:35 Asia/Bangkok] Conversion result: 500 × 3.3222657807442 = 1661.1328903721
[10-Nov-2025 15:31:35 Asia/Bangkok] calculate_conversion: product=3674, from=4, to=1, qty=1661.1329
[10-Nov-2025 15:31:35 Asia/Bangkok] getConversionFactor called: product=3674, from=4, to=1
[10-Nov-2025 15:31:35 Asia/Bangkok] Unit codes: from=SHEET, to=KG
[10-Nov-2025 15:31:35 Asia/Bangkok] Paperboard calculation: W=787.40, L=1092.20, GSM=350
[10-Nov-2025 15:31:35 Asia/Bangkok] Area: 0.85999828 m², kg/sheet: 0.300999398, sheets/kg: 3.3222657807442
[10-Nov-2025 15:31:35 Asia/Bangkok] Returning SHEET→KG: 0.300999398
[10-Nov-2025 15:31:35 Asia/Bangkok] Conversion result: 1661.1329 × 0.300999398 = 500.00000289799
[10-Nov-2025 15:35:35 Asia/Bangkok] PO Items count: 1
[10-Nov-2025 15:35:35 Asia/Bangkok] Item 0: quantity=500.0000, received=.0000, pending=.0000, unit_id=1
[10-Nov-2025 15:35:36 Asia/Bangkok] calculate_conversion: product=3674, from=1, to=4, qty=500
[10-Nov-2025 15:35:36 Asia/Bangkok] getConversionFactor called: product=3674, from=1, to=4
[10-Nov-2025 15:35:36 Asia/Bangkok] Unit codes: from=KG, to=SHEET
[10-Nov-2025 15:35:36 Asia/Bangkok] Paperboard calculation: W=787.40, L=1092.20, GSM=350
[10-Nov-2025 15:35:36 Asia/Bangkok] Area: 0.85999828 m², kg/sheet: 0.300999398, sheets/kg: 3.3222657807442
[10-Nov-2025 15:35:36 Asia/Bangkok] Returning KG→SHEET: 3.3222657807442
[10-Nov-2025 15:35:36 Asia/Bangkok] Conversion result: 500 × 3.3222657807442 = 1661.1328903721
[10-Nov-2025 15:35:41 Asia/Bangkok] calculate_conversion: product=3674, from=1, to=4, qty=500
[10-Nov-2025 15:35:41 Asia/Bangkok] getConversionFactor called: product=3674, from=1, to=4
[10-Nov-2025 15:35:41 Asia/Bangkok] Unit codes: from=KG, to=SHEET
[10-Nov-2025 15:35:41 Asia/Bangkok] Paperboard calculation: W=787.40, L=1092.20, GSM=350
[10-Nov-2025 15:35:41 Asia/Bangkok] Area: 0.85999828 m², kg/sheet: 0.300999398, sheets/kg: 3.3222657807442
[10-Nov-2025 15:35:41 Asia/Bangkok] Returning KG→SHEET: 3.3222657807442
[10-Nov-2025 15:35:41 Asia/Bangkok] Conversion result: 500 × 3.3222657807442 = 1661.1328903721
[10-Nov-2025 15:35:41 Asia/Bangkok] calculate_conversion: product=3674, from=4, to=1, qty=1661.1329
[10-Nov-2025 15:35:41 Asia/Bangkok] getConversionFactor called: product=3674, from=4, to=1
[10-Nov-2025 15:35:41 Asia/Bangkok] Unit codes: from=SHEET, to=KG
[10-Nov-2025 15:35:41 Asia/Bangkok] Paperboard calculation: W=787.40, L=1092.20, GSM=350
[10-Nov-2025 15:35:41 Asia/Bangkok] Area: 0.85999828 m², kg/sheet: 0.300999398, sheets/kg: 3.3222657807442
[10-Nov-2025 15:35:41 Asia/Bangkok] Returning SHEET→KG: 0.300999398
[10-Nov-2025 15:35:41 Asia/Bangkok] Conversion result: 1661.1329 × 0.300999398 = 500.00000289799
[10-Nov-2025 15:35:52 Asia/Bangkok] PO Items count: 1
[10-Nov-2025 15:35:52 Asia/Bangkok] Item 0: quantity=500.0000, received=.0000, pending=.0000, unit_id=1
[10-Nov-2025 15:35:53 Asia/Bangkok] calculate_conversion: product=3674, from=1, to=4, qty=500
[10-Nov-2025 15:35:53 Asia/Bangkok] getConversionFactor called: product=3674, from=1, to=4
[10-Nov-2025 15:35:53 Asia/Bangkok] Unit codes: from=KG, to=SHEET
[10-Nov-2025 15:35:53 Asia/Bangkok] Paperboard calculation: W=787.40, L=1092.20, GSM=350
[10-Nov-2025 15:35:53 Asia/Bangkok] Area: 0.85999828 m², kg/sheet: 0.300999398, sheets/kg: 3.3222657807442
[10-Nov-2025 15:35:53 Asia/Bangkok] Returning KG→SHEET: 3.3222657807442
[10-Nov-2025 15:35:53 Asia/Bangkok] Conversion result: 500 × 3.3222657807442 = 1661.1328903721
[10-Nov-2025 16:02:43 Asia/Bangkok] PO Items count: 1
[10-Nov-2025 16:02:43 Asia/Bangkok] Item 0: quantity=500.0000, received=.0000, pending=.0000, unit_id=1
[10-Nov-2025 16:02:44 Asia/Bangkok] calculate_conversion: product=3674, from=1, to=4, qty=500
[10-Nov-2025 16:02:44 Asia/Bangkok] getConversionFactor called: product=3674, from=1, to=4
[10-Nov-2025 16:02:44 Asia/Bangkok] Unit codes: from=KG, to=SHEET
[10-Nov-2025 16:02:44 Asia/Bangkok] Paperboard calculation: W=787.40, L=1092.20, GSM=350
[10-Nov-2025 16:02:44 Asia/Bangkok] Area: 0.85999828 m², kg/sheet: 0.300999398, sheets/kg: 3.3222657807442
[10-Nov-2025 16:02:44 Asia/Bangkok] Returning KG→SHEET: 3.3222657807442
[10-Nov-2025 16:02:44 Asia/Bangkok] Conversion result: 500 × 3.3222657807442 = 1661.1328903721
[10-Nov-2025 16:02:48 Asia/Bangkok] calculate_conversion: product=3674, from=1, to=4, qty=500
[10-Nov-2025 16:02:48 Asia/Bangkok] getConversionFactor called: product=3674, from=1, to=4
[10-Nov-2025 16:02:48 Asia/Bangkok] Unit codes: from=KG, to=SHEET
[10-Nov-2025 16:02:48 Asia/Bangkok] Paperboard calculation: W=787.40, L=1092.20, GSM=350
[10-Nov-2025 16:02:48 Asia/Bangkok] Area: 0.85999828 m², kg/sheet: 0.300999398, sheets/kg: 3.3222657807442
[10-Nov-2025 16:02:48 Asia/Bangkok] Returning KG→SHEET: 3.3222657807442
[10-Nov-2025 16:02:48 Asia/Bangkok] Conversion result: 500 × 3.3222657807442 = 1661.1328903721
[10-Nov-2025 16:02:48 Asia/Bangkok] calculate_conversion: product=3674, from=4, to=1, qty=1661.1329
[10-Nov-2025 16:02:48 Asia/Bangkok] getConversionFactor called: product=3674, from=4, to=1
[10-Nov-2025 16:02:48 Asia/Bangkok] Unit codes: from=SHEET, to=KG
[10-Nov-2025 16:02:48 Asia/Bangkok] Paperboard calculation: W=787.40, L=1092.20, GSM=350
[10-Nov-2025 16:02:48 Asia/Bangkok] Area: 0.85999828 m², kg/sheet: 0.300999398, sheets/kg: 3.3222657807442
[10-Nov-2025 16:02:48 Asia/Bangkok] Returning SHEET→KG: 0.300999398
[10-Nov-2025 16:02:48 Asia/Bangkok] Conversion result: 1661.1329 × 0.300999398 = 500.00000289799
[10-Nov-2025 16:06:42 Asia/Bangkok] PHP Fatal error:  Uncaught Error: Call to undefined method Auth::user() in C:\xampp\htdocs\PD\production\pages\po\receiving_po.php:48
Stack trace:
#0 {main}
  thrown in C:\xampp\htdocs\PD\production\pages\po\receiving_po.php on line 48
[10-Nov-2025 16:06:44 Asia/Bangkok] PHP Fatal error:  Uncaught Error: Call to undefined method Auth::user() in C:\xampp\htdocs\PD\production\pages\po\receiving_po.php:48
Stack trace:
#0 {main}
  thrown in C:\xampp\htdocs\PD\production\pages\po\receiving_po.php on line 48
[10-Nov-2025 16:07:08 Asia/Bangkok] PO Items count: 1
[10-Nov-2025 16:07:08 Asia/Bangkok] Item 0: quantity=500.0000, received=.0000, pending=.0000, unit_id=1
[10-Nov-2025 16:07:08 Asia/Bangkok] calculate_conversion: product=3674, from=1, to=4, qty=500
[10-Nov-2025 16:07:08 Asia/Bangkok] getConversionFactor called: product=3674, from=1, to=4
[10-Nov-2025 16:07:08 Asia/Bangkok] Unit codes: from=KG, to=SHEET
[10-Nov-2025 16:07:08 Asia/Bangkok] Paperboard calculation: W=787.40, L=1092.20, GSM=350
[10-Nov-2025 16:07:08 Asia/Bangkok] Area: 0.85999828 m², kg/sheet: 0.300999398, sheets/kg: 3.3222657807442
[10-Nov-2025 16:07:08 Asia/Bangkok] Returning KG→SHEET: 3.3222657807442
[10-Nov-2025 16:07:08 Asia/Bangkok] Conversion result: 500 × 3.3222657807442 = 1661.1328903721
[10-Nov-2025 16:11:15 Asia/Bangkok] calculate_conversion: product=3674, from=1, to=4, qty=500
[10-Nov-2025 16:11:15 Asia/Bangkok] getConversionFactor called: product=3674, from=1, to=4
[10-Nov-2025 16:11:15 Asia/Bangkok] Unit codes: from=KG, to=SHEET
[10-Nov-2025 16:11:15 Asia/Bangkok] Paperboard calculation: W=787.40, L=1092.20, GSM=350
[10-Nov-2025 16:11:15 Asia/Bangkok] Area: 0.85999828 m², kg/sheet: 0.300999398, sheets/kg: 3.3222657807442
[10-Nov-2025 16:11:15 Asia/Bangkok] Returning KG→SHEET: 3.3222657807442
[10-Nov-2025 16:11:15 Asia/Bangkok] Conversion result: 500 × 3.3222657807442 = 1661.1328903721
[10-Nov-2025 16:11:15 Asia/Bangkok] calculate_conversion: product=3674, from=4, to=1, qty=1661.1329
[10-Nov-2025 16:11:15 Asia/Bangkok] getConversionFactor called: product=3674, from=4, to=1
[10-Nov-2025 16:11:15 Asia/Bangkok] Unit codes: from=SHEET, to=KG
[10-Nov-2025 16:11:15 Asia/Bangkok] Paperboard calculation: W=787.40, L=1092.20, GSM=350
[10-Nov-2025 16:11:15 Asia/Bangkok] Area: 0.85999828 m², kg/sheet: 0.300999398, sheets/kg: 3.3222657807442
[10-Nov-2025 16:11:15 Asia/Bangkok] Returning SHEET→KG: 0.300999398
[10-Nov-2025 16:11:15 Asia/Bangkok] Conversion result: 1661.1329 × 0.300999398 = 500.00000289799
[11-Nov-2025 10:11:28 Asia/Bangkok] PO Items count: 1
[11-Nov-2025 10:11:28 Asia/Bangkok] Item 0: quantity=500.0000, received=.0000, pending=.0000, unit_id=1
[11-Nov-2025 10:11:28 Asia/Bangkok] calculate_conversion: product=3674, from=1, to=4, qty=500
[11-Nov-2025 10:11:28 Asia/Bangkok] getConversionFactor called: product=3674, from=1, to=4
[11-Nov-2025 10:11:28 Asia/Bangkok] Unit codes: from=KG, to=SHEET
[11-Nov-2025 10:11:28 Asia/Bangkok] Paperboard calculation: W=787.40, L=1092.20, GSM=350
[11-Nov-2025 10:11:28 Asia/Bangkok] Area: 0.85999828 m², kg/sheet: 0.300999398, sheets/kg: 3.3222657807442
[11-Nov-2025 10:11:28 Asia/Bangkok] Returning KG→SHEET: 3.3222657807442
[11-Nov-2025 10:11:28 Asia/Bangkok] Conversion result: 500 × 3.3222657807442 = 1661.1328903721
[11-Nov-2025 10:11:49 Asia/Bangkok] calculate_conversion: product=3674, from=1, to=4, qty=500
[11-Nov-2025 10:11:49 Asia/Bangkok] getConversionFactor called: product=3674, from=1, to=4
[11-Nov-2025 10:11:49 Asia/Bangkok] Unit codes: from=KG, to=SHEET
[11-Nov-2025 10:11:49 Asia/Bangkok] Paperboard calculation: W=787.40, L=1092.20, GSM=350
[11-Nov-2025 10:11:49 Asia/Bangkok] Area: 0.85999828 m², kg/sheet: 0.300999398, sheets/kg: 3.3222657807442
[11-Nov-2025 10:11:49 Asia/Bangkok] Returning KG→SHEET: 3.3222657807442
[11-Nov-2025 10:11:49 Asia/Bangkok] Conversion result: 500 × 3.3222657807442 = 1661.1328903721
[11-Nov-2025 10:11:49 Asia/Bangkok] calculate_conversion: product=3674, from=4, to=1, qty=1661.1329
[11-Nov-2025 10:11:49 Asia/Bangkok] getConversionFactor called: product=3674, from=4, to=1
[11-Nov-2025 10:11:49 Asia/Bangkok] Unit codes: from=SHEET, to=KG
[11-Nov-2025 10:11:49 Asia/Bangkok] Paperboard calculation: W=787.40, L=1092.20, GSM=350
[11-Nov-2025 10:11:49 Asia/Bangkok] Area: 0.85999828 m², kg/sheet: 0.300999398, sheets/kg: 3.3222657807442
[11-Nov-2025 10:11:49 Asia/Bangkok] Returning SHEET→KG: 0.300999398
[11-Nov-2025 10:11:49 Asia/Bangkok] Conversion result: 1661.1329 × 0.300999398 = 500.00000289799
[11-Nov-2025 10:48:09 Asia/Bangkok] PO Items count: 1
[11-Nov-2025 10:48:09 Asia/Bangkok] Item 0: quantity=500.0000, received=.0000, pending=.0000, unit_id=1
[11-Nov-2025 10:48:10 Asia/Bangkok] calculate_conversion: product=3674, from=1, to=4, qty=500
[11-Nov-2025 10:48:10 Asia/Bangkok] getConversionFactor called: product=3674, from=1, to=4
[11-Nov-2025 10:48:10 Asia/Bangkok] Unit codes: from=KG, to=SHEET
[11-Nov-2025 10:48:10 Asia/Bangkok] Paperboard calculation: W=787.40, L=1092.20, GSM=350
[11-Nov-2025 10:48:10 Asia/Bangkok] Area: 0.85999828 m², kg/sheet: 0.300999398, sheets/kg: 3.3222657807442
[11-Nov-2025 10:48:10 Asia/Bangkok] Returning KG→SHEET: 3.3222657807442
[11-Nov-2025 10:48:10 Asia/Bangkok] Conversion result: 500 × 3.3222657807442 = 1661.1328903721
[11-Nov-2025 10:50:36 Asia/Bangkok] PO Items count: 1
[11-Nov-2025 10:50:36 Asia/Bangkok] Item 0: quantity=500.0000, received=.0000, pending=.0000, unit_id=1
[11-Nov-2025 10:50:37 Asia/Bangkok] calculate_conversion: product=5663, from=1, to=4, qty=500
[11-Nov-2025 10:50:37 Asia/Bangkok] getConversionFactor called: product=5663, from=1, to=4
[11-Nov-2025 10:50:37 Asia/Bangkok] Unit codes: from=KG, to=SHEET
[11-Nov-2025 10:50:37 Asia/Bangkok] Paperboard calculation: W=595.00, L=840.00, GSM=350
[11-Nov-2025 10:50:37 Asia/Bangkok] Area: 0.4998 m², kg/sheet: 0.17493, sheets/kg: 5.716572343223
[11-Nov-2025 10:50:37 Asia/Bangkok] Returning KG→SHEET: 5.716572343223
[11-Nov-2025 10:50:37 Asia/Bangkok] Conversion result: 500 × 5.716572343223 = 2858.2861716115
[11-Nov-2025 10:51:00 Asia/Bangkok] calculate_conversion: product=5663, from=1, to=4, qty=500
[11-Nov-2025 10:51:00 Asia/Bangkok] getConversionFactor called: product=5663, from=1, to=4
[11-Nov-2025 10:51:00 Asia/Bangkok] Unit codes: from=KG, to=SHEET
[11-Nov-2025 10:51:00 Asia/Bangkok] Paperboard calculation: W=595.00, L=840.00, GSM=350
[11-Nov-2025 10:51:00 Asia/Bangkok] Area: 0.4998 m², kg/sheet: 0.17493, sheets/kg: 5.716572343223
[11-Nov-2025 10:51:00 Asia/Bangkok] Returning KG→SHEET: 5.716572343223
[11-Nov-2025 10:51:00 Asia/Bangkok] Conversion result: 500 × 5.716572343223 = 2858.2861716115
[11-Nov-2025 10:51:00 Asia/Bangkok] calculate_conversion: product=5663, from=4, to=1, qty=2858.2862
[11-Nov-2025 10:51:00 Asia/Bangkok] getConversionFactor called: product=5663, from=4, to=1
[11-Nov-2025 10:51:00 Asia/Bangkok] Unit codes: from=SHEET, to=KG
[11-Nov-2025 10:51:00 Asia/Bangkok] Paperboard calculation: W=595.00, L=840.00, GSM=350
[11-Nov-2025 10:51:00 Asia/Bangkok] Area: 0.4998 m², kg/sheet: 0.17493, sheets/kg: 5.716572343223
[11-Nov-2025 10:51:00 Asia/Bangkok] Returning SHEET→KG: 0.17493
[11-Nov-2025 10:51:00 Asia/Bangkok] Conversion result: 2858.2862 × 0.17493 = 500.000004966
[11-Nov-2025 10:51:06 Asia/Bangkok] AJAX Error: Cannot access offset of type string on string
[11-Nov-2025 11:24:45 Asia/Bangkok] Received POST data: Array
(
    [action] => save_receipt_enhanced
    [po_data] => {"po_id":"1046","po_number":"test-11-11","po_date":"2025-11-11","total_amount":"5000.00","delivery_date":null,"notes":"","supplier_id":"9","supplier_name":"\"Hansol Paper Co.,Ltd.\"","warehouse_id":"1"}
    [items_data] => [{"po_item_id":"1051","product_id":"5663","recv_qty":2858.2862,"recv_uom_id":4,"lots":[{"location_id":"196","lot":"test-1234","qty":2858.2862,"pallet":0,"mfg":null,"exp":null,"condition":"ปกติ","note":""}]}]
    [receipt_date] => 2025-11-11
    [invoice_no] => test-1234
    [notes] => 
)

[11-Nov-2025 11:24:45 Asia/Bangkok] Raw input: action=save_receipt_enhanced&po_data=%7B%22po_id%22%3A%221046%22%2C%22po_number%22%3A%22test-11-11%22%2C%22po_date%22%3A%222025-11-11%22%2C%22total_amount%22%3A%225000.00%22%2C%22delivery_date%22%3Anull%2C%22notes%22%3A%22%22%2C%22supplier_id%22%3A%229%22%2C%22supplier_name%22%3A%22%5C%22Hansol+Paper+Co.%2CLtd.%5C%22%22%2C%22warehouse_id%22%3A%221%22%7D&items_data=%5B%7B%22po_item_id%22%3A%221051%22%2C%22product_id%22%3A%225663%22%2C%22recv_qty%22%3A2858.2862%2C%22recv_uom_id%22%3A4%2C%22lots%22%3A%5B%7B%22location_id%22%3A%22196%22%2C%22lot%22%3A%22test-1234%22%2C%22qty%22%3A2858.2862%2C%22pallet%22%3A0%2C%22mfg%22%3Anull%2C%22exp%22%3Anull%2C%22condition%22%3A%22%E0%B8%9B%E0%B8%81%E0%B8%95%E0%B8%B4%22%2C%22note%22%3A%22%22%7D%5D%7D%5D&receipt_date=2025-11-11&invoice_no=test-1234&notes=
[11-Nov-2025 11:24:45 Asia/Bangkok] Error in save_receipt_enhanced case: Invalid JSON: Syntax error
[11-Nov-2025 11:24:45 Asia/Bangkok] Stack trace: #0 {main}
[11-Nov-2025 11:24:47 Asia/Bangkok] Received POST data: Array
(
    [action] => save_receipt_enhanced
    [po_data] => {"po_id":"1046","po_number":"test-11-11","po_date":"2025-11-11","total_amount":"5000.00","delivery_date":null,"notes":"","supplier_id":"9","supplier_name":"\"Hansol Paper Co.,Ltd.\"","warehouse_id":"1"}
    [items_data] => [{"po_item_id":"1051","product_id":"5663","recv_qty":2858.2862,"recv_uom_id":4,"lots":[{"location_id":"196","lot":"test-1234","qty":2858.2862,"pallet":0,"mfg":null,"exp":null,"condition":"ปกติ","note":""}]}]
    [receipt_date] => 2025-11-11
    [invoice_no] => test-1234
    [notes] => 
)

[11-Nov-2025 11:24:47 Asia/Bangkok] Raw input: action=save_receipt_enhanced&po_data=%7B%22po_id%22%3A%221046%22%2C%22po_number%22%3A%22test-11-11%22%2C%22po_date%22%3A%222025-11-11%22%2C%22total_amount%22%3A%225000.00%22%2C%22delivery_date%22%3Anull%2C%22notes%22%3A%22%22%2C%22supplier_id%22%3A%229%22%2C%22supplier_name%22%3A%22%5C%22Hansol+Paper+Co.%2CLtd.%5C%22%22%2C%22warehouse_id%22%3A%221%22%7D&items_data=%5B%7B%22po_item_id%22%3A%221051%22%2C%22product_id%22%3A%225663%22%2C%22recv_qty%22%3A2858.2862%2C%22recv_uom_id%22%3A4%2C%22lots%22%3A%5B%7B%22location_id%22%3A%22196%22%2C%22lot%22%3A%22test-1234%22%2C%22qty%22%3A2858.2862%2C%22pallet%22%3A0%2C%22mfg%22%3Anull%2C%22exp%22%3Anull%2C%22condition%22%3A%22%E0%B8%9B%E0%B8%81%E0%B8%95%E0%B8%B4%22%2C%22note%22%3A%22%22%7D%5D%7D%5D&receipt_date=2025-11-11&invoice_no=test-1234&notes=
[11-Nov-2025 11:24:47 Asia/Bangkok] Error in save_receipt_enhanced case: Invalid JSON: Syntax error
[11-Nov-2025 11:24:47 Asia/Bangkok] Stack trace: #0 {main}
[11-Nov-2025 11:24:49 Asia/Bangkok] Received POST data: Array
(
    [action] => save_receipt_enhanced
    [po_data] => {"po_id":"1046","po_number":"test-11-11","po_date":"2025-11-11","total_amount":"5000.00","delivery_date":null,"notes":"","supplier_id":"9","supplier_name":"\"Hansol Paper Co.,Ltd.\"","warehouse_id":"1"}
    [items_data] => [{"po_item_id":"1051","product_id":"5663","recv_qty":2858.2862,"recv_uom_id":4,"lots":[{"location_id":"196","lot":"test-1234","qty":2858.2862,"pallet":0,"mfg":null,"exp":null,"condition":"ปกติ","note":""}]}]
    [receipt_date] => 2025-11-11
    [invoice_no] => test-1234
    [notes] => 
)

[11-Nov-2025 11:24:49 Asia/Bangkok] Raw input: action=save_receipt_enhanced&po_data=%7B%22po_id%22%3A%221046%22%2C%22po_number%22%3A%22test-11-11%22%2C%22po_date%22%3A%222025-11-11%22%2C%22total_amount%22%3A%225000.00%22%2C%22delivery_date%22%3Anull%2C%22notes%22%3A%22%22%2C%22supplier_id%22%3A%229%22%2C%22supplier_name%22%3A%22%5C%22Hansol+Paper+Co.%2CLtd.%5C%22%22%2C%22warehouse_id%22%3A%221%22%7D&items_data=%5B%7B%22po_item_id%22%3A%221051%22%2C%22product_id%22%3A%225663%22%2C%22recv_qty%22%3A2858.2862%2C%22recv_uom_id%22%3A4%2C%22lots%22%3A%5B%7B%22location_id%22%3A%22196%22%2C%22lot%22%3A%22test-1234%22%2C%22qty%22%3A2858.2862%2C%22pallet%22%3A0%2C%22mfg%22%3Anull%2C%22exp%22%3Anull%2C%22condition%22%3A%22%E0%B8%9B%E0%B8%81%E0%B8%95%E0%B8%B4%22%2C%22note%22%3A%22%22%7D%5D%7D%5D&receipt_date=2025-11-11&invoice_no=test-1234&notes=
[11-Nov-2025 11:24:49 Asia/Bangkok] Error in save_receipt_enhanced case: Invalid JSON: Syntax error
[11-Nov-2025 11:24:49 Asia/Bangkok] Stack trace: #0 {main}
[11-Nov-2025 11:24:59 Asia/Bangkok] PO Items count: 1
[11-Nov-2025 11:24:59 Asia/Bangkok] Item 0: quantity=500.0000, received=.0000, pending=.0000, unit_id=1
[11-Nov-2025 11:24:59 Asia/Bangkok] calculate_conversion: product=5663, from=1, to=4, qty=500
[11-Nov-2025 11:24:59 Asia/Bangkok] getConversionFactor called: product=5663, from=1, to=4
[11-Nov-2025 11:24:59 Asia/Bangkok] Unit codes: from=KG, to=SHEET
[11-Nov-2025 11:24:59 Asia/Bangkok] Paperboard calculation: W=595.00, L=840.00, GSM=350
[11-Nov-2025 11:24:59 Asia/Bangkok] Area: 0.4998 m², kg/sheet: 0.17493, sheets/kg: 5.716572343223
[11-Nov-2025 11:24:59 Asia/Bangkok] Returning KG→SHEET: 5.716572343223
[11-Nov-2025 11:24:59 Asia/Bangkok] Conversion result: 500 × 5.716572343223 = 2858.2861716115
[11-Nov-2025 11:25:19 Asia/Bangkok] calculate_conversion: product=5663, from=1, to=4, qty=500
[11-Nov-2025 11:25:19 Asia/Bangkok] getConversionFactor called: product=5663, from=1, to=4
[11-Nov-2025 11:25:19 Asia/Bangkok] Unit codes: from=KG, to=SHEET
[11-Nov-2025 11:25:19 Asia/Bangkok] Paperboard calculation: W=595.00, L=840.00, GSM=350
[11-Nov-2025 11:25:19 Asia/Bangkok] Area: 0.4998 m², kg/sheet: 0.17493, sheets/kg: 5.716572343223
[11-Nov-2025 11:25:19 Asia/Bangkok] Returning KG→SHEET: 5.716572343223
[11-Nov-2025 11:25:19 Asia/Bangkok] Conversion result: 500 × 5.716572343223 = 2858.2861716115
[11-Nov-2025 11:25:19 Asia/Bangkok] calculate_conversion: product=5663, from=4, to=1, qty=2858.2862
[11-Nov-2025 11:25:19 Asia/Bangkok] getConversionFactor called: product=5663, from=4, to=1
[11-Nov-2025 11:25:19 Asia/Bangkok] Unit codes: from=SHEET, to=KG
[11-Nov-2025 11:25:19 Asia/Bangkok] Paperboard calculation: W=595.00, L=840.00, GSM=350
[11-Nov-2025 11:25:19 Asia/Bangkok] Area: 0.4998 m², kg/sheet: 0.17493, sheets/kg: 5.716572343223
[11-Nov-2025 11:25:19 Asia/Bangkok] Returning SHEET→KG: 0.17493
[11-Nov-2025 11:25:19 Asia/Bangkok] Conversion result: 2858.2862 × 0.17493 = 500.000004966
[11-Nov-2025 11:25:30 Asia/Bangkok] Received POST data: Array
(
    [action] => save_receipt_enhanced
    [po_data] => {"po_id":"1046","po_number":"test-11-11","po_date":"2025-11-11","total_amount":"5000.00","delivery_date":null,"notes":"","supplier_id":"9","supplier_name":"\"Hansol Paper Co.,Ltd.\"","warehouse_id":"1"}
    [items_data] => [{"po_item_id":"1051","product_id":"5663","recv_qty":2858.2862,"recv_uom_id":4,"lots":[{"location_id":"86","lot":"test-11-11","qty":2858.2862,"pallet":1,"mfg":"2025-11-11","exp":"2025-11-11","condition":"ปกติ","note":""}]}]
    [receipt_date] => 2025-11-11
    [invoice_no] => test-11-11
    [notes] => 
)

[11-Nov-2025 11:25:30 Asia/Bangkok] Raw input: action=save_receipt_enhanced&po_data=%7B%22po_id%22%3A%221046%22%2C%22po_number%22%3A%22test-11-11%22%2C%22po_date%22%3A%222025-11-11%22%2C%22total_amount%22%3A%225000.00%22%2C%22delivery_date%22%3Anull%2C%22notes%22%3A%22%22%2C%22supplier_id%22%3A%229%22%2C%22supplier_name%22%3A%22%5C%22Hansol+Paper+Co.%2CLtd.%5C%22%22%2C%22warehouse_id%22%3A%221%22%7D&items_data=%5B%7B%22po_item_id%22%3A%221051%22%2C%22product_id%22%3A%225663%22%2C%22recv_qty%22%3A2858.2862%2C%22recv_uom_id%22%3A4%2C%22lots%22%3A%5B%7B%22location_id%22%3A%2286%22%2C%22lot%22%3A%22test-11-11%22%2C%22qty%22%3A2858.2862%2C%22pallet%22%3A1%2C%22mfg%22%3A%222025-11-11%22%2C%22exp%22%3A%222025-11-11%22%2C%22condition%22%3A%22%E0%B8%9B%E0%B8%81%E0%B8%95%E0%B8%B4%22%2C%22note%22%3A%22%22%7D%5D%7D%5D&receipt_date=2025-11-11&invoice_no=test-11-11&notes=
[11-Nov-2025 11:25:30 Asia/Bangkok] Error in save_receipt_enhanced case: Invalid JSON: Syntax error
[11-Nov-2025 11:25:30 Asia/Bangkok] Stack trace: #0 {main}
[11-Nov-2025 11:39:50 Asia/Bangkok] Received POST data: Array
(
    [action] => save_receipt_enhanced
    [po_data] => {"po_id":"1046","po_number":"test-11-11","po_date":"2025-11-11","total_amount":"5000.00","delivery_date":null,"notes":"","supplier_id":"9","supplier_name":"\"Hansol Paper Co.,Ltd.\"","warehouse_id":"1"}
    [items_data] => [{"po_item_id":"1051","product_id":"5663","recv_qty":2858.2862,"recv_uom_id":4,"lots":[{"location_id":"86","lot":"test-11-11","qty":2858.2862,"pallet":1,"mfg":"2025-11-11","exp":"2025-11-11","condition":"ปกติ","note":""}]}]
    [receipt_date] => 2025-11-11
    [invoice_no] => test-11-11
    [notes] => 
)

[11-Nov-2025 11:39:50 Asia/Bangkok] Raw input: action=save_receipt_enhanced&po_data=%7B%22po_id%22%3A%221046%22%2C%22po_number%22%3A%22test-11-11%22%2C%22po_date%22%3A%222025-11-11%22%2C%22total_amount%22%3A%225000.00%22%2C%22delivery_date%22%3Anull%2C%22notes%22%3A%22%22%2C%22supplier_id%22%3A%229%22%2C%22supplier_name%22%3A%22%5C%22Hansol+Paper+Co.%2CLtd.%5C%22%22%2C%22warehouse_id%22%3A%221%22%7D&items_data=%5B%7B%22po_item_id%22%3A%221051%22%2C%22product_id%22%3A%225663%22%2C%22recv_qty%22%3A2858.2862%2C%22recv_uom_id%22%3A4%2C%22lots%22%3A%5B%7B%22location_id%22%3A%2286%22%2C%22lot%22%3A%22test-11-11%22%2C%22qty%22%3A2858.2862%2C%22pallet%22%3A1%2C%22mfg%22%3A%222025-11-11%22%2C%22exp%22%3A%222025-11-11%22%2C%22condition%22%3A%22%E0%B8%9B%E0%B8%81%E0%B8%95%E0%B8%B4%22%2C%22note%22%3A%22%22%7D%5D%7D%5D&receipt_date=2025-11-11&invoice_no=test-11-11&notes=
[11-Nov-2025 11:39:50 Asia/Bangkok] Error in save_receipt_enhanced case: Invalid JSON: Syntax error
[11-Nov-2025 11:39:50 Asia/Bangkok] Stack trace: #0 {main}
[11-Nov-2025 11:39:52 Asia/Bangkok] Received POST data: Array
(
    [action] => save_receipt_enhanced
    [po_data] => {"po_id":"1046","po_number":"test-11-11","po_date":"2025-11-11","total_amount":"5000.00","delivery_date":null,"notes":"","supplier_id":"9","supplier_name":"\"Hansol Paper Co.,Ltd.\"","warehouse_id":"1"}
    [items_data] => [{"po_item_id":"1051","product_id":"5663","recv_qty":2858.2862,"recv_uom_id":4,"lots":[{"location_id":"86","lot":"test-11-11","qty":2858.2862,"pallet":1,"mfg":"2025-11-11","exp":"2025-11-11","condition":"ปกติ","note":""}]}]
    [receipt_date] => 2025-11-11
    [invoice_no] => test-11-11
    [notes] => 
)

[11-Nov-2025 11:39:52 Asia/Bangkok] Raw input: action=save_receipt_enhanced&po_data=%7B%22po_id%22%3A%221046%22%2C%22po_number%22%3A%22test-11-11%22%2C%22po_date%22%3A%222025-11-11%22%2C%22total_amount%22%3A%225000.00%22%2C%22delivery_date%22%3Anull%2C%22notes%22%3A%22%22%2C%22supplier_id%22%3A%229%22%2C%22supplier_name%22%3A%22%5C%22Hansol+Paper+Co.%2CLtd.%5C%22%22%2C%22warehouse_id%22%3A%221%22%7D&items_data=%5B%7B%22po_item_id%22%3A%221051%22%2C%22product_id%22%3A%225663%22%2C%22recv_qty%22%3A2858.2862%2C%22recv_uom_id%22%3A4%2C%22lots%22%3A%5B%7B%22location_id%22%3A%2286%22%2C%22lot%22%3A%22test-11-11%22%2C%22qty%22%3A2858.2862%2C%22pallet%22%3A1%2C%22mfg%22%3A%222025-11-11%22%2C%22exp%22%3A%222025-11-11%22%2C%22condition%22%3A%22%E0%B8%9B%E0%B8%81%E0%B8%95%E0%B8%B4%22%2C%22note%22%3A%22%22%7D%5D%7D%5D&receipt_date=2025-11-11&invoice_no=test-11-11&notes=
[11-Nov-2025 11:39:52 Asia/Bangkok] Error in save_receipt_enhanced case: Invalid JSON: Syntax error
[11-Nov-2025 11:39:52 Asia/Bangkok] Stack trace: #0 {main}
[11-Nov-2025 11:39:55 Asia/Bangkok] Received POST data: Array
(
    [action] => save_receipt_enhanced
    [po_data] => {"po_id":"1046","po_number":"test-11-11","po_date":"2025-11-11","total_amount":"5000.00","delivery_date":null,"notes":"","supplier_id":"9","supplier_name":"\"Hansol Paper Co.,Ltd.\"","warehouse_id":"1"}
    [items_data] => [{"po_item_id":"1051","product_id":"5663","recv_qty":2858.2862,"recv_uom_id":4,"lots":[{"location_id":"86","lot":"test-11-11","qty":2858.2862,"pallet":1,"mfg":"2025-11-11","exp":"2025-11-11","condition":"ปกติ","note":""}]}]
    [receipt_date] => 2025-11-11
    [invoice_no] => test-11-11
    [notes] => 
)

[11-Nov-2025 11:39:55 Asia/Bangkok] Raw input: action=save_receipt_enhanced&po_data=%7B%22po_id%22%3A%221046%22%2C%22po_number%22%3A%22test-11-11%22%2C%22po_date%22%3A%222025-11-11%22%2C%22total_amount%22%3A%225000.00%22%2C%22delivery_date%22%3Anull%2C%22notes%22%3A%22%22%2C%22supplier_id%22%3A%229%22%2C%22supplier_name%22%3A%22%5C%22Hansol+Paper+Co.%2CLtd.%5C%22%22%2C%22warehouse_id%22%3A%221%22%7D&items_data=%5B%7B%22po_item_id%22%3A%221051%22%2C%22product_id%22%3A%225663%22%2C%22recv_qty%22%3A2858.2862%2C%22recv_uom_id%22%3A4%2C%22lots%22%3A%5B%7B%22location_id%22%3A%2286%22%2C%22lot%22%3A%22test-11-11%22%2C%22qty%22%3A2858.2862%2C%22pallet%22%3A1%2C%22mfg%22%3A%222025-11-11%22%2C%22exp%22%3A%222025-11-11%22%2C%22condition%22%3A%22%E0%B8%9B%E0%B8%81%E0%B8%95%E0%B8%B4%22%2C%22note%22%3A%22%22%7D%5D%7D%5D&receipt_date=2025-11-11&invoice_no=test-11-11&notes=
[11-Nov-2025 11:39:55 Asia/Bangkok] Error in save_receipt_enhanced case: Invalid JSON: Syntax error
[11-Nov-2025 11:39:55 Asia/Bangkok] Stack trace: #0 {main}
[11-Nov-2025 11:40:00 Asia/Bangkok] PO Items count: 1
[11-Nov-2025 11:40:00 Asia/Bangkok] Item 0: quantity=500.0000, received=.0000, pending=.0000, unit_id=1
[11-Nov-2025 11:40:00 Asia/Bangkok] calculate_conversion: product=5663, from=1, to=4, qty=500
[11-Nov-2025 11:40:00 Asia/Bangkok] getConversionFactor called: product=5663, from=1, to=4
[11-Nov-2025 11:40:00 Asia/Bangkok] Unit codes: from=KG, to=SHEET
[11-Nov-2025 11:40:00 Asia/Bangkok] Paperboard calculation: W=595.00, L=840.00, GSM=350
[11-Nov-2025 11:40:00 Asia/Bangkok] Area: 0.4998 m², kg/sheet: 0.17493, sheets/kg: 5.716572343223
[11-Nov-2025 11:40:00 Asia/Bangkok] Returning KG→SHEET: 5.716572343223
[11-Nov-2025 11:40:00 Asia/Bangkok] Conversion result: 500 × 5.716572343223 = 2858.2861716115
[11-Nov-2025 11:40:07 Asia/Bangkok] calculate_conversion: product=5663, from=1, to=4, qty=500
[11-Nov-2025 11:40:07 Asia/Bangkok] getConversionFactor called: product=5663, from=1, to=4
[11-Nov-2025 11:40:07 Asia/Bangkok] Unit codes: from=KG, to=SHEET
[11-Nov-2025 11:40:07 Asia/Bangkok] Paperboard calculation: W=595.00, L=840.00, GSM=350
[11-Nov-2025 11:40:07 Asia/Bangkok] Area: 0.4998 m², kg/sheet: 0.17493, sheets/kg: 5.716572343223
[11-Nov-2025 11:40:07 Asia/Bangkok] Returning KG→SHEET: 5.716572343223
[11-Nov-2025 11:40:07 Asia/Bangkok] Conversion result: 500 × 5.716572343223 = 2858.2861716115
[11-Nov-2025 11:40:08 Asia/Bangkok] calculate_conversion: product=5663, from=4, to=1, qty=2858.2862
[11-Nov-2025 11:40:08 Asia/Bangkok] getConversionFactor called: product=5663, from=4, to=1
[11-Nov-2025 11:40:08 Asia/Bangkok] Unit codes: from=SHEET, to=KG
[11-Nov-2025 11:40:08 Asia/Bangkok] Paperboard calculation: W=595.00, L=840.00, GSM=350
[11-Nov-2025 11:40:08 Asia/Bangkok] Area: 0.4998 m², kg/sheet: 0.17493, sheets/kg: 5.716572343223
[11-Nov-2025 11:40:08 Asia/Bangkok] Returning SHEET→KG: 0.17493
[11-Nov-2025 11:40:08 Asia/Bangkok] Conversion result: 2858.2862 × 0.17493 = 500.000004966
[11-Nov-2025 11:40:29 Asia/Bangkok] Received POST data: Array
(
)

[11-Nov-2025 11:40:29 Asia/Bangkok] Raw input: {"po_data":{"po_id":"1046","po_number":"test-11-11","po_date":"2025-11-11","total_amount":"5000.00","delivery_date":null,"notes":"","supplier_id":"9","supplier_name":"\"Hansol Paper Co.,Ltd.\"","warehouse_id":"1","receipt_date":"2025-11-11","invoice_no":"test-11-11","received_by":"admin"},"items_data":[{"po_item_id":"1051","product_id":"5663","ordered_qty":2858.2862,"receive_qty":2858.2862,"unit_id":4,"unit_price":0,"total_price":0,"lot_number":"test-11-11","mfg_date":"2025-11-11","exp_date":"2025-11-11","locations":[{"location_id":"19","quantity":2858.2862,"lot_number":"test-11-11","mfg_date":"2025-11-11","exp_date":"2025-11-11","pallet_count":5,"condition":"ปกติ","note":""}]}]}
[11-Nov-2025 11:40:29 Asia/Bangkok] Decoded data: Array
(
    [po_data] => Array
        (
            [po_id] => 1046
            [po_number] => test-11-11
            [po_date] => 2025-11-11
            [total_amount] => 5000.00
            [delivery_date] => 
            [notes] => 
            [supplier_id] => 9
            [supplier_name] => "Hansol Paper Co.,Ltd."
            [warehouse_id] => 1
            [receipt_date] => 2025-11-11
            [invoice_no] => test-11-11
            [received_by] => admin
        )

    [items_data] => Array
        (
            [0] => Array
                (
                    [po_item_id] => 1051
                    [product_id] => 5663
                    [ordered_qty] => 2858.2862
                    [receive_qty] => 2858.2862
                    [unit_id] => 4
                    [unit_price] => 0
                    [total_price] => 0
                    [lot_number] => test-11-11
                    [mfg_date] => 2025-11-11
                    [exp_date] => 2025-11-11
                    [locations] => Array
                        (
                            [0] => Array
                                (
                                    [location_id] => 19
                                    [quantity] => 2858.2862
                                    [lot_number] => test-11-11
                                    [mfg_date] => 2025-11-11
                                    [exp_date] => 2025-11-11
                                    [pallet_count] => 5
                                    [condition] => ปกติ
                                    [note] => 
                                )

                        )

                )

        )

)

[11-Nov-2025 11:40:29 Asia/Bangkok] Starting saveReceiptEnhanced
[11-Nov-2025 11:40:29 Asia/Bangkok] Transaction started
[11-Nov-2025 11:40:29 Asia/Bangkok] PO Data: Array
(
    [po_id] => 1046
    [po_number] => test-11-11
    [po_date] => 2025-11-11
    [total_amount] => 5000.00
    [delivery_date] => 
    [notes] => 
    [supplier_id] => 9
    [supplier_name] => "Hansol Paper Co.,Ltd."
    [warehouse_id] => 1
    [receipt_date] => 2025-11-11
    [invoice_no] => test-11-11
    [received_by] => admin
)

[11-Nov-2025 11:40:29 Asia/Bangkok] Items: Array
(
    [0] => Array
        (
            [po_item_id] => 1051
            [product_id] => 5663
            [ordered_qty] => 2858.2862
            [receive_qty] => 2858.2862
            [unit_id] => 4
            [unit_price] => 0
            [total_price] => 0
            [lot_number] => test-11-11
            [mfg_date] => 2025-11-11
            [exp_date] => 2025-11-11
            [locations] => Array
                (
                    [0] => Array
                        (
                            [location_id] => 19
                            [quantity] => 2858.2862
                            [lot_number] => test-11-11
                            [mfg_date] => 2025-11-11
                            [exp_date] => 2025-11-11
                            [pallet_count] => 5
                            [condition] => ปกติ
                            [note] => 
                        )

                )

        )

)

[11-Nov-2025 11:40:29 Asia/Bangkok] Generated GR Number: GR202511110001
[11-Nov-2025 11:40:29 Asia/Bangkok] SQL: INSERT INTO Goods_Receipt (
                    GR_Number, PO_Number, Supplier_ID, Warehouse_ID,
                    Receipt_Date, Received_By, Total_Amount, Status,
                    Created_At, Created_By
                ) VALUES (?, ?, ?, ?, ?, ?, ?, 'Completed', GETDATE(), ?)
[11-Nov-2025 11:40:29 Asia/Bangkok] Insert params: Array
(
    [0] => GR202511110001
    [1] => test-11-11
    [2] => 9
    [3] => 1
    [4] => 2025-11-11
    [5] => admin
    [6] => 5000.00
    [7] => admin
)

[11-Nov-2025 11:40:29 Asia/Bangkok] Transaction rolled back
[11-Nov-2025 11:40:29 Asia/Bangkok] Error in saveReceiptEnhanced: SQLSTATE[42S22]: [Microsoft][ODBC Driver 17 for SQL Server][SQL Server]Invalid column name 'PO_Number'.
[11-Nov-2025 11:40:29 Asia/Bangkok] Stack trace: #0 C:\xampp\htdocs\PD\production\pages\po\receiving_po.php(775): PDOStatement->execute(Array)
#1 C:\xampp\htdocs\PD\production\pages\po\receiving_po.php(249): saveReceiptEnhanced(Array)
#2 {main}
[11-Nov-2025 11:40:29 Asia/Bangkok] Save result: Array
(
    [success] => 
    [message] => เกิดข้อผิดพลาด: SQLSTATE[42S22]: [Microsoft][ODBC Driver 17 for SQL Server][SQL Server]Invalid column name 'PO_Number'.
    [error_detail] => SQLSTATE[42S22]: [Microsoft][ODBC Driver 17 for SQL Server][SQL Server]Invalid column name 'PO_Number'.
)

[11-Nov-2025 13:26:46 Asia/Bangkok] Received POST data: Array
(
)

[11-Nov-2025 13:26:46 Asia/Bangkok] Raw input: {"po_data":{"po_id":"1046","po_number":"test-11-11","po_date":"2025-11-11","total_amount":"5000.00","delivery_date":null,"notes":"","supplier_id":"9","supplier_name":"\"Hansol Paper Co.,Ltd.\"","warehouse_id":"1","receipt_date":"2025-11-11","invoice_no":"test-11-11","received_by":"admin"},"items_data":[{"po_item_id":"1051","product_id":"5663","ordered_qty":2858.2862,"receive_qty":2858.2862,"unit_id":4,"unit_price":0,"total_price":0,"lot_number":"test-11-11","mfg_date":"2025-11-11","exp_date":"2025-11-11","locations":[{"location_id":"19","quantity":2858.2862,"lot_number":"test-11-11","mfg_date":"2025-11-11","exp_date":"2025-11-11","pallet_count":5,"condition":"ปกติ","note":""}]}]}
[11-Nov-2025 13:26:46 Asia/Bangkok] Decoded data: Array
(
    [po_data] => Array
        (
            [po_id] => 1046
            [po_number] => test-11-11
            [po_date] => 2025-11-11
            [total_amount] => 5000.00
            [delivery_date] => 
            [notes] => 
            [supplier_id] => 9
            [supplier_name] => "Hansol Paper Co.,Ltd."
            [warehouse_id] => 1
            [receipt_date] => 2025-11-11
            [invoice_no] => test-11-11
            [received_by] => admin
        )

    [items_data] => Array
        (
            [0] => Array
                (
                    [po_item_id] => 1051
                    [product_id] => 5663
                    [ordered_qty] => 2858.2862
                    [receive_qty] => 2858.2862
                    [unit_id] => 4
                    [unit_price] => 0
                    [total_price] => 0
                    [lot_number] => test-11-11
                    [mfg_date] => 2025-11-11
                    [exp_date] => 2025-11-11
                    [locations] => Array
                        (
                            [0] => Array
                                (
                                    [location_id] => 19
                                    [quantity] => 2858.2862
                                    [lot_number] => test-11-11
                                    [mfg_date] => 2025-11-11
                                    [exp_date] => 2025-11-11
                                    [pallet_count] => 5
                                    [condition] => ปกติ
                                    [note] => 
                                )

                        )

                )

        )

)

[11-Nov-2025 13:26:46 Asia/Bangkok] Starting saveReceiptEnhanced
[11-Nov-2025 13:26:46 Asia/Bangkok] Transaction started
[11-Nov-2025 13:26:46 Asia/Bangkok] PO Data: Array
(
    [po_id] => 1046
    [po_number] => test-11-11
    [po_date] => 2025-11-11
    [total_amount] => 5000.00
    [delivery_date] => 
    [notes] => 
    [supplier_id] => 9
    [supplier_name] => "Hansol Paper Co.,Ltd."
    [warehouse_id] => 1
    [receipt_date] => 2025-11-11
    [invoice_no] => test-11-11
    [received_by] => admin
)

[11-Nov-2025 13:26:46 Asia/Bangkok] Items: Array
(
    [0] => Array
        (
            [po_item_id] => 1051
            [product_id] => 5663
            [ordered_qty] => 2858.2862
            [receive_qty] => 2858.2862
            [unit_id] => 4
            [unit_price] => 0
            [total_price] => 0
            [lot_number] => test-11-11
            [mfg_date] => 2025-11-11
            [exp_date] => 2025-11-11
            [locations] => Array
                (
                    [0] => Array
                        (
                            [location_id] => 19
                            [quantity] => 2858.2862
                            [lot_number] => test-11-11
                            [mfg_date] => 2025-11-11
                            [exp_date] => 2025-11-11
                            [pallet_count] => 5
                            [condition] => ปกติ
                            [note] => 
                        )

                )

        )

)

[11-Nov-2025 13:26:46 Asia/Bangkok] Generated GR Number: GR202511110001
[11-Nov-2025 13:26:46 Asia/Bangkok] SQL: INSERT INTO Goods_Receipt (
                    GR_Number, PO_Number, Supplier_ID, Warehouse_ID,
                    Receipt_Date, Received_By, Total_Amount, Status,
                    Created_At, Created_By
                ) VALUES (?, ?, ?, ?, ?, ?, ?, 'Completed', GETDATE(), ?)
[11-Nov-2025 13:26:46 Asia/Bangkok] Insert params: Array
(
    [0] => GR202511110001
    [1] => test-11-11
    [2] => 9
    [3] => 1
    [4] => 2025-11-11
    [5] => admin
    [6] => 5000.00
    [7] => admin
)

[11-Nov-2025 13:26:46 Asia/Bangkok] Transaction rolled back
[11-Nov-2025 13:26:46 Asia/Bangkok] Error in saveReceiptEnhanced: SQLSTATE[42S22]: [Microsoft][ODBC Driver 17 for SQL Server][SQL Server]Invalid column name 'PO_Number'.
[11-Nov-2025 13:26:46 Asia/Bangkok] Stack trace: #0 C:\xampp\htdocs\PD\production\pages\po\receiving_po.php(775): PDOStatement->execute(Array)
#1 C:\xampp\htdocs\PD\production\pages\po\receiving_po.php(249): saveReceiptEnhanced(Array)
#2 {main}
[11-Nov-2025 13:26:46 Asia/Bangkok] Save result: Array
(
    [success] => 
    [message] => เกิดข้อผิดพลาด: SQLSTATE[42S22]: [Microsoft][ODBC Driver 17 for SQL Server][SQL Server]Invalid column name 'PO_Number'.
    [error_detail] => SQLSTATE[42S22]: [Microsoft][ODBC Driver 17 for SQL Server][SQL Server]Invalid column name 'PO_Number'.
)

[11-Nov-2025 13:29:46 Asia/Bangkok] Received POST data: Array
(
)

[11-Nov-2025 13:29:46 Asia/Bangkok] Raw input: {"po_data":{"po_id":"1046","po_number":"test-11-11","po_date":"2025-11-11","total_amount":"5000.00","delivery_date":null,"notes":"","supplier_id":"9","supplier_name":"\"Hansol Paper Co.,Ltd.\"","warehouse_id":"1","receipt_date":"2025-11-11","invoice_no":"test-11-11","received_by":"admin"},"items_data":[{"po_item_id":"1051","product_id":"5663","ordered_qty":2858.2862,"receive_qty":2858.2862,"unit_id":4,"unit_price":0,"total_price":0,"lot_number":"test-11-11","mfg_date":"2025-11-11","exp_date":"2025-11-11","locations":[{"location_id":"19","quantity":2858.2862,"lot_number":"test-11-11","mfg_date":"2025-11-11","exp_date":"2025-11-11","pallet_count":5,"condition":"ปกติ","note":""}]}]}
[11-Nov-2025 13:29:46 Asia/Bangkok] Decoded data: Array
(
    [po_data] => Array
        (
            [po_id] => 1046
            [po_number] => test-11-11
            [po_date] => 2025-11-11
            [total_amount] => 5000.00
            [delivery_date] => 
            [notes] => 
            [supplier_id] => 9
            [supplier_name] => "Hansol Paper Co.,Ltd."
            [warehouse_id] => 1
            [receipt_date] => 2025-11-11
            [invoice_no] => test-11-11
            [received_by] => admin
        )

    [items_data] => Array
        (
            [0] => Array
                (
                    [po_item_id] => 1051
                    [product_id] => 5663
                    [ordered_qty] => 2858.2862
                    [receive_qty] => 2858.2862
                    [unit_id] => 4
                    [unit_price] => 0
                    [total_price] => 0
                    [lot_number] => test-11-11
                    [mfg_date] => 2025-11-11
                    [exp_date] => 2025-11-11
                    [locations] => Array
                        (
                            [0] => Array
                                (
                                    [location_id] => 19
                                    [quantity] => 2858.2862
                                    [lot_number] => test-11-11
                                    [mfg_date] => 2025-11-11
                                    [exp_date] => 2025-11-11
                                    [pallet_count] => 5
                                    [condition] => ปกติ
                                    [note] => 
                                )

                        )

                )

        )

)

[11-Nov-2025 13:29:46 Asia/Bangkok] Starting saveReceiptEnhanced
[11-Nov-2025 13:29:46 Asia/Bangkok] Transaction started
[11-Nov-2025 13:29:46 Asia/Bangkok] PO Data: Array
(
    [po_id] => 1046
    [po_number] => test-11-11
    [po_date] => 2025-11-11
    [total_amount] => 5000.00
    [delivery_date] => 
    [notes] => 
    [supplier_id] => 9
    [supplier_name] => "Hansol Paper Co.,Ltd."
    [warehouse_id] => 1
    [receipt_date] => 2025-11-11
    [invoice_no] => test-11-11
    [received_by] => admin
)

[11-Nov-2025 13:29:46 Asia/Bangkok] Items: Array
(
    [0] => Array
        (
            [po_item_id] => 1051
            [product_id] => 5663
            [ordered_qty] => 2858.2862
            [receive_qty] => 2858.2862
            [unit_id] => 4
            [unit_price] => 0
            [total_price] => 0
            [lot_number] => test-11-11
            [mfg_date] => 2025-11-11
            [exp_date] => 2025-11-11
            [locations] => Array
                (
                    [0] => Array
                        (
                            [location_id] => 19
                            [quantity] => 2858.2862
                            [lot_number] => test-11-11
                            [mfg_date] => 2025-11-11
                            [exp_date] => 2025-11-11
                            [pallet_count] => 5
                            [condition] => ปกติ
                            [note] => 
                        )

                )

        )

)

[11-Nov-2025 13:29:46 Asia/Bangkok] Resolved PO_ID: 1046
[11-Nov-2025 13:29:46 Asia/Bangkok] Generated GR Number: GR202511110001
[11-Nov-2025 13:29:46 Asia/Bangkok] SQL: INSERT INTO Goods_Receipt (
                    gr_number, po_id, receipt_date, warehouse_id,
                    total_amount, status, received_by, notes,
                    invoice_number, receipt_type, created_date
                ) VALUES (?, ?, ?, ?, ?, 'PENDING', ?, ?, ?, 'PO', GETDATE())
[11-Nov-2025 13:29:46 Asia/Bangkok] Insert params: Array
(
    [0] => GR202511110001
    [1] => 1046
    [2] => 2025-11-11
    [3] => 1
    [4] => 5000.00
    [5] => 1
    [6] => 
    [7] => test-11-11
)

[11-Nov-2025 13:29:46 Asia/Bangkok] GR_ID: 
[11-Nov-2025 13:29:46 Asia/Bangkok] Transaction rolled back
[11-Nov-2025 13:29:46 Asia/Bangkok] Error in saveReceiptEnhanced: Failed to get GR_ID
[11-Nov-2025 13:29:46 Asia/Bangkok] Stack trace: #0 C:\xampp\htdocs\PD\production\pages\po\receiving_po.php(249): saveReceiptEnhanced(Array)
#1 {main}
[11-Nov-2025 13:29:46 Asia/Bangkok] Save result: Array
(
    [success] => 
    [message] => เกิดข้อผิดพลาด: Failed to get GR_ID
    [error_detail] => Failed to get GR_ID
)

[11-Nov-2025 13:33:02 Asia/Bangkok] Received POST data: Array
(
)

[11-Nov-2025 13:33:02 Asia/Bangkok] Raw input: {"po_data":{"po_id":"1046","po_number":"test-11-11","po_date":"2025-11-11","total_amount":"5000.00","delivery_date":null,"notes":"","supplier_id":"9","supplier_name":"\"Hansol Paper Co.,Ltd.\"","warehouse_id":"1","receipt_date":"2025-11-11","invoice_no":"test-11-11","received_by":"admin"},"items_data":[{"po_item_id":"1051","product_id":"5663","ordered_qty":2858.2862,"receive_qty":2858.2862,"unit_id":4,"unit_price":0,"total_price":0,"lot_number":"test-11-11","mfg_date":"2025-11-11","exp_date":"2025-11-11","locations":[{"location_id":"19","quantity":2858.2862,"lot_number":"test-11-11","mfg_date":"2025-11-11","exp_date":"2025-11-11","pallet_count":5,"condition":"ปกติ","note":""}]}]}
[11-Nov-2025 13:33:02 Asia/Bangkok] Decoded data: Array
(
    [po_data] => Array
        (
            [po_id] => 1046
            [po_number] => test-11-11
            [po_date] => 2025-11-11
            [total_amount] => 5000.00
            [delivery_date] => 
            [notes] => 
            [supplier_id] => 9
            [supplier_name] => "Hansol Paper Co.,Ltd."
            [warehouse_id] => 1
            [receipt_date] => 2025-11-11
            [invoice_no] => test-11-11
            [received_by] => admin
        )

    [items_data] => Array
        (
            [0] => Array
                (
                    [po_item_id] => 1051
                    [product_id] => 5663
                    [ordered_qty] => 2858.2862
                    [receive_qty] => 2858.2862
                    [unit_id] => 4
                    [unit_price] => 0
                    [total_price] => 0
                    [lot_number] => test-11-11
                    [mfg_date] => 2025-11-11
                    [exp_date] => 2025-11-11
                    [locations] => Array
                        (
                            [0] => Array
                                (
                                    [location_id] => 19
                                    [quantity] => 2858.2862
                                    [lot_number] => test-11-11
                                    [mfg_date] => 2025-11-11
                                    [exp_date] => 2025-11-11
                                    [pallet_count] => 5
                                    [condition] => ปกติ
                                    [note] => 
                                )

                        )

                )

        )

)

[11-Nov-2025 13:33:02 Asia/Bangkok] Starting saveReceiptEnhanced
[11-Nov-2025 13:33:02 Asia/Bangkok] Transaction started
[11-Nov-2025 13:33:02 Asia/Bangkok] PO Data: Array
(
    [po_id] => 1046
    [po_number] => test-11-11
    [po_date] => 2025-11-11
    [total_amount] => 5000.00
    [delivery_date] => 
    [notes] => 
    [supplier_id] => 9
    [supplier_name] => "Hansol Paper Co.,Ltd."
    [warehouse_id] => 1
    [receipt_date] => 2025-11-11
    [invoice_no] => test-11-11
    [received_by] => admin
)

[11-Nov-2025 13:33:02 Asia/Bangkok] Items: Array
(
    [0] => Array
        (
            [po_item_id] => 1051
            [product_id] => 5663
            [ordered_qty] => 2858.2862
            [receive_qty] => 2858.2862
            [unit_id] => 4
            [unit_price] => 0
            [total_price] => 0
            [lot_number] => test-11-11
            [mfg_date] => 2025-11-11
            [exp_date] => 2025-11-11
            [locations] => Array
                (
                    [0] => Array
                        (
                            [location_id] => 19
                            [quantity] => 2858.2862
                            [lot_number] => test-11-11
                            [mfg_date] => 2025-11-11
                            [exp_date] => 2025-11-11
                            [pallet_count] => 5
                            [condition] => ปกติ
                            [note] => 
                        )

                )

        )

)

[11-Nov-2025 13:33:02 Asia/Bangkok] Resolved PO_ID: 1046
[11-Nov-2025 13:33:02 Asia/Bangkok] Generated GR Number: GR202511110001
[11-Nov-2025 13:33:02 Asia/Bangkok] SQL: INSERT INTO Goods_Receipt (
            gr_number, po_id, receipt_date, warehouse_id,
            total_amount, status, received_by, notes,
            invoice_number, receipt_type, created_date
        ) VALUES (?, ?, ?, ?, ?, 'PENDING', ?, ?, ?, 'PO', GETDATE());
        
        SELECT CAST(SCOPE_IDENTITY() AS INT) as gr_id;
[11-Nov-2025 13:33:02 Asia/Bangkok] Insert params: Array
(
    [0] => GR202511110001
    [1] => 1046
    [2] => 2025-11-11
    [3] => 1
    [4] => 5000.00
    [5] => 1
    [6] => 
    [7] => test-11-11
)

[11-Nov-2025 13:33:02 Asia/Bangkok] Transaction rolled back
[11-Nov-2025 13:33:02 Asia/Bangkok] Error in saveReceiptEnhanced: SQLSTATE[IMSSP]: The active result for the query contains no fields.
[11-Nov-2025 13:33:02 Asia/Bangkok] Stack trace: #0 C:\xampp\htdocs\PD\production\pages\po\receiving_po.php(814): PDOStatement->fetch(2)
#1 C:\xampp\htdocs\PD\production\pages\po\receiving_po.php(249): saveReceiptEnhanced(Array)
#2 {main}
[11-Nov-2025 13:33:02 Asia/Bangkok] Save result: Array
(
    [success] => 
    [message] => เกิดข้อผิดพลาด: SQLSTATE[IMSSP]: The active result for the query contains no fields.
    [error_detail] => SQLSTATE[IMSSP]: The active result for the query contains no fields.
)

[11-Nov-2025 13:34:38 Asia/Bangkok] Received POST data: Array
(
)

[11-Nov-2025 13:34:38 Asia/Bangkok] Raw input: {"po_data":{"po_id":"1046","po_number":"test-11-11","po_date":"2025-11-11","total_amount":"5000.00","delivery_date":null,"notes":"","supplier_id":"9","supplier_name":"\"Hansol Paper Co.,Ltd.\"","warehouse_id":"1","receipt_date":"2025-11-11","invoice_no":"test-11-11","received_by":"admin"},"items_data":[{"po_item_id":"1051","product_id":"5663","ordered_qty":2858.2862,"receive_qty":2858.2862,"unit_id":4,"unit_price":0,"total_price":0,"lot_number":"test-11-11","mfg_date":"2025-11-11","exp_date":"2025-11-11","locations":[{"location_id":"19","quantity":2858.2862,"lot_number":"test-11-11","mfg_date":"2025-11-11","exp_date":"2025-11-11","pallet_count":5,"condition":"ปกติ","note":""}]}]}
[11-Nov-2025 13:34:38 Asia/Bangkok] Decoded data: Array
(
    [po_data] => Array
        (
            [po_id] => 1046
            [po_number] => test-11-11
            [po_date] => 2025-11-11
            [total_amount] => 5000.00
            [delivery_date] => 
            [notes] => 
            [supplier_id] => 9
            [supplier_name] => "Hansol Paper Co.,Ltd."
            [warehouse_id] => 1
            [receipt_date] => 2025-11-11
            [invoice_no] => test-11-11
            [received_by] => admin
        )

    [items_data] => Array
        (
            [0] => Array
                (
                    [po_item_id] => 1051
                    [product_id] => 5663
                    [ordered_qty] => 2858.2862
                    [receive_qty] => 2858.2862
                    [unit_id] => 4
                    [unit_price] => 0
                    [total_price] => 0
                    [lot_number] => test-11-11
                    [mfg_date] => 2025-11-11
                    [exp_date] => 2025-11-11
                    [locations] => Array
                        (
                            [0] => Array
                                (
                                    [location_id] => 19
                                    [quantity] => 2858.2862
                                    [lot_number] => test-11-11
                                    [mfg_date] => 2025-11-11
                                    [exp_date] => 2025-11-11
                                    [pallet_count] => 5
                                    [condition] => ปกติ
                                    [note] => 
                                )

                        )

                )

        )

)

[11-Nov-2025 13:34:38 Asia/Bangkok] Starting saveReceiptEnhanced
[11-Nov-2025 13:34:38 Asia/Bangkok] Transaction started
[11-Nov-2025 13:34:38 Asia/Bangkok] PO Data: Array
(
    [po_id] => 1046
    [po_number] => test-11-11
    [po_date] => 2025-11-11
    [total_amount] => 5000.00
    [delivery_date] => 
    [notes] => 
    [supplier_id] => 9
    [supplier_name] => "Hansol Paper Co.,Ltd."
    [warehouse_id] => 1
    [receipt_date] => 2025-11-11
    [invoice_no] => test-11-11
    [received_by] => admin
)

[11-Nov-2025 13:34:38 Asia/Bangkok] Items: Array
(
    [0] => Array
        (
            [po_item_id] => 1051
            [product_id] => 5663
            [ordered_qty] => 2858.2862
            [receive_qty] => 2858.2862
            [unit_id] => 4
            [unit_price] => 0
            [total_price] => 0
            [lot_number] => test-11-11
            [mfg_date] => 2025-11-11
            [exp_date] => 2025-11-11
            [locations] => Array
                (
                    [0] => Array
                        (
                            [location_id] => 19
                            [quantity] => 2858.2862
                            [lot_number] => test-11-11
                            [mfg_date] => 2025-11-11
                            [exp_date] => 2025-11-11
                            [pallet_count] => 5
                            [condition] => ปกติ
                            [note] => 
                        )

                )

        )

)

[11-Nov-2025 13:34:38 Asia/Bangkok] Resolved PO_ID: 1046
[11-Nov-2025 13:34:38 Asia/Bangkok] Generated GR Number: GR202511110001
[11-Nov-2025 13:34:38 Asia/Bangkok] SQL: INSERT INTO Goods_Receipt (
            gr_number, po_id, receipt_date, warehouse_id,
            total_amount, status, received_by, notes,
            invoice_number, receipt_type, created_date
        ) VALUES (?, ?, ?, ?, ?, 'PENDING', ?, ?, ?, 'PO', GETDATE())
[11-Nov-2025 13:34:38 Asia/Bangkok] Insert params: Array
(
    [0] => GR202511110001
    [1] => 1046
    [2] => 2025-11-11
    [3] => 1
    [4] => 5000.00
    [5] => 1
    [6] => 
    [7] => test-11-11
)

[11-Nov-2025 13:34:38 Asia/Bangkok] GR_ID: 70
[11-Nov-2025 13:34:38 Asia/Bangkok] Processing item 0: Array
(
    [po_item_id] => 1051
    [product_id] => 5663
    [ordered_qty] => 2858.2862
    [receive_qty] => 2858.2862
    [unit_id] => 4
    [unit_price] => 0
    [total_price] => 0
    [lot_number] => test-11-11
    [mfg_date] => 2025-11-11
    [exp_date] => 2025-11-11
    [locations] => Array
        (
            [0] => Array
                (
                    [location_id] => 19
                    [quantity] => 2858.2862
                    [lot_number] => test-11-11
                    [mfg_date] => 2025-11-11
                    [exp_date] => 2025-11-11
                    [pallet_count] => 5
                    [condition] => ปกติ
                    [note] => 
                )

        )

)

[11-Nov-2025 13:34:38 Asia/Bangkok] Item params: Array
(
    [0] => 70
    [1] => 1051
    [2] => 5663
    [3] => 2858.2862
    [4] => 2858.2862
    [5] => 2858.2862
    [6] => 4
    [7] => 4
    [8] => 1
    [9] => 0
    [10] => 0
    [11] => 1
    [12] => 
    [13] => test-11-11
    [14] => 2025-11-11
    [15] => 2025-11-11
)

[11-Nov-2025 13:34:38 Asia/Bangkok] Transaction rolled back
[11-Nov-2025 13:34:38 Asia/Bangkok] Error in saveReceiptEnhanced: SQLSTATE[IMSSP]: The active result for the query contains no fields.
[11-Nov-2025 13:34:38 Asia/Bangkok] Stack trace: #0 C:\xampp\htdocs\PD\production\pages\po\receiving_po.php(872): PDOStatement->fetch(2)
#1 C:\xampp\htdocs\PD\production\pages\po\receiving_po.php(249): saveReceiptEnhanced(Array)
#2 {main}
[11-Nov-2025 13:34:38 Asia/Bangkok] Save result: Array
(
    [success] => 
    [message] => เกิดข้อผิดพลาด: SQLSTATE[IMSSP]: The active result for the query contains no fields.
    [error_detail] => SQLSTATE[IMSSP]: The active result for the query contains no fields.
)

[11-Nov-2025 13:40:03 Asia/Bangkok] Received POST data: Array
(
)

[11-Nov-2025 13:40:03 Asia/Bangkok] Raw input: {"po_data":{"po_id":"1046","po_number":"test-11-11","po_date":"2025-11-11","total_amount":"5000.00","delivery_date":null,"notes":"","supplier_id":"9","supplier_name":"\"Hansol Paper Co.,Ltd.\"","warehouse_id":"1","receipt_date":"2025-11-11","invoice_no":"test-11-11","received_by":"admin"},"items_data":[{"po_item_id":"1051","product_id":"5663","ordered_qty":2858.2862,"receive_qty":2858.2862,"unit_id":4,"unit_price":0,"total_price":0,"lot_number":"test-11-11","mfg_date":"2025-11-11","exp_date":"2025-11-11","locations":[{"location_id":"19","quantity":2858.2862,"lot_number":"test-11-11","mfg_date":"2025-11-11","exp_date":"2025-11-11","pallet_count":5,"condition":"ปกติ","note":""}]}]}
[11-Nov-2025 13:40:03 Asia/Bangkok] Decoded data: Array
(
    [po_data] => Array
        (
            [po_id] => 1046
            [po_number] => test-11-11
            [po_date] => 2025-11-11
            [total_amount] => 5000.00
            [delivery_date] => 
            [notes] => 
            [supplier_id] => 9
            [supplier_name] => "Hansol Paper Co.,Ltd."
            [warehouse_id] => 1
            [receipt_date] => 2025-11-11
            [invoice_no] => test-11-11
            [received_by] => admin
        )

    [items_data] => Array
        (
            [0] => Array
                (
                    [po_item_id] => 1051
                    [product_id] => 5663
                    [ordered_qty] => 2858.2862
                    [receive_qty] => 2858.2862
                    [unit_id] => 4
                    [unit_price] => 0
                    [total_price] => 0
                    [lot_number] => test-11-11
                    [mfg_date] => 2025-11-11
                    [exp_date] => 2025-11-11
                    [locations] => Array
                        (
                            [0] => Array
                                (
                                    [location_id] => 19
                                    [quantity] => 2858.2862
                                    [lot_number] => test-11-11
                                    [mfg_date] => 2025-11-11
                                    [exp_date] => 2025-11-11
                                    [pallet_count] => 5
                                    [condition] => ปกติ
                                    [note] => 
                                )

                        )

                )

        )

)

[11-Nov-2025 13:40:03 Asia/Bangkok] Starting saveReceiptEnhanced
[11-Nov-2025 13:40:03 Asia/Bangkok] Transaction started
[11-Nov-2025 13:40:03 Asia/Bangkok] PO Data: Array
(
    [po_id] => 1046
    [po_number] => test-11-11
    [po_date] => 2025-11-11
    [total_amount] => 5000.00
    [delivery_date] => 
    [notes] => 
    [supplier_id] => 9
    [supplier_name] => "Hansol Paper Co.,Ltd."
    [warehouse_id] => 1
    [receipt_date] => 2025-11-11
    [invoice_no] => test-11-11
    [received_by] => admin
)

[11-Nov-2025 13:40:03 Asia/Bangkok] Items: Array
(
    [0] => Array
        (
            [po_item_id] => 1051
            [product_id] => 5663
            [ordered_qty] => 2858.2862
            [receive_qty] => 2858.2862
            [unit_id] => 4
            [unit_price] => 0
            [total_price] => 0
            [lot_number] => test-11-11
            [mfg_date] => 2025-11-11
            [exp_date] => 2025-11-11
            [locations] => Array
                (
                    [0] => Array
                        (
                            [location_id] => 19
                            [quantity] => 2858.2862
                            [lot_number] => test-11-11
                            [mfg_date] => 2025-11-11
                            [exp_date] => 2025-11-11
                            [pallet_count] => 5
                            [condition] => ปกติ
                            [note] => 
                        )

                )

        )

)

[11-Nov-2025 13:40:03 Asia/Bangkok] Resolved PO_ID: 1046
[11-Nov-2025 13:40:03 Asia/Bangkok] Generated GR Number: GR202511110001
[11-Nov-2025 13:40:03 Asia/Bangkok] SQL: INSERT INTO Goods_Receipt (
            gr_number, po_id, receipt_date, warehouse_id,
            total_amount, status, received_by, notes,
            invoice_number, receipt_type, created_date
        ) VALUES (?, ?, ?, ?, ?, 'PENDING', ?, ?, ?, 'PO', GETDATE())
[11-Nov-2025 13:40:03 Asia/Bangkok] Insert params: Array
(
    [0] => GR202511110001
    [1] => 1046
    [2] => 2025-11-11
    [3] => 1
    [4] => 5000.00
    [5] => 1
    [6] => 
    [7] => test-11-11
)

[11-Nov-2025 13:40:03 Asia/Bangkok] GR_ID: 71
[11-Nov-2025 13:40:03 Asia/Bangkok] Processing item 0: Array
(
    [po_item_id] => 1051
    [product_id] => 5663
    [ordered_qty] => 2858.2862
    [receive_qty] => 2858.2862
    [unit_id] => 4
    [unit_price] => 0
    [total_price] => 0
    [lot_number] => test-11-11
    [mfg_date] => 2025-11-11
    [exp_date] => 2025-11-11
    [locations] => Array
        (
            [0] => Array
                (
                    [location_id] => 19
                    [quantity] => 2858.2862
                    [lot_number] => test-11-11
                    [mfg_date] => 2025-11-11
                    [exp_date] => 2025-11-11
                    [pallet_count] => 5
                    [condition] => ปกติ
                    [note] => 
                )

        )

)

[11-Nov-2025 13:40:03 Asia/Bangkok] Item params: Array
(
    [0] => 71
    [1] => 1051
    [2] => 5663
    [3] => 2858.2862
    [4] => 2858.2862
    [5] => 2858.2862
    [6] => 4
    [7] => 4
    [8] => 1
    [9] => 0
    [10] => 0
    [11] => 1
    [12] => 
    [13] => test-11-11
    [14] => 2025-11-11
    [15] => 2025-11-11
)

[11-Nov-2025 13:40:03 Asia/Bangkok] GR_Item_ID: 71
[11-Nov-2025 13:40:03 Asia/Bangkok] Processing location 0: Array
(
    [location_id] => 19
    [quantity] => 2858.2862
    [lot_number] => test-11-11
    [mfg_date] => 2025-11-11
    [exp_date] => 2025-11-11
    [pallet_count] => 5
    [condition] => ปกติ
    [note] => 
)

[11-Nov-2025 13:40:03 Asia/Bangkok] Transaction committed successfully
[11-Nov-2025 13:40:03 Asia/Bangkok] Save result: Array
(
    [success] => 1
    [message] => บันทึกใบรับสินค้าเรียบร้อยแล้ว
    [gr_number] => GR202511110001
    [gr_id] => 71
)

[11-Nov-2025 13:50:12 Asia/Bangkok] PO Items count: 1
[11-Nov-2025 13:50:12 Asia/Bangkok] Item 0: quantity=500.0000, received=2858.2862, pending=.0000, unit_id=1
[11-Nov-2025 14:05:31 Asia/Bangkok] PO Items count: 1
[11-Nov-2025 14:05:31 Asia/Bangkok] Item 0: quantity=500.0000, received=.0000, pending=.0000, unit_id=1
[11-Nov-2025 14:05:32 Asia/Bangkok] calculate_conversion: product=5679, from=1, to=4, qty=500
[11-Nov-2025 14:05:32 Asia/Bangkok] getConversionFactor called: product=5679, from=1, to=4
[11-Nov-2025 14:05:32 Asia/Bangkok] Unit codes: from=KG, to=SHEET
[11-Nov-2025 14:05:32 Asia/Bangkok] Paperboard calculation: W=615.00, L=825.00, GSM=350
[11-Nov-2025 14:05:32 Asia/Bangkok] Area: 0.507375 m², kg/sheet: 0.17758125, sheets/kg: 5.6312251434203
[11-Nov-2025 14:05:32 Asia/Bangkok] Returning KG→SHEET: 5.6312251434203
[11-Nov-2025 14:05:32 Asia/Bangkok] Conversion result: 500 × 5.6312251434203 = 2815.6125717101
[11-Nov-2025 14:05:48 Asia/Bangkok] calculate_conversion: product=5679, from=1, to=4, qty=500
[11-Nov-2025 14:05:48 Asia/Bangkok] getConversionFactor called: product=5679, from=1, to=4
[11-Nov-2025 14:05:48 Asia/Bangkok] Unit codes: from=KG, to=SHEET
[11-Nov-2025 14:05:48 Asia/Bangkok] Paperboard calculation: W=615.00, L=825.00, GSM=350
[11-Nov-2025 14:05:48 Asia/Bangkok] Area: 0.507375 m², kg/sheet: 0.17758125, sheets/kg: 5.6312251434203
[11-Nov-2025 14:05:48 Asia/Bangkok] Returning KG→SHEET: 5.6312251434203
[11-Nov-2025 14:05:48 Asia/Bangkok] Conversion result: 500 × 5.6312251434203 = 2815.6125717101
[11-Nov-2025 14:05:48 Asia/Bangkok] calculate_conversion: product=5679, from=4, to=1, qty=2815.6126
[11-Nov-2025 14:05:48 Asia/Bangkok] getConversionFactor called: product=5679, from=4, to=1
[11-Nov-2025 14:05:48 Asia/Bangkok] Unit codes: from=SHEET, to=KG
[11-Nov-2025 14:05:48 Asia/Bangkok] Paperboard calculation: W=615.00, L=825.00, GSM=350
[11-Nov-2025 14:05:48 Asia/Bangkok] Area: 0.507375 m², kg/sheet: 0.17758125, sheets/kg: 5.6312251434203
[11-Nov-2025 14:05:48 Asia/Bangkok] Returning SHEET→KG: 0.17758125
[11-Nov-2025 14:05:48 Asia/Bangkok] Conversion result: 2815.6126 × 0.17758125 = 500.00000502375
[11-Nov-2025 14:08:07 Asia/Bangkok] PO Items count: 1
[11-Nov-2025 14:08:07 Asia/Bangkok] Item 0: quantity=500.0000, received=.0000, pending=.0000, unit_id=1
[11-Nov-2025 14:08:07 Asia/Bangkok] calculate_conversion: product=5679, from=1, to=4, qty=500
[11-Nov-2025 14:08:07 Asia/Bangkok] getConversionFactor called: product=5679, from=1, to=4
[11-Nov-2025 14:08:07 Asia/Bangkok] Unit codes: from=KG, to=SHEET
[11-Nov-2025 14:08:07 Asia/Bangkok] Paperboard calculation: W=615.00, L=825.00, GSM=350
[11-Nov-2025 14:08:07 Asia/Bangkok] Area: 0.507375 m², kg/sheet: 0.17758125, sheets/kg: 5.6312251434203
[11-Nov-2025 14:08:07 Asia/Bangkok] Returning KG→SHEET: 5.6312251434203
[11-Nov-2025 14:08:07 Asia/Bangkok] Conversion result: 500 × 5.6312251434203 = 2815.6125717101
[11-Nov-2025 14:08:19 Asia/Bangkok] calculate_conversion: product=5679, from=1, to=4, qty=500
[11-Nov-2025 14:08:19 Asia/Bangkok] getConversionFactor called: product=5679, from=1, to=4
[11-Nov-2025 14:08:19 Asia/Bangkok] Unit codes: from=KG, to=SHEET
[11-Nov-2025 14:08:19 Asia/Bangkok] Paperboard calculation: W=615.00, L=825.00, GSM=350
[11-Nov-2025 14:08:19 Asia/Bangkok] Area: 0.507375 m², kg/sheet: 0.17758125, sheets/kg: 5.6312251434203
[11-Nov-2025 14:08:19 Asia/Bangkok] Returning KG→SHEET: 5.6312251434203
[11-Nov-2025 14:08:19 Asia/Bangkok] Conversion result: 500 × 5.6312251434203 = 2815.6125717101
[11-Nov-2025 14:08:19 Asia/Bangkok] calculate_conversion: product=5679, from=4, to=1, qty=2815.6126
[11-Nov-2025 14:08:19 Asia/Bangkok] getConversionFactor called: product=5679, from=4, to=1
[11-Nov-2025 14:08:19 Asia/Bangkok] Unit codes: from=SHEET, to=KG
[11-Nov-2025 14:08:19 Asia/Bangkok] Paperboard calculation: W=615.00, L=825.00, GSM=350
[11-Nov-2025 14:08:19 Asia/Bangkok] Area: 0.507375 m², kg/sheet: 0.17758125, sheets/kg: 5.6312251434203
[11-Nov-2025 14:08:19 Asia/Bangkok] Returning SHEET→KG: 0.17758125
[11-Nov-2025 14:08:19 Asia/Bangkok] Conversion result: 2815.6126 × 0.17758125 = 500.00000502375
[11-Nov-2025 14:09:14 Asia/Bangkok] Received POST data: Array
(
)

[11-Nov-2025 14:09:14 Asia/Bangkok] Raw input: {"po_data":{"po_id":"1047","po_number":"test-11-111","po_date":"2025-11-11","total_amount":"2500.00","delivery_date":null,"notes":"","supplier_id":"9","supplier_name":"\"Hansol Paper Co.,Ltd.\"","warehouse_id":"1","receipt_date":"2025-11-11","invoice_no":"test-11-111","received_by":"admin"},"items_data":[{"po_item_id":"1052","product_id":"5679","ordered_qty":2815.6126,"receive_qty":2815.6126,"unit_id":4,"unit_price":0,"total_price":0,"lot_number":"test-11-111","mfg_date":"2025-11-11","exp_date":"2025-11-30","locations":[{"location_id":"6","quantity":2815.6126,"lot_number":"test-11-111","mfg_date":"2025-11-11","exp_date":"2025-11-30","pallet_count":5,"condition":"ปกติ","note":""}]}]}
[11-Nov-2025 14:09:14 Asia/Bangkok] Decoded data: Array
(
    [po_data] => Array
        (
            [po_id] => 1047
            [po_number] => test-11-111
            [po_date] => 2025-11-11
            [total_amount] => 2500.00
            [delivery_date] => 
            [notes] => 
            [supplier_id] => 9
            [supplier_name] => "Hansol Paper Co.,Ltd."
            [warehouse_id] => 1
            [receipt_date] => 2025-11-11
            [invoice_no] => test-11-111
            [received_by] => admin
        )

    [items_data] => Array
        (
            [0] => Array
                (
                    [po_item_id] => 1052
                    [product_id] => 5679
                    [ordered_qty] => 2815.6126
                    [receive_qty] => 2815.6126
                    [unit_id] => 4
                    [unit_price] => 0
                    [total_price] => 0
                    [lot_number] => test-11-111
                    [mfg_date] => 2025-11-11
                    [exp_date] => 2025-11-30
                    [locations] => Array
                        (
                            [0] => Array
                                (
                                    [location_id] => 6
                                    [quantity] => 2815.6126
                                    [lot_number] => test-11-111
                                    [mfg_date] => 2025-11-11
                                    [exp_date] => 2025-11-30
                                    [pallet_count] => 5
                                    [condition] => ปกติ
                                    [note] => 
                                )

                        )

                )

        )

)

[11-Nov-2025 14:09:14 Asia/Bangkok] Starting saveReceiptEnhanced
[11-Nov-2025 14:09:14 Asia/Bangkok] Transaction started
[11-Nov-2025 14:09:14 Asia/Bangkok] PO Data: Array
(
    [po_id] => 1047
    [po_number] => test-11-111
    [po_date] => 2025-11-11
    [total_amount] => 2500.00
    [delivery_date] => 
    [notes] => 
    [supplier_id] => 9
    [supplier_name] => "Hansol Paper Co.,Ltd."
    [warehouse_id] => 1
    [receipt_date] => 2025-11-11
    [invoice_no] => test-11-111
    [received_by] => admin
)

[11-Nov-2025 14:09:14 Asia/Bangkok] Items: Array
(
    [0] => Array
        (
            [po_item_id] => 1052
            [product_id] => 5679
            [ordered_qty] => 2815.6126
            [receive_qty] => 2815.6126
            [unit_id] => 4
            [unit_price] => 0
            [total_price] => 0
            [lot_number] => test-11-111
            [mfg_date] => 2025-11-11
            [exp_date] => 2025-11-30
            [locations] => Array
                (
                    [0] => Array
                        (
                            [location_id] => 6
                            [quantity] => 2815.6126
                            [lot_number] => test-11-111
                            [mfg_date] => 2025-11-11
                            [exp_date] => 2025-11-30
                            [pallet_count] => 5
                            [condition] => ปกติ
                            [note] => 
                        )

                )

        )

)

[11-Nov-2025 14:09:14 Asia/Bangkok] Resolved PO_ID: 1047
[11-Nov-2025 14:09:14 Asia/Bangkok] Generated GR Number: GR202511110002
[11-Nov-2025 14:09:14 Asia/Bangkok] SQL: INSERT INTO Goods_Receipt (
            gr_number, po_id, receipt_date, warehouse_id,
            total_amount, status, received_by, notes,
            invoice_number, receipt_type, created_date
        ) VALUES (?, ?, ?, ?, ?, 'PENDING', ?, ?, ?, 'PO', GETDATE())
[11-Nov-2025 14:09:14 Asia/Bangkok] Insert params: Array
(
    [0] => GR202511110002
    [1] => 1047
    [2] => 2025-11-11
    [3] => 1
    [4] => 2500.00
    [5] => 1
    [6] => 
    [7] => test-11-111
)

[11-Nov-2025 14:09:14 Asia/Bangkok] GR_ID: 72
[11-Nov-2025 14:09:14 Asia/Bangkok] Processing item 0: Array
(
    [po_item_id] => 1052
    [product_id] => 5679
    [ordered_qty] => 2815.6126
    [receive_qty] => 2815.6126
    [unit_id] => 4
    [unit_price] => 0
    [total_price] => 0
    [lot_number] => test-11-111
    [mfg_date] => 2025-11-11
    [exp_date] => 2025-11-30
    [locations] => Array
        (
            [0] => Array
                (
                    [location_id] => 6
                    [quantity] => 2815.6126
                    [lot_number] => test-11-111
                    [mfg_date] => 2025-11-11
                    [exp_date] => 2025-11-30
                    [pallet_count] => 5
                    [condition] => ปกติ
                    [note] => 
                )

        )

)

[11-Nov-2025 14:09:14 Asia/Bangkok] Item params: Array
(
    [0] => 72
    [1] => 1052
    [2] => 5679
    [3] => 2815.6126
    [4] => 2815.6126
    [5] => 2815.6126
    [6] => 4
    [7] => 4
    [8] => 1
    [9] => 0
    [10] => 0
    [11] => 1
    [12] => 
    [13] => test-11-111
    [14] => 2025-11-11
    [15] => 2025-11-30
)

[11-Nov-2025 14:09:14 Asia/Bangkok] GR_Item_ID: 72
[11-Nov-2025 14:09:14 Asia/Bangkok] Processing location 0: Array
(
    [location_id] => 6
    [quantity] => 2815.6126
    [lot_number] => test-11-111
    [mfg_date] => 2025-11-11
    [exp_date] => 2025-11-30
    [pallet_count] => 5
    [condition] => ปกติ
    [note] => 
)

[11-Nov-2025 14:09:14 Asia/Bangkok] Transaction committed successfully
[11-Nov-2025 14:09:14 Asia/Bangkok] Save result: Array
(
    [success] => 1
    [message] => บันทึกใบรับสินค้าเรียบร้อยแล้ว
    [gr_number] => GR202511110002
    [gr_id] => 72
)

[11-Nov-2025 14:14:57 Asia/Bangkok] PO Items count: 1
[11-Nov-2025 14:14:57 Asia/Bangkok] Item 0: quantity=500.0000, received=2815.6126, pending=.0000, unit_id=1
[11-Nov-2025 15:00:56 Asia/Bangkok] PO Items count: 1
[11-Nov-2025 15:00:56 Asia/Bangkok] Item 0: quantity=500.0000, received=.0000, pending=.0000, unit_id=1
[11-Nov-2025 15:00:57 Asia/Bangkok] calculate_conversion: product=5753, from=1, to=4, qty=500
[11-Nov-2025 15:00:57 Asia/Bangkok] getConversionFactor called: product=5753, from=1, to=4
[11-Nov-2025 15:00:57 Asia/Bangkok] Unit codes: from=KG, to=SHEET
[11-Nov-2025 15:00:57 Asia/Bangkok] Paperboard calculation: W=715.00, L=740.00, GSM=310
[11-Nov-2025 15:00:57 Asia/Bangkok] Area: 0.5291 m², kg/sheet: 0.164021, sheets/kg: 6.0967802903287
[11-Nov-2025 15:00:57 Asia/Bangkok] Returning KG→SHEET: 6.0967802903287
[11-Nov-2025 15:00:57 Asia/Bangkok] Conversion result: 500 × 6.0967802903287 = 3048.3901451643
[11-Nov-2025 15:01:08 Asia/Bangkok] calculate_conversion: product=5753, from=1, to=4, qty=500
[11-Nov-2025 15:01:08 Asia/Bangkok] getConversionFactor called: product=5753, from=1, to=4
[11-Nov-2025 15:01:08 Asia/Bangkok] Unit codes: from=KG, to=SHEET
[11-Nov-2025 15:01:08 Asia/Bangkok] Paperboard calculation: W=715.00, L=740.00, GSM=310
[11-Nov-2025 15:01:08 Asia/Bangkok] Area: 0.5291 m², kg/sheet: 0.164021, sheets/kg: 6.0967802903287
[11-Nov-2025 15:01:08 Asia/Bangkok] Returning KG→SHEET: 6.0967802903287
[11-Nov-2025 15:01:08 Asia/Bangkok] Conversion result: 500 × 6.0967802903287 = 3048.3901451643
[11-Nov-2025 15:01:08 Asia/Bangkok] calculate_conversion: product=5753, from=4, to=1, qty=3048.3901
[11-Nov-2025 15:01:08 Asia/Bangkok] getConversionFactor called: product=5753, from=4, to=1
[11-Nov-2025 15:01:08 Asia/Bangkok] Unit codes: from=SHEET, to=KG
[11-Nov-2025 15:01:08 Asia/Bangkok] Paperboard calculation: W=715.00, L=740.00, GSM=310
[11-Nov-2025 15:01:08 Asia/Bangkok] Area: 0.5291 m², kg/sheet: 0.164021, sheets/kg: 6.0967802903287
[11-Nov-2025 15:01:08 Asia/Bangkok] Returning SHEET→KG: 0.164021
[11-Nov-2025 15:01:08 Asia/Bangkok] Conversion result: 3048.3901 × 0.164021 = 499.9999925921
[11-Nov-2025 15:01:33 Asia/Bangkok] Received POST data: Array
(
)

[11-Nov-2025 15:01:33 Asia/Bangkok] Raw input: {"po_data":{"po_id":"1048","po_number":"test-11-1111","po_date":"2025-11-11","total_amount":"250000.00","delivery_date":null,"notes":"","supplier_id":"9","supplier_name":"\"Hansol Paper Co.,Ltd.\"","warehouse_id":"1","receipt_date":"2025-11-11","invoice_no":"test-11-1111","received_by":"admin"},"items_data":[{"po_item_id":"1053","product_id":"5753","ordered_qty":3048.3901,"receive_qty":3048.3901,"unit_id":4,"unit_price":0,"total_price":0,"lot_number":"test-11-1111","mfg_date":"2025-11-11","exp_date":"2025-11-11","locations":[{"location_id":"158","quantity":3048.3901,"lot_number":"test-11-1111","mfg_date":"2025-11-11","exp_date":"2025-11-11","pallet_count":5,"condition":"ปกติ","note":""}]}]}
[11-Nov-2025 15:01:33 Asia/Bangkok] Decoded data: Array
(
    [po_data] => Array
        (
            [po_id] => 1048
            [po_number] => test-11-1111
            [po_date] => 2025-11-11
            [total_amount] => 250000.00
            [delivery_date] => 
            [notes] => 
            [supplier_id] => 9
            [supplier_name] => "Hansol Paper Co.,Ltd."
            [warehouse_id] => 1
            [receipt_date] => 2025-11-11
            [invoice_no] => test-11-1111
            [received_by] => admin
        )

    [items_data] => Array
        (
            [0] => Array
                (
                    [po_item_id] => 1053
                    [product_id] => 5753
                    [ordered_qty] => 3048.3901
                    [receive_qty] => 3048.3901
                    [unit_id] => 4
                    [unit_price] => 0
                    [total_price] => 0
                    [lot_number] => test-11-1111
                    [mfg_date] => 2025-11-11
                    [exp_date] => 2025-11-11
                    [locations] => Array
                        (
                            [0] => Array
                                (
                                    [location_id] => 158
                                    [quantity] => 3048.3901
                                    [lot_number] => test-11-1111
                                    [mfg_date] => 2025-11-11
                                    [exp_date] => 2025-11-11
                                    [pallet_count] => 5
                                    [condition] => ปกติ
                                    [note] => 
                                )

                        )

                )

        )

)

[11-Nov-2025 15:01:33 Asia/Bangkok] Starting saveReceiptEnhanced
[11-Nov-2025 15:01:33 Asia/Bangkok] Transaction started
[11-Nov-2025 15:01:33 Asia/Bangkok] PO Data: Array
(
    [po_id] => 1048
    [po_number] => test-11-1111
    [po_date] => 2025-11-11
    [total_amount] => 250000.00
    [delivery_date] => 
    [notes] => 
    [supplier_id] => 9
    [supplier_name] => "Hansol Paper Co.,Ltd."
    [warehouse_id] => 1
    [receipt_date] => 2025-11-11
    [invoice_no] => test-11-1111
    [received_by] => admin
)

[11-Nov-2025 15:01:33 Asia/Bangkok] Items: Array
(
    [0] => Array
        (
            [po_item_id] => 1053
            [product_id] => 5753
            [ordered_qty] => 3048.3901
            [receive_qty] => 3048.3901
            [unit_id] => 4
            [unit_price] => 0
            [total_price] => 0
            [lot_number] => test-11-1111
            [mfg_date] => 2025-11-11
            [exp_date] => 2025-11-11
            [locations] => Array
                (
                    [0] => Array
                        (
                            [location_id] => 158
                            [quantity] => 3048.3901
                            [lot_number] => test-11-1111
                            [mfg_date] => 2025-11-11
                            [exp_date] => 2025-11-11
                            [pallet_count] => 5
                            [condition] => ปกติ
                            [note] => 
                        )

                )

        )

)

[11-Nov-2025 15:01:33 Asia/Bangkok] Resolved PO_ID: 1048
[11-Nov-2025 15:01:33 Asia/Bangkok] Generated GR Number: GR202511110003
[11-Nov-2025 15:01:33 Asia/Bangkok] SQL: INSERT INTO Goods_Receipt (
            gr_number, po_id, receipt_date, warehouse_id,
            total_amount, status, received_by, notes,
            invoice_number, receipt_type, created_date
        ) VALUES (?, ?, ?, ?, ?, 'PENDING', ?, ?, ?, 'PO', GETDATE())
[11-Nov-2025 15:01:33 Asia/Bangkok] Insert params: Array
(
    [0] => GR202511110003
    [1] => 1048
    [2] => 2025-11-11
    [3] => 1
    [4] => 250000.00
    [5] => 1
    [6] => 
    [7] => test-11-1111
)

[11-Nov-2025 15:01:33 Asia/Bangkok] GR_ID: 73
[11-Nov-2025 15:01:33 Asia/Bangkok] Processing item 0: Array
(
    [po_item_id] => 1053
    [product_id] => 5753
    [ordered_qty] => 3048.3901
    [receive_qty] => 3048.3901
    [unit_id] => 4
    [unit_price] => 0
    [total_price] => 0
    [lot_number] => test-11-1111
    [mfg_date] => 2025-11-11
    [exp_date] => 2025-11-11
    [locations] => Array
        (
            [0] => Array
                (
                    [location_id] => 158
                    [quantity] => 3048.3901
                    [lot_number] => test-11-1111
                    [mfg_date] => 2025-11-11
                    [exp_date] => 2025-11-11
                    [pallet_count] => 5
                    [condition] => ปกติ
                    [note] => 
                )

        )

)

[11-Nov-2025 15:01:33 Asia/Bangkok] Item params: Array
(
    [0] => 73
    [1] => 1053
    [2] => 5753
    [3] => 3048.3901
    [4] => 3048.3901
    [5] => 3048.3901
    [6] => 4
    [7] => 4
    [8] => 1
    [9] => 0
    [10] => 0
    [11] => 1
    [12] => 158
    [13] => test-11-1111
    [14] => 2025-11-11
    [15] => 2025-11-11
)

[11-Nov-2025 15:01:33 Asia/Bangkok] GR_Item_ID: 73
[11-Nov-2025 15:01:33 Asia/Bangkok] Processing location 0: Array
(
    [location_id] => 158
    [quantity] => 3048.3901
    [lot_number] => test-11-1111
    [mfg_date] => 2025-11-11
    [exp_date] => 2025-11-11
    [pallet_count] => 5
    [condition] => ปกติ
    [note] => 
)

[11-Nov-2025 15:01:33 Asia/Bangkok] Transaction committed successfully
[11-Nov-2025 15:01:33 Asia/Bangkok] Save result: Array
(
    [success] => 1
    [message] => บันทึกใบรับสินค้าเรียบร้อยแล้ว
    [gr_number] => GR202511110003
    [gr_id] => 73
)

[11-Nov-2025 15:03:17 Asia/Bangkok] PO Items count: 1
[11-Nov-2025 15:03:17 Asia/Bangkok] Item 0: quantity=500.0000, received=3048.3901, pending=.0000, unit_id=1
[11-Nov-2025 15:30:12 Asia/Bangkok] PO Items count: 1
[11-Nov-2025 15:30:12 Asia/Bangkok] Item 0: quantity=500.0000, received=3048.3901, pending=.0000, unit_id=1
[11-Nov-2025 15:35:48 Asia/Bangkok] PO Items count: 1
[11-Nov-2025 15:35:48 Asia/Bangkok] Item 0: quantity=500.0000, received=.0000, pending=.0000, unit_id=1
[11-Nov-2025 15:35:49 Asia/Bangkok] calculate_conversion: product=5674, from=1, to=4, qty=500
[11-Nov-2025 15:35:49 Asia/Bangkok] getConversionFactor called: product=5674, from=1, to=4
[11-Nov-2025 15:35:49 Asia/Bangkok] Unit codes: from=KG, to=SHEET
[11-Nov-2025 15:35:49 Asia/Bangkok] Paperboard calculation: W=880.00, L=710.00, GSM=350
[11-Nov-2025 15:35:49 Asia/Bangkok] Area: 0.6248 m², kg/sheet: 0.21868, sheets/kg: 4.5728918968356
[11-Nov-2025 15:35:49 Asia/Bangkok] Returning KG→SHEET: 4.5728918968356
[11-Nov-2025 15:35:49 Asia/Bangkok] Conversion result: 500 × 4.5728918968356 = 2286.4459484178
[11-Nov-2025 15:35:59 Asia/Bangkok] calculate_conversion: product=5674, from=1, to=4, qty=500
[11-Nov-2025 15:35:59 Asia/Bangkok] getConversionFactor called: product=5674, from=1, to=4
[11-Nov-2025 15:35:59 Asia/Bangkok] Unit codes: from=KG, to=SHEET
[11-Nov-2025 15:35:59 Asia/Bangkok] Paperboard calculation: W=880.00, L=710.00, GSM=350
[11-Nov-2025 15:35:59 Asia/Bangkok] Area: 0.6248 m², kg/sheet: 0.21868, sheets/kg: 4.5728918968356
[11-Nov-2025 15:35:59 Asia/Bangkok] Returning KG→SHEET: 4.5728918968356
[11-Nov-2025 15:35:59 Asia/Bangkok] Conversion result: 500 × 4.5728918968356 = 2286.4459484178
[11-Nov-2025 15:35:59 Asia/Bangkok] calculate_conversion: product=5674, from=4, to=1, qty=2286.4459
[11-Nov-2025 15:35:59 Asia/Bangkok] getConversionFactor called: product=5674, from=4, to=1
[11-Nov-2025 15:35:59 Asia/Bangkok] Unit codes: from=SHEET, to=KG
[11-Nov-2025 15:35:59 Asia/Bangkok] Paperboard calculation: W=880.00, L=710.00, GSM=350
[11-Nov-2025 15:35:59 Asia/Bangkok] Area: 0.6248 m², kg/sheet: 0.21868, sheets/kg: 4.5728918968356
[11-Nov-2025 15:35:59 Asia/Bangkok] Returning SHEET→KG: 0.21868
[11-Nov-2025 15:35:59 Asia/Bangkok] Conversion result: 2286.4459 × 0.21868 = 499.999989412
[11-Nov-2025 15:36:42 Asia/Bangkok] Received POST data: Array
(
)

[11-Nov-2025 15:36:42 Asia/Bangkok] Raw input: {"po_data":{"po_id":"1049","po_number":"test-11-0001","po_date":"2025-11-11","total_amount":"250000.00","delivery_date":null,"notes":"","supplier_id":"9","supplier_name":"\"Hansol Paper Co.,Ltd.\"","warehouse_id":"1","receipt_date":"2025-11-11","invoice_no":"test-11-0001","received_by":"admin"},"items_data":[{"po_item_id":"1054","product_id":"5674","ordered_qty":2286.4459,"receive_qty":2286.4459,"unit_id":4,"unit_price":0,"total_price":0,"lot_number":"test-11-0001","mfg_date":"2025-11-11","exp_date":"2025-11-11","locations":[{"location_id":"158","quantity":2286.4459,"lot_number":"test-11-0001","mfg_date":"2025-11-11","exp_date":"2025-11-11","pallet_count":1,"condition":"ปกติ","note":""}]}]}
[11-Nov-2025 15:36:42 Asia/Bangkok] Decoded data: Array
(
    [po_data] => Array
        (
            [po_id] => 1049
            [po_number] => test-11-0001
            [po_date] => 2025-11-11
            [total_amount] => 250000.00
            [delivery_date] => 
            [notes] => 
            [supplier_id] => 9
            [supplier_name] => "Hansol Paper Co.,Ltd."
            [warehouse_id] => 1
            [receipt_date] => 2025-11-11
            [invoice_no] => test-11-0001
            [received_by] => admin
        )

    [items_data] => Array
        (
            [0] => Array
                (
                    [po_item_id] => 1054
                    [product_id] => 5674
                    [ordered_qty] => 2286.4459
                    [receive_qty] => 2286.4459
                    [unit_id] => 4
                    [unit_price] => 0
                    [total_price] => 0
                    [lot_number] => test-11-0001
                    [mfg_date] => 2025-11-11
                    [exp_date] => 2025-11-11
                    [locations] => Array
                        (
                            [0] => Array
                                (
                                    [location_id] => 158
                                    [quantity] => 2286.4459
                                    [lot_number] => test-11-0001
                                    [mfg_date] => 2025-11-11
                                    [exp_date] => 2025-11-11
                                    [pallet_count] => 1
                                    [condition] => ปกติ
                                    [note] => 
                                )

                        )

                )

        )

)

[11-Nov-2025 15:36:42 Asia/Bangkok] Starting saveReceiptEnhanced
[11-Nov-2025 15:36:42 Asia/Bangkok] Transaction started
[11-Nov-2025 15:36:42 Asia/Bangkok] PO Data: Array
(
    [po_id] => 1049
    [po_number] => test-11-0001
    [po_date] => 2025-11-11
    [total_amount] => 250000.00
    [delivery_date] => 
    [notes] => 
    [supplier_id] => 9
    [supplier_name] => "Hansol Paper Co.,Ltd."
    [warehouse_id] => 1
    [receipt_date] => 2025-11-11
    [invoice_no] => test-11-0001
    [received_by] => admin
)

[11-Nov-2025 15:36:42 Asia/Bangkok] Items: Array
(
    [0] => Array
        (
            [po_item_id] => 1054
            [product_id] => 5674
            [ordered_qty] => 2286.4459
            [receive_qty] => 2286.4459
            [unit_id] => 4
            [unit_price] => 0
            [total_price] => 0
            [lot_number] => test-11-0001
            [mfg_date] => 2025-11-11
            [exp_date] => 2025-11-11
            [locations] => Array
                (
                    [0] => Array
                        (
                            [location_id] => 158
                            [quantity] => 2286.4459
                            [lot_number] => test-11-0001
                            [mfg_date] => 2025-11-11
                            [exp_date] => 2025-11-11
                            [pallet_count] => 1
                            [condition] => ปกติ
                            [note] => 
                        )

                )

        )

)

[11-Nov-2025 15:36:42 Asia/Bangkok] Resolved PO_ID: 1049
[11-Nov-2025 15:36:42 Asia/Bangkok] Generated GR Number: GR202511110004
[11-Nov-2025 15:36:42 Asia/Bangkok] SQL: INSERT INTO Goods_Receipt (
            gr_number, po_id, receipt_date, warehouse_id,
            total_amount, status, received_by, notes,
            invoice_number, receipt_type, created_date
        ) VALUES (?, ?, ?, ?, ?, 'PENDING', ?, ?, ?, 'PO', GETDATE())
[11-Nov-2025 15:36:42 Asia/Bangkok] Insert params: Array
(
    [0] => GR202511110004
    [1] => 1049
    [2] => 2025-11-11
    [3] => 1
    [4] => 250000.00
    [5] => 1
    [6] => 
    [7] => test-11-0001
)

[11-Nov-2025 15:36:42 Asia/Bangkok] GR_ID: 74
[11-Nov-2025 15:36:42 Asia/Bangkok] Processing item 0: Array
(
    [po_item_id] => 1054
    [product_id] => 5674
    [ordered_qty] => 2286.4459
    [receive_qty] => 2286.4459
    [unit_id] => 4
    [unit_price] => 0
    [total_price] => 0
    [lot_number] => test-11-0001
    [mfg_date] => 2025-11-11
    [exp_date] => 2025-11-11
    [locations] => Array
        (
            [0] => Array
                (
                    [location_id] => 158
                    [quantity] => 2286.4459
                    [lot_number] => test-11-0001
                    [mfg_date] => 2025-11-11
                    [exp_date] => 2025-11-11
                    [pallet_count] => 1
                    [condition] => ปกติ
                    [note] => 
                )

        )

)

[11-Nov-2025 15:36:42 Asia/Bangkok] Using location_id: 158
[11-Nov-2025 15:36:42 Asia/Bangkok] Item params: Array
(
    [0] => 74
    [1] => 1054
    [2] => 5674
    [3] => 2286.4459
    [4] => 2286.4459
    [5] => 2286.4459
    [6] => 4
    [7] => 4
    [8] => 1
    [9] => 0
    [10] => 0
    [11] => 1
    [12] => 158
    [13] => test-11-0001
    [14] => test-11-0001
    [15] => 2025-11-11
    [16] => 2025-11-11
    [17] => 2025-11-11
)

[11-Nov-2025 15:36:42 Asia/Bangkok] GR_Item_ID: 74
[11-Nov-2025 15:36:42 Asia/Bangkok] Processing location 0: Array
(
    [location_id] => 158
    [quantity] => 2286.4459
    [lot_number] => test-11-0001
    [mfg_date] => 2025-11-11
    [exp_date] => 2025-11-11
    [pallet_count] => 1
    [condition] => ปกติ
    [note] => 
)

[11-Nov-2025 15:36:42 Asia/Bangkok] Transaction committed successfully
[11-Nov-2025 15:36:42 Asia/Bangkok] Save result: Array
(
    [success] => 1
    [message] => บันทึกใบรับสินค้าเรียบร้อยแล้ว
    [gr_number] => GR202511110004
    [gr_id] => 74
)

[11-Nov-2025 15:48:06 Asia/Bangkok] PO Items count: 1
[11-Nov-2025 15:48:06 Asia/Bangkok] Item 0: quantity=500.0000, received=.0000, pending=.0000, unit_id=1
[11-Nov-2025 15:48:07 Asia/Bangkok] calculate_conversion: product=5659, from=1, to=4, qty=500
[11-Nov-2025 15:48:07 Asia/Bangkok] getConversionFactor called: product=5659, from=1, to=4
[11-Nov-2025 15:48:07 Asia/Bangkok] Unit codes: from=KG, to=SHEET
[11-Nov-2025 15:48:07 Asia/Bangkok] Paperboard calculation: W=585.00, L=755.00, GSM=300
[11-Nov-2025 15:48:07 Asia/Bangkok] Area: 0.441675 m², kg/sheet: 0.1325025, sheets/kg: 7.5470274145771
[11-Nov-2025 15:48:07 Asia/Bangkok] Returning KG→SHEET: 7.5470274145771
[11-Nov-2025 15:48:07 Asia/Bangkok] Conversion result: 500 × 7.5470274145771 = 3773.5137072885
[11-Nov-2025 15:48:35 Asia/Bangkok] calculate_conversion: product=5659, from=1, to=4, qty=500
[11-Nov-2025 15:48:35 Asia/Bangkok] getConversionFactor called: product=5659, from=1, to=4
[11-Nov-2025 15:48:35 Asia/Bangkok] Unit codes: from=KG, to=SHEET
[11-Nov-2025 15:48:35 Asia/Bangkok] Paperboard calculation: W=585.00, L=755.00, GSM=300
[11-Nov-2025 15:48:35 Asia/Bangkok] Area: 0.441675 m², kg/sheet: 0.1325025, sheets/kg: 7.5470274145771
[11-Nov-2025 15:48:35 Asia/Bangkok] Returning KG→SHEET: 7.5470274145771
[11-Nov-2025 15:48:35 Asia/Bangkok] Conversion result: 500 × 7.5470274145771 = 3773.5137072885
[11-Nov-2025 15:48:35 Asia/Bangkok] calculate_conversion: product=5659, from=4, to=1, qty=3773.5137
[11-Nov-2025 15:48:35 Asia/Bangkok] getConversionFactor called: product=5659, from=4, to=1
[11-Nov-2025 15:48:35 Asia/Bangkok] Unit codes: from=SHEET, to=KG
[11-Nov-2025 15:48:35 Asia/Bangkok] Paperboard calculation: W=585.00, L=755.00, GSM=300
[11-Nov-2025 15:48:35 Asia/Bangkok] Area: 0.441675 m², kg/sheet: 0.1325025, sheets/kg: 7.5470274145771
[11-Nov-2025 15:48:35 Asia/Bangkok] Returning SHEET→KG: 0.1325025
[11-Nov-2025 15:48:35 Asia/Bangkok] Conversion result: 3773.5137 × 0.1325025 = 499.99999903425
[11-Nov-2025 15:48:45 Asia/Bangkok] Received POST data: Array
(
)

[11-Nov-2025 15:48:45 Asia/Bangkok] Raw input: {"po_data":{"po_id":"1050","po_number":"test-11-0002","po_date":"2025-11-11","total_amount":"50000.00","delivery_date":null,"notes":"","supplier_id":"9","supplier_name":"\"Hansol Paper Co.,Ltd.\"","warehouse_id":"1","receipt_date":"2025-11-11","invoice_no":"test-11-0002","received_by":"admin"},"items_data":[{"po_item_id":"1055","product_id":"5659","ordered_qty":3773.5137,"receive_qty":3773.5137,"unit_id":4,"unit_price":0,"total_price":0,"lot_number":"test-11-0002","mfg_date":"2025-11-11","exp_date":"2025-11-11","locations":[{"location_id":"157","quantity":3773.5137,"lot_number":"test-11-0002","mfg_date":"2025-11-11","exp_date":"2025-11-11","pallet_count":2,"condition":"ปกติ","note":""}]}]}
[11-Nov-2025 15:48:45 Asia/Bangkok] Decoded data: Array
(
    [po_data] => Array
        (
            [po_id] => 1050
            [po_number] => test-11-0002
            [po_date] => 2025-11-11
            [total_amount] => 50000.00
            [delivery_date] => 
            [notes] => 
            [supplier_id] => 9
            [supplier_name] => "Hansol Paper Co.,Ltd."
            [warehouse_id] => 1
            [receipt_date] => 2025-11-11
            [invoice_no] => test-11-0002
            [received_by] => admin
        )

    [items_data] => Array
        (
            [0] => Array
                (
                    [po_item_id] => 1055
                    [product_id] => 5659
                    [ordered_qty] => 3773.5137
                    [receive_qty] => 3773.5137
                    [unit_id] => 4
                    [unit_price] => 0
                    [total_price] => 0
                    [lot_number] => test-11-0002
                    [mfg_date] => 2025-11-11
                    [exp_date] => 2025-11-11
                    [locations] => Array
                        (
                            [0] => Array
                                (
                                    [location_id] => 157
                                    [quantity] => 3773.5137
                                    [lot_number] => test-11-0002
                                    [mfg_date] => 2025-11-11
                                    [exp_date] => 2025-11-11
                                    [pallet_count] => 2
                                    [condition] => ปกติ
                                    [note] => 
                                )

                        )

                )

        )

)

[11-Nov-2025 15:48:45 Asia/Bangkok] Starting saveReceiptEnhanced
[11-Nov-2025 15:48:45 Asia/Bangkok] Transaction started
[11-Nov-2025 15:48:45 Asia/Bangkok] PO Data: Array
(
    [po_id] => 1050
    [po_number] => test-11-0002
    [po_date] => 2025-11-11
    [total_amount] => 50000.00
    [delivery_date] => 
    [notes] => 
    [supplier_id] => 9
    [supplier_name] => "Hansol Paper Co.,Ltd."
    [warehouse_id] => 1
    [receipt_date] => 2025-11-11
    [invoice_no] => test-11-0002
    [received_by] => admin
)

[11-Nov-2025 15:48:45 Asia/Bangkok] Items: Array
(
    [0] => Array
        (
            [po_item_id] => 1055
            [product_id] => 5659
            [ordered_qty] => 3773.5137
            [receive_qty] => 3773.5137
            [unit_id] => 4
            [unit_price] => 0
            [total_price] => 0
            [lot_number] => test-11-0002
            [mfg_date] => 2025-11-11
            [exp_date] => 2025-11-11
            [locations] => Array
                (
                    [0] => Array
                        (
                            [location_id] => 157
                            [quantity] => 3773.5137
                            [lot_number] => test-11-0002
                            [mfg_date] => 2025-11-11
                            [exp_date] => 2025-11-11
                            [pallet_count] => 2
                            [condition] => ปกติ
                            [note] => 
                        )

                )

        )

)

[11-Nov-2025 15:48:45 Asia/Bangkok] Resolved PO_ID: 1050
[11-Nov-2025 15:48:45 Asia/Bangkok] Generated GR Number: GR202511110005
[11-Nov-2025 15:48:45 Asia/Bangkok] SQL: INSERT INTO Goods_Receipt (
            gr_number, po_id, receipt_date, warehouse_id,
            total_amount, status, received_by, notes,
            invoice_number, receipt_type, created_date
        ) VALUES (?, ?, ?, ?, ?, 'PENDING', ?, ?, ?, 'PO', GETDATE())
[11-Nov-2025 15:48:45 Asia/Bangkok] Insert params: Array
(
    [0] => GR202511110005
    [1] => 1050
    [2] => 2025-11-11
    [3] => 1
    [4] => 50000.00
    [5] => 1
    [6] => 
    [7] => test-11-0002
)

[11-Nov-2025 15:48:45 Asia/Bangkok] GR_ID: 75
[11-Nov-2025 15:48:45 Asia/Bangkok] Processing item 0: Array
(
    [po_item_id] => 1055
    [product_id] => 5659
    [ordered_qty] => 3773.5137
    [receive_qty] => 3773.5137
    [unit_id] => 4
    [unit_price] => 0
    [total_price] => 0
    [lot_number] => test-11-0002
    [mfg_date] => 2025-11-11
    [exp_date] => 2025-11-11
    [locations] => Array
        (
            [0] => Array
                (
                    [location_id] => 157
                    [quantity] => 3773.5137
                    [lot_number] => test-11-0002
                    [mfg_date] => 2025-11-11
                    [exp_date] => 2025-11-11
                    [pallet_count] => 2
                    [condition] => ปกติ
                    [note] => 
                )

        )

)

[11-Nov-2025 15:48:45 Asia/Bangkok] Using location_id: 157
[11-Nov-2025 15:48:45 Asia/Bangkok] PHP Warning:  Undefined variable $stock_unit_id in C:\xampp\htdocs\PD\production\pages\po\receiving_po.php on line 890
[11-Nov-2025 15:48:45 Asia/Bangkok] PHP Warning:  Undefined variable $conversion_factor in C:\xampp\htdocs\PD\production\pages\po\receiving_po.php on line 891
[11-Nov-2025 15:48:45 Asia/Bangkok] Item params: Array
(
    [0] => 75
    [1] => 1055
    [2] => 5659
    [3] => 3773.5137
    [4] => 3773.5137
    [5] => 3773.5137
    [6] => 4
    [7] => 
    [8] => 
    [9] => 0
    [10] => 0
    [11] => 1
    [12] => 157
    [13] => test-11-0002
    [14] => test-11-0002
    [15] => 2025-11-11
    [16] => 2025-11-11
    [17] => 2025-11-11
    [18] => 2
)

[11-Nov-2025 15:48:45 Asia/Bangkok] GR_Item_ID: 
[11-Nov-2025 15:48:45 Asia/Bangkok] Transaction rolled back
[11-Nov-2025 15:48:45 Asia/Bangkok] Error in saveReceiptEnhanced: Failed to get GR_Item_ID from insert result
[11-Nov-2025 15:48:45 Asia/Bangkok] Stack trace: #0 C:\xampp\htdocs\PD\production\pages\po\receiving_po.php(249): saveReceiptEnhanced(Array)
#1 {main}
[11-Nov-2025 15:48:45 Asia/Bangkok] Save result: Array
(
    [success] => 
    [message] => เกิดข้อผิดพลาด: Failed to get GR_Item_ID from insert result
    [error_detail] => Failed to get GR_Item_ID from insert result
)

[11-Nov-2025 15:57:15 Asia/Bangkok] Received POST data: Array
(
)

[11-Nov-2025 15:57:15 Asia/Bangkok] Raw input: {"po_data":{"po_id":"1050","po_number":"test-11-0002","po_date":"2025-11-11","total_amount":"50000.00","delivery_date":null,"notes":"","supplier_id":"9","supplier_name":"\"Hansol Paper Co.,Ltd.\"","warehouse_id":"1","receipt_date":"2025-11-11","invoice_no":"test-11-0002","received_by":"admin"},"items_data":[{"po_item_id":"1055","product_id":"5659","ordered_qty":3773.5137,"receive_qty":3773.5137,"unit_id":4,"unit_price":0,"total_price":0,"lot_number":"test-11-0002","mfg_date":"2025-11-11","exp_date":"2025-11-11","locations":[{"location_id":"157","quantity":3773.5137,"lot_number":"test-11-0002","mfg_date":"2025-11-11","exp_date":"2025-11-11","pallet_count":2,"condition":"ปกติ","note":""}]}]}
[11-Nov-2025 15:57:15 Asia/Bangkok] Decoded data: Array
(
    [po_data] => Array
        (
            [po_id] => 1050
            [po_number] => test-11-0002
            [po_date] => 2025-11-11
            [total_amount] => 50000.00
            [delivery_date] => 
            [notes] => 
            [supplier_id] => 9
            [supplier_name] => "Hansol Paper Co.,Ltd."
            [warehouse_id] => 1
            [receipt_date] => 2025-11-11
            [invoice_no] => test-11-0002
            [received_by] => admin
        )

    [items_data] => Array
        (
            [0] => Array
                (
                    [po_item_id] => 1055
                    [product_id] => 5659
                    [ordered_qty] => 3773.5137
                    [receive_qty] => 3773.5137
                    [unit_id] => 4
                    [unit_price] => 0
                    [total_price] => 0
                    [lot_number] => test-11-0002
                    [mfg_date] => 2025-11-11
                    [exp_date] => 2025-11-11
                    [locations] => Array
                        (
                            [0] => Array
                                (
                                    [location_id] => 157
                                    [quantity] => 3773.5137
                                    [lot_number] => test-11-0002
                                    [mfg_date] => 2025-11-11
                                    [exp_date] => 2025-11-11
                                    [pallet_count] => 2
                                    [condition] => ปกติ
                                    [note] => 
                                )

                        )

                )

        )

)

[11-Nov-2025 15:57:15 Asia/Bangkok] Starting saveReceiptEnhanced
[11-Nov-2025 15:57:15 Asia/Bangkok] Transaction started
[11-Nov-2025 15:57:15 Asia/Bangkok] PO Data: Array
(
    [po_id] => 1050
    [po_number] => test-11-0002
    [po_date] => 2025-11-11
    [total_amount] => 50000.00
    [delivery_date] => 
    [notes] => 
    [supplier_id] => 9
    [supplier_name] => "Hansol Paper Co.,Ltd."
    [warehouse_id] => 1
    [receipt_date] => 2025-11-11
    [invoice_no] => test-11-0002
    [received_by] => admin
)

[11-Nov-2025 15:57:15 Asia/Bangkok] Items: Array
(
    [0] => Array
        (
            [po_item_id] => 1055
            [product_id] => 5659
            [ordered_qty] => 3773.5137
            [receive_qty] => 3773.5137
            [unit_id] => 4
            [unit_price] => 0
            [total_price] => 0
            [lot_number] => test-11-0002
            [mfg_date] => 2025-11-11
            [exp_date] => 2025-11-11
            [locations] => Array
                (
                    [0] => Array
                        (
                            [location_id] => 157
                            [quantity] => 3773.5137
                            [lot_number] => test-11-0002
                            [mfg_date] => 2025-11-11
                            [exp_date] => 2025-11-11
                            [pallet_count] => 2
                            [condition] => ปกติ
                            [note] => 
                        )

                )

        )

)

[11-Nov-2025 15:57:15 Asia/Bangkok] Resolved PO_ID: 1050
[11-Nov-2025 15:57:15 Asia/Bangkok] Generated GR Number: GR202511110005
[11-Nov-2025 15:57:15 Asia/Bangkok] Received Status ID: 2
[11-Nov-2025 15:57:15 Asia/Bangkok] SQL: INSERT INTO Goods_Receipt (
            gr_number, po_id, receipt_date, warehouse_id,
            total_amount, status, received_by, notes,
            invoice_number, receipt_type, created_date
        ) VALUES (?, ?, ?, ?, ?, 'PENDING', ?, ?, ?, 'PO', GETDATE())
[11-Nov-2025 15:57:15 Asia/Bangkok] Insert params: Array
(
    [0] => GR202511110005
    [1] => 1050
    [2] => 2025-11-11
    [3] => 1
    [4] => 50000.00
    [5] => 1
    [6] => 
    [7] => test-11-0002
)

[11-Nov-2025 15:57:15 Asia/Bangkok] GR_ID: 76
[11-Nov-2025 15:57:15 Asia/Bangkok] Processing item 0: Array
(
    [po_item_id] => 1055
    [product_id] => 5659
    [ordered_qty] => 3773.5137
    [receive_qty] => 3773.5137
    [unit_id] => 4
    [unit_price] => 0
    [total_price] => 0
    [lot_number] => test-11-0002
    [mfg_date] => 2025-11-11
    [exp_date] => 2025-11-11
    [locations] => Array
        (
            [0] => Array
                (
                    [location_id] => 157
                    [quantity] => 3773.5137
                    [lot_number] => test-11-0002
                    [mfg_date] => 2025-11-11
                    [exp_date] => 2025-11-11
                    [pallet_count] => 2
                    [condition] => ปกติ
                    [note] => 
                )

        )

)

[11-Nov-2025 15:57:15 Asia/Bangkok] Using location_id: 157
[11-Nov-2025 15:57:15 Asia/Bangkok] Item params: Array
(
    [0] => 76
    [1] => 1055
    [2] => 5659
    [3] => 3773.5137
    [4] => 3773.5137
    [5] => 3773.5137
    [6] => 4
    [7] => 4
    [8] => 1
    [9] => 0
    [10] => 0
    [11] => 1
    [12] => 157
    [13] => test-11-0002
    [14] => test-11-0002
    [15] => 2025-11-11
    [16] => 2025-11-11
    [17] => 2025-11-11
    [18] => 2
)

[11-Nov-2025 15:57:15 Asia/Bangkok] GR_Item_ID: 75
[11-Nov-2025 15:57:15 Asia/Bangkok] Processing location 0: Array
(
    [location_id] => 157
    [quantity] => 3773.5137
    [lot_number] => test-11-0002
    [mfg_date] => 2025-11-11
    [exp_date] => 2025-11-11
    [pallet_count] => 2
    [condition] => ปกติ
    [note] => 
)

[11-Nov-2025 15:57:15 Asia/Bangkok] Transaction committed successfully
[11-Nov-2025 15:57:15 Asia/Bangkok] Save result: Array
(
    [success] => 1
    [message] => บันทึกใบรับสินค้าเรียบร้อยแล้ว
    [gr_number] => GR202511110005
    [gr_id] => 76
)

[11-Nov-2025 15:58:12 Asia/Bangkok] PO Items count: 1
[11-Nov-2025 15:58:12 Asia/Bangkok] Item 0: quantity=500.0000, received=3773.5137, pending=.0000, unit_id=1
[11-Nov-2025 15:59:41 Asia/Bangkok] PO Items count: 1
[11-Nov-2025 15:59:41 Asia/Bangkok] Item 0: quantity=500.0000, received=.0000, pending=.0000, unit_id=1
[11-Nov-2025 15:59:41 Asia/Bangkok] calculate_conversion: product=5606, from=1, to=4, qty=500
[11-Nov-2025 15:59:41 Asia/Bangkok] getConversionFactor called: product=5606, from=1, to=4
[11-Nov-2025 15:59:41 Asia/Bangkok] Unit codes: from=KG, to=SHEET
[11-Nov-2025 15:59:41 Asia/Bangkok] Paperboard calculation: W=559.00, L=485.00, GSM=350
[11-Nov-2025 15:59:41 Asia/Bangkok] Area: 0.271115 m², kg/sheet: 0.09489025, sheets/kg: 10.53849051931
[11-Nov-2025 15:59:41 Asia/Bangkok] Returning KG→SHEET: 10.53849051931
[11-Nov-2025 15:59:41 Asia/Bangkok] Conversion result: 500 × 10.53849051931 = 5269.2452596552
[11-Nov-2025 15:59:44 Asia/Bangkok] calculate_conversion: product=5606, from=1, to=4, qty=500
[11-Nov-2025 15:59:44 Asia/Bangkok] getConversionFactor called: product=5606, from=1, to=4
[11-Nov-2025 15:59:44 Asia/Bangkok] Unit codes: from=KG, to=SHEET
[11-Nov-2025 15:59:44 Asia/Bangkok] Paperboard calculation: W=559.00, L=485.00, GSM=350
[11-Nov-2025 15:59:44 Asia/Bangkok] Area: 0.271115 m², kg/sheet: 0.09489025, sheets/kg: 10.53849051931
[11-Nov-2025 15:59:44 Asia/Bangkok] Returning KG→SHEET: 10.53849051931
[11-Nov-2025 15:59:44 Asia/Bangkok] Conversion result: 500 × 10.53849051931 = 5269.2452596552
[11-Nov-2025 15:59:44 Asia/Bangkok] calculate_conversion: product=5606, from=4, to=1, qty=5269.2453
[11-Nov-2025 15:59:44 Asia/Bangkok] getConversionFactor called: product=5606, from=4, to=1
[11-Nov-2025 15:59:44 Asia/Bangkok] Unit codes: from=SHEET, to=KG
[11-Nov-2025 15:59:44 Asia/Bangkok] Paperboard calculation: W=559.00, L=485.00, GSM=350
[11-Nov-2025 15:59:44 Asia/Bangkok] Area: 0.271115 m², kg/sheet: 0.09489025, sheets/kg: 10.53849051931
[11-Nov-2025 15:59:44 Asia/Bangkok] Returning SHEET→KG: 0.09489025
[11-Nov-2025 15:59:44 Asia/Bangkok] Conversion result: 5269.2453 × 0.09489025 = 500.00000382832
[11-Nov-2025 16:00:49 Asia/Bangkok] calculate_conversion: product=5606, from=1, to=9, qty=500
[11-Nov-2025 16:00:49 Asia/Bangkok] getConversionFactor called: product=5606, from=1, to=9
[11-Nov-2025 16:00:49 Asia/Bangkok] Unit codes: from=KG, to=PCS
[11-Nov-2025 16:00:49 Asia/Bangkok] No conversion found, returning 1.0
[11-Nov-2025 16:00:49 Asia/Bangkok] Conversion result: 500 × 1 = 500
[11-Nov-2025 16:00:49 Asia/Bangkok] calculate_conversion: product=5606, from=9, to=1, qty=500
[11-Nov-2025 16:00:49 Asia/Bangkok] getConversionFactor called: product=5606, from=9, to=1
[11-Nov-2025 16:00:49 Asia/Bangkok] Unit codes: from=PCS, to=KG
[11-Nov-2025 16:00:49 Asia/Bangkok] No conversion found, returning 1.0
[11-Nov-2025 16:00:49 Asia/Bangkok] Conversion result: 500 × 1 = 500
[11-Nov-2025 16:00:49 Asia/Bangkok] calculate_conversion: product=5606, from=9, to=4, qty=500
[11-Nov-2025 16:00:49 Asia/Bangkok] getConversionFactor called: product=5606, from=9, to=4
[11-Nov-2025 16:00:49 Asia/Bangkok] Unit codes: from=PCS, to=SHEET
[11-Nov-2025 16:00:49 Asia/Bangkok] No conversion found, returning 1.0
[11-Nov-2025 16:00:49 Asia/Bangkok] Conversion result: 500 × 1 = 500
[11-Nov-2025 16:00:51 Asia/Bangkok] calculate_conversion: product=5606, from=1, to=5, qty=500
[11-Nov-2025 16:00:51 Asia/Bangkok] getConversionFactor called: product=5606, from=1, to=5
[11-Nov-2025 16:00:51 Asia/Bangkok] Unit codes: from=KG, to=PACK
[11-Nov-2025 16:00:51 Asia/Bangkok] No conversion found, returning 1.0
[11-Nov-2025 16:00:51 Asia/Bangkok] Conversion result: 500 × 1 = 500
[11-Nov-2025 16:00:51 Asia/Bangkok] calculate_conversion: product=5606, from=5, to=1, qty=500
[11-Nov-2025 16:00:51 Asia/Bangkok] getConversionFactor called: product=5606, from=5, to=1
[11-Nov-2025 16:00:51 Asia/Bangkok] Unit codes: from=PACK, to=KG
[11-Nov-2025 16:00:51 Asia/Bangkok] No conversion found, returning 1.0
[11-Nov-2025 16:00:51 Asia/Bangkok] Conversion result: 500 × 1 = 500
[11-Nov-2025 16:00:51 Asia/Bangkok] calculate_conversion: product=5606, from=5, to=4, qty=500
[11-Nov-2025 16:00:51 Asia/Bangkok] getConversionFactor called: product=5606, from=5, to=4
[11-Nov-2025 16:00:51 Asia/Bangkok] Unit codes: from=PACK, to=SHEET
[11-Nov-2025 16:00:51 Asia/Bangkok] No conversion found, returning 1.0
[11-Nov-2025 16:00:51 Asia/Bangkok] Conversion result: 500 × 1 = 500
[11-Nov-2025 16:00:54 Asia/Bangkok] calculate_conversion: product=5606, from=1, to=4, qty=500
[11-Nov-2025 16:00:54 Asia/Bangkok] getConversionFactor called: product=5606, from=1, to=4
[11-Nov-2025 16:00:54 Asia/Bangkok] Unit codes: from=KG, to=SHEET
[11-Nov-2025 16:00:54 Asia/Bangkok] Paperboard calculation: W=559.00, L=485.00, GSM=350
[11-Nov-2025 16:00:54 Asia/Bangkok] Area: 0.271115 m², kg/sheet: 0.09489025, sheets/kg: 10.53849051931
[11-Nov-2025 16:00:54 Asia/Bangkok] Returning KG→SHEET: 10.53849051931
[11-Nov-2025 16:00:54 Asia/Bangkok] Conversion result: 500 × 10.53849051931 = 5269.2452596552
[11-Nov-2025 16:00:54 Asia/Bangkok] calculate_conversion: product=5606, from=4, to=1, qty=5269.2453
[11-Nov-2025 16:00:54 Asia/Bangkok] getConversionFactor called: product=5606, from=4, to=1
[11-Nov-2025 16:00:54 Asia/Bangkok] Unit codes: from=SHEET, to=KG
[11-Nov-2025 16:00:54 Asia/Bangkok] Paperboard calculation: W=559.00, L=485.00, GSM=350
[11-Nov-2025 16:00:54 Asia/Bangkok] Area: 0.271115 m², kg/sheet: 0.09489025, sheets/kg: 10.53849051931
[11-Nov-2025 16:00:54 Asia/Bangkok] Returning SHEET→KG: 0.09489025
[11-Nov-2025 16:00:54 Asia/Bangkok] Conversion result: 5269.2453 × 0.09489025 = 500.00000382832
[11-Nov-2025 16:41:40 Asia/Bangkok] PO Items count: 1
[11-Nov-2025 16:41:40 Asia/Bangkok] Item 0: quantity=500.0000, received=.0000, pending=.0000, unit_id=1
[11-Nov-2025 16:41:41 Asia/Bangkok] calculate_conversion: product=5606, from=1, to=4, qty=500
[11-Nov-2025 16:41:41 Asia/Bangkok] getConversionFactor called: product=5606, from=1, to=4
[11-Nov-2025 16:41:41 Asia/Bangkok] Unit codes: from=KG, to=SHEET
[11-Nov-2025 16:41:41 Asia/Bangkok] Paperboard calculation: W=559.00, L=485.00, GSM=350
[11-Nov-2025 16:41:41 Asia/Bangkok] Area: 0.271115 m², kg/sheet: 0.09489025, sheets/kg: 10.53849051931
[11-Nov-2025 16:41:41 Asia/Bangkok] Returning KG→SHEET: 10.53849051931
[11-Nov-2025 16:41:41 Asia/Bangkok] Conversion result: 500 × 10.53849051931 = 5269.2452596552
[11-Nov-2025 16:41:44 Asia/Bangkok] calculate_conversion: product=5606, from=1, to=4, qty=500
[11-Nov-2025 16:41:44 Asia/Bangkok] getConversionFactor called: product=5606, from=1, to=4
[11-Nov-2025 16:41:44 Asia/Bangkok] Unit codes: from=KG, to=SHEET
[11-Nov-2025 16:41:44 Asia/Bangkok] Paperboard calculation: W=559.00, L=485.00, GSM=350
[11-Nov-2025 16:41:44 Asia/Bangkok] Area: 0.271115 m², kg/sheet: 0.09489025, sheets/kg: 10.53849051931
[11-Nov-2025 16:41:44 Asia/Bangkok] Returning KG→SHEET: 10.53849051931
[11-Nov-2025 16:41:44 Asia/Bangkok] Conversion result: 500 × 10.53849051931 = 5269.2452596552
[11-Nov-2025 16:41:44 Asia/Bangkok] calculate_conversion: product=5606, from=4, to=1, qty=5269
[11-Nov-2025 16:41:44 Asia/Bangkok] getConversionFactor called: product=5606, from=4, to=1
[11-Nov-2025 16:41:44 Asia/Bangkok] Unit codes: from=SHEET, to=KG
[11-Nov-2025 16:41:44 Asia/Bangkok] Paperboard calculation: W=559.00, L=485.00, GSM=350
[11-Nov-2025 16:41:44 Asia/Bangkok] Area: 0.271115 m², kg/sheet: 0.09489025, sheets/kg: 10.53849051931
[11-Nov-2025 16:41:44 Asia/Bangkok] Returning SHEET→KG: 0.09489025
[11-Nov-2025 16:41:44 Asia/Bangkok] Conversion result: 5269 × 0.09489025 = 499.97672725
[11-Nov-2025 16:47:15 Asia/Bangkok] Received POST data: Array
(
)

[11-Nov-2025 16:47:15 Asia/Bangkok] Raw input: {"po_data":{"po_id":"1051","po_number":"test-11-0003","po_date":"2025-11-11","total_amount":"5000.00","delivery_date":null,"notes":"","supplier_id":"9","supplier_name":"\"Hansol Paper Co.,Ltd.\"","warehouse_id":"1","receipt_date":"2025-11-11","invoice_no":"test-11-0003","received_by":"admin"},"items_data":[{"po_item_id":"1056","product_id":"5606","ordered_qty":5269,"receive_qty":5269,"unit_id":4,"unit_price":0,"total_price":0,"lot_number":"test-11-0003","mfg_date":"2025-11-11","exp_date":"2025-11-11","locations":[{"location_id":"187","quantity":5269,"lot_number":"test-11-0003","mfg_date":"2025-11-11","exp_date":"2025-11-11","pallet_count":3,"condition":"ปกติ","note":""}]}]}
[11-Nov-2025 16:47:15 Asia/Bangkok] Decoded data: Array
(
    [po_data] => Array
        (
            [po_id] => 1051
            [po_number] => test-11-0003
            [po_date] => 2025-11-11
            [total_amount] => 5000.00
            [delivery_date] => 
            [notes] => 
            [supplier_id] => 9
            [supplier_name] => "Hansol Paper Co.,Ltd."
            [warehouse_id] => 1
            [receipt_date] => 2025-11-11
            [invoice_no] => test-11-0003
            [received_by] => admin
        )

    [items_data] => Array
        (
            [0] => Array
                (
                    [po_item_id] => 1056
                    [product_id] => 5606
                    [ordered_qty] => 5269
                    [receive_qty] => 5269
                    [unit_id] => 4
                    [unit_price] => 0
                    [total_price] => 0
                    [lot_number] => test-11-0003
                    [mfg_date] => 2025-11-11
                    [exp_date] => 2025-11-11
                    [locations] => Array
                        (
                            [0] => Array
                                (
                                    [location_id] => 187
                                    [quantity] => 5269
                                    [lot_number] => test-11-0003
                                    [mfg_date] => 2025-11-11
                                    [exp_date] => 2025-11-11
                                    [pallet_count] => 3
                                    [condition] => ปกติ
                                    [note] => 
                                )

                        )

                )

        )

)

[11-Nov-2025 16:47:15 Asia/Bangkok] Starting saveReceiptEnhanced
[11-Nov-2025 16:47:15 Asia/Bangkok] Transaction started
[11-Nov-2025 16:47:15 Asia/Bangkok] PO Data: Array
(
    [po_id] => 1051
    [po_number] => test-11-0003
    [po_date] => 2025-11-11
    [total_amount] => 5000.00
    [delivery_date] => 
    [notes] => 
    [supplier_id] => 9
    [supplier_name] => "Hansol Paper Co.,Ltd."
    [warehouse_id] => 1
    [receipt_date] => 2025-11-11
    [invoice_no] => test-11-0003
    [received_by] => admin
)

[11-Nov-2025 16:47:15 Asia/Bangkok] Items: Array
(
    [0] => Array
        (
            [po_item_id] => 1056
            [product_id] => 5606
            [ordered_qty] => 5269
            [receive_qty] => 5269
            [unit_id] => 4
            [unit_price] => 0
            [total_price] => 0
            [lot_number] => test-11-0003
            [mfg_date] => 2025-11-11
            [exp_date] => 2025-11-11
            [locations] => Array
                (
                    [0] => Array
                        (
                            [location_id] => 187
                            [quantity] => 5269
                            [lot_number] => test-11-0003
                            [mfg_date] => 2025-11-11
                            [exp_date] => 2025-11-11
                            [pallet_count] => 3
                            [condition] => ปกติ
                            [note] => 
                        )

                )

        )

)

[11-Nov-2025 16:47:15 Asia/Bangkok] Resolved PO_ID: 1051
[11-Nov-2025 16:47:15 Asia/Bangkok] Generated GR Number: GR202511110006
[11-Nov-2025 16:47:15 Asia/Bangkok] Received Status ID: 2
[11-Nov-2025 16:47:15 Asia/Bangkok] SQL: INSERT INTO Goods_Receipt (
            gr_number, po_id, receipt_date, warehouse_id,
            total_amount, status, received_by, notes,
            invoice_number, receipt_type, created_date
        ) VALUES (?, ?, ?, ?, ?, 'PENDING', ?, ?, ?, 'PO', GETDATE())
[11-Nov-2025 16:47:15 Asia/Bangkok] Insert params: Array
(
    [0] => GR202511110006
    [1] => 1051
    [2] => 2025-11-11
    [3] => 1
    [4] => 5000.00
    [5] => 1
    [6] => 
    [7] => test-11-0003
)

[11-Nov-2025 16:47:15 Asia/Bangkok] GR_ID: 77
[11-Nov-2025 16:47:15 Asia/Bangkok] Processing item 0: Array
(
    [po_item_id] => 1056
    [product_id] => 5606
    [ordered_qty] => 5269
    [receive_qty] => 5269
    [unit_id] => 4
    [unit_price] => 0
    [total_price] => 0
    [lot_number] => test-11-0003
    [mfg_date] => 2025-11-11
    [exp_date] => 2025-11-11
    [locations] => Array
        (
            [0] => Array
                (
                    [location_id] => 187
                    [quantity] => 5269
                    [lot_number] => test-11-0003
                    [mfg_date] => 2025-11-11
                    [exp_date] => 2025-11-11
                    [pallet_count] => 3
                    [condition] => ปกติ
                    [note] => 
                )

        )

)

[11-Nov-2025 16:47:15 Asia/Bangkok] Using location_id: 187
[11-Nov-2025 16:47:15 Asia/Bangkok] Item params: Array
(
    [0] => 77
    [1] => 1056
    [2] => 5606
    [3] => 5269
    [4] => 5269
    [5] => 5269
    [6] => 4
    [7] => 4
    [8] => 1
    [9] => 0
    [10] => 0
    [11] => 1
    [12] => 187
    [13] => test-11-0003
    [14] => test-11-0003
    [15] => 2025-11-11
    [16] => 2025-11-11
    [17] => 2025-11-11
    [18] => 2
)

[11-Nov-2025 16:47:15 Asia/Bangkok] GR_Item_ID: 76
[11-Nov-2025 16:47:15 Asia/Bangkok] Processing location 0: Array
(
    [location_id] => 187
    [quantity] => 5269
    [lot_number] => test-11-0003
    [mfg_date] => 2025-11-11
    [exp_date] => 2025-11-11
    [pallet_count] => 3
    [condition] => ปกติ
    [note] => 
)

[11-Nov-2025 16:47:15 Asia/Bangkok] Transaction committed successfully
[11-Nov-2025 16:47:15 Asia/Bangkok] Save result: Array
(
    [success] => 1
    [message] => บันทึกใบรับสินค้าเรียบร้อยแล้ว
    [gr_number] => GR202511110006
    [gr_id] => 77
)

[12-Nov-2025 10:05:36 Asia/Bangkok] PO Items count: 1
[12-Nov-2025 10:05:36 Asia/Bangkok] Item 0: quantity=500.0000, received=.0000, pending=.0000, unit_id=1
[12-Nov-2025 10:05:37 Asia/Bangkok] calculate_conversion: product=5524, from=1, to=4, qty=500
[12-Nov-2025 10:05:37 Asia/Bangkok] getConversionFactor called: product=5524, from=1, to=4
[12-Nov-2025 10:05:37 Asia/Bangkok] Unit codes: from=KG, to=SHEET
[12-Nov-2025 10:05:37 Asia/Bangkok] Paperboard calculation: W=650.00, L=590.00, GSM=297
[12-Nov-2025 10:05:37 Asia/Bangkok] Area: 0.3835 m², kg/sheet: 0.1138995, sheets/kg: 8.7796697966189
[12-Nov-2025 10:05:37 Asia/Bangkok] Returning KG→SHEET: 8.7796697966189
[12-Nov-2025 10:05:37 Asia/Bangkok] Conversion result: 500 × 8.7796697966189 = 4389.8348983095
[12-Nov-2025 10:05:41 Asia/Bangkok] calculate_conversion: product=5524, from=1, to=4, qty=500
[12-Nov-2025 10:05:41 Asia/Bangkok] getConversionFactor called: product=5524, from=1, to=4
[12-Nov-2025 10:05:41 Asia/Bangkok] Unit codes: from=KG, to=SHEET
[12-Nov-2025 10:05:41 Asia/Bangkok] Paperboard calculation: W=650.00, L=590.00, GSM=297
[12-Nov-2025 10:05:41 Asia/Bangkok] Area: 0.3835 m², kg/sheet: 0.1138995, sheets/kg: 8.7796697966189
[12-Nov-2025 10:05:41 Asia/Bangkok] Returning KG→SHEET: 8.7796697966189
[12-Nov-2025 10:05:41 Asia/Bangkok] Conversion result: 500 × 8.7796697966189 = 4389.8348983095
[12-Nov-2025 10:05:41 Asia/Bangkok] calculate_conversion: product=5524, from=4, to=1, qty=4390
[12-Nov-2025 10:05:41 Asia/Bangkok] getConversionFactor called: product=5524, from=4, to=1
[12-Nov-2025 10:05:41 Asia/Bangkok] Unit codes: from=SHEET, to=KG
[12-Nov-2025 10:05:41 Asia/Bangkok] Paperboard calculation: W=650.00, L=590.00, GSM=297
[12-Nov-2025 10:05:41 Asia/Bangkok] Area: 0.3835 m², kg/sheet: 0.1138995, sheets/kg: 8.7796697966189
[12-Nov-2025 10:05:41 Asia/Bangkok] Returning SHEET→KG: 0.1138995
[12-Nov-2025 10:05:41 Asia/Bangkok] Conversion result: 4390 × 0.1138995 = 500.018805
[12-Nov-2025 10:45:18 Asia/Bangkok] PO Items count: 1
[12-Nov-2025 10:45:18 Asia/Bangkok] Item 0: quantity=500.0000, received=.0000, pending=.0000, unit_id=1
[12-Nov-2025 10:45:19 Asia/Bangkok] calculate_conversion: product=5524, from=1, to=4, qty=500
[12-Nov-2025 10:45:19 Asia/Bangkok] getConversionFactor called: product=5524, from=1, to=4
[12-Nov-2025 10:45:19 Asia/Bangkok] Unit codes: from=KG, to=SHEET
[12-Nov-2025 10:45:19 Asia/Bangkok] Paperboard calculation: W=650.00, L=590.00, GSM=297
[12-Nov-2025 10:45:19 Asia/Bangkok] Area: 0.3835 m², kg/sheet: 0.1138995, sheets/kg: 8.7796697966189
[12-Nov-2025 10:45:19 Asia/Bangkok] Returning KG→SHEET: 8.7796697966189
[12-Nov-2025 10:45:19 Asia/Bangkok] Conversion result: 500 × 8.7796697966189 = 4389.8348983095
[12-Nov-2025 10:45:22 Asia/Bangkok] calculate_conversion: product=5524, from=1, to=4, qty=500
[12-Nov-2025 10:45:22 Asia/Bangkok] getConversionFactor called: product=5524, from=1, to=4
[12-Nov-2025 10:45:22 Asia/Bangkok] Unit codes: from=KG, to=SHEET
[12-Nov-2025 10:45:22 Asia/Bangkok] Paperboard calculation: W=650.00, L=590.00, GSM=297
[12-Nov-2025 10:45:22 Asia/Bangkok] Area: 0.3835 m², kg/sheet: 0.1138995, sheets/kg: 8.7796697966189
[12-Nov-2025 10:45:22 Asia/Bangkok] Returning KG→SHEET: 8.7796697966189
[12-Nov-2025 10:45:22 Asia/Bangkok] Conversion result: 500 × 8.7796697966189 = 4389.8348983095
[12-Nov-2025 10:45:22 Asia/Bangkok] calculate_conversion: product=5524, from=4, to=1, qty=4390
[12-Nov-2025 10:45:22 Asia/Bangkok] getConversionFactor called: product=5524, from=4, to=1
[12-Nov-2025 10:45:22 Asia/Bangkok] Unit codes: from=SHEET, to=KG
[12-Nov-2025 10:45:22 Asia/Bangkok] Paperboard calculation: W=650.00, L=590.00, GSM=297
[12-Nov-2025 10:45:22 Asia/Bangkok] Area: 0.3835 m², kg/sheet: 0.1138995, sheets/kg: 8.7796697966189
[12-Nov-2025 10:45:22 Asia/Bangkok] Returning SHEET→KG: 0.1138995
[12-Nov-2025 10:45:22 Asia/Bangkok] Conversion result: 4390 × 0.1138995 = 500.018805
[12-Nov-2025 10:45:42 Asia/Bangkok] Received POST data: Array
(
)

[12-Nov-2025 10:45:42 Asia/Bangkok] Raw input: {"po_data":{"po_id":"1052","po_number":"test-11-0004","po_date":"2025-11-12","total_amount":"5000.00","delivery_date":null,"notes":"","supplier_id":"5","supplier_name":"Curtis  Packaging Corporation","warehouse_id":"1","receipt_date":"2025-11-12","invoice_no":"","received_by":"admin"},"items_data":[{"po_item_id":"1057","product_id":"5524","ordered_qty":4390,"receive_qty":4390,"unit_id":4,"unit_price":0,"total_price":0,"lot_number":"test-11-0004","mfg_date":"2025-11-12","exp_date":"2025-11-12","locations":[{"location_id":"115","quantity":4390,"lot_number":"test-11-0004","mfg_date":"2025-11-12","exp_date":"2025-11-12","pallet_count":5,"condition":"ปกติ","note":""}]}]}
[12-Nov-2025 10:45:42 Asia/Bangkok] Decoded data: Array
(
    [po_data] => Array
        (
            [po_id] => 1052
            [po_number] => test-11-0004
            [po_date] => 2025-11-12
            [total_amount] => 5000.00
            [delivery_date] => 
            [notes] => 
            [supplier_id] => 5
            [supplier_name] => Curtis  Packaging Corporation
            [warehouse_id] => 1
            [receipt_date] => 2025-11-12
            [invoice_no] => 
            [received_by] => admin
        )

    [items_data] => Array
        (
            [0] => Array
                (
                    [po_item_id] => 1057
                    [product_id] => 5524
                    [ordered_qty] => 4390
                    [receive_qty] => 4390
                    [unit_id] => 4
                    [unit_price] => 0
                    [total_price] => 0
                    [lot_number] => test-11-0004
                    [mfg_date] => 2025-11-12
                    [exp_date] => 2025-11-12
                    [locations] => Array
                        (
                            [0] => Array
                                (
                                    [location_id] => 115
                                    [quantity] => 4390
                                    [lot_number] => test-11-0004
                                    [mfg_date] => 2025-11-12
                                    [exp_date] => 2025-11-12
                                    [pallet_count] => 5
                                    [condition] => ปกติ
                                    [note] => 
                                )

                        )

                )

        )

)

[12-Nov-2025 10:45:42 Asia/Bangkok] Starting saveReceiptEnhanced
[12-Nov-2025 10:45:42 Asia/Bangkok] Transaction started
[12-Nov-2025 10:45:42 Asia/Bangkok] PO Data: Array
(
    [po_id] => 1052
    [po_number] => test-11-0004
    [po_date] => 2025-11-12
    [total_amount] => 5000.00
    [delivery_date] => 
    [notes] => 
    [supplier_id] => 5
    [supplier_name] => Curtis  Packaging Corporation
    [warehouse_id] => 1
    [receipt_date] => 2025-11-12
    [invoice_no] => 
    [received_by] => admin
)

[12-Nov-2025 10:45:42 Asia/Bangkok] Items: Array
(
    [0] => Array
        (
            [po_item_id] => 1057
            [product_id] => 5524
            [ordered_qty] => 4390
            [receive_qty] => 4390
            [unit_id] => 4
            [unit_price] => 0
            [total_price] => 0
            [lot_number] => test-11-0004
            [mfg_date] => 2025-11-12
            [exp_date] => 2025-11-12
            [locations] => Array
                (
                    [0] => Array
                        (
                            [location_id] => 115
                            [quantity] => 4390
                            [lot_number] => test-11-0004
                            [mfg_date] => 2025-11-12
                            [exp_date] => 2025-11-12
                            [pallet_count] => 5
                            [condition] => ปกติ
                            [note] => 
                        )

                )

        )

)

[12-Nov-2025 10:45:42 Asia/Bangkok] Resolved PO_ID: 1052
[12-Nov-2025 10:45:42 Asia/Bangkok] Generated GR Number: GR202511120001
[12-Nov-2025 10:45:42 Asia/Bangkok] Received Status ID: 2
[12-Nov-2025 10:45:42 Asia/Bangkok] SQL: INSERT INTO Goods_Receipt (
            gr_number, po_id, receipt_date, warehouse_id,
            total_amount, status, received_by, notes,
            invoice_number, receipt_type, created_date
        ) VALUES (?, ?, ?, ?, ?, 'PENDING', ?, ?, ?, 'PO', GETDATE())
[12-Nov-2025 10:45:42 Asia/Bangkok] Insert params: Array
(
    [0] => GR202511120001
    [1] => 1052
    [2] => 2025-11-12
    [3] => 1
    [4] => 5000.00
    [5] => 1
    [6] => 
    [7] => 
)

[12-Nov-2025 10:45:42 Asia/Bangkok] GR_ID: 78
[12-Nov-2025 10:45:42 Asia/Bangkok] Processing item 0: Array
(
    [po_item_id] => 1057
    [product_id] => 5524
    [ordered_qty] => 4390
    [receive_qty] => 4390
    [unit_id] => 4
    [unit_price] => 0
    [total_price] => 0
    [lot_number] => test-11-0004
    [mfg_date] => 2025-11-12
    [exp_date] => 2025-11-12
    [locations] => Array
        (
            [0] => Array
                (
                    [location_id] => 115
                    [quantity] => 4390
                    [lot_number] => test-11-0004
                    [mfg_date] => 2025-11-12
                    [exp_date] => 2025-11-12
                    [pallet_count] => 5
                    [condition] => ปกติ
                    [note] => 
                )

        )

)

[12-Nov-2025 10:45:42 Asia/Bangkok] Using location_id: 115
[12-Nov-2025 10:45:42 Asia/Bangkok] Item params: Array
(
    [0] => 78
    [1] => 1057
    [2] => 5524
    [3] => 4390
    [4] => 4390
    [5] => 4390
    [6] => 4
    [7] => 4
    [8] => 1
    [9] => 0
    [10] => 0
    [11] => 1
    [12] => 115
    [13] => test-11-0004
    [14] => test-11-0004
    [15] => 2025-11-12
    [16] => 2025-11-12
    [17] => 2025-11-12
    [18] => 2
)

[12-Nov-2025 10:45:42 Asia/Bangkok] GR_Item_ID: 77
[12-Nov-2025 10:45:42 Asia/Bangkok] Processing location 0: Array
(
    [location_id] => 115
    [quantity] => 4390
    [lot_number] => test-11-0004
    [mfg_date] => 2025-11-12
    [exp_date] => 2025-11-12
    [pallet_count] => 5
    [condition] => ปกติ
    [note] => 
)

[12-Nov-2025 10:45:42 Asia/Bangkok] Transaction committed successfully
[12-Nov-2025 10:45:42 Asia/Bangkok] Save result: Array
(
    [success] => 1
    [message] => บันทึกใบรับสินค้าเรียบร้อยแล้ว
    [gr_number] => GR202511120001
    [gr_id] => 78
)

[12-Nov-2025 15:22:19 Asia/Bangkok] PO Items count: 1
[12-Nov-2025 15:22:19 Asia/Bangkok] Item 0: quantity=500.0000, received=5269.0000, pending=.0000, unit_id=1
[13-Nov-2025 09:25:25 Asia/Bangkok] Error loading master data: SQLSTATE[42S02]: [Microsoft][ODBC Driver 17 for SQL Server][SQL Server]Invalid object name 'Master_Suppliers'.
[13-Nov-2025 09:25:47 Asia/Bangkok] AJAX Error (find_product_by_code): SQLSTATE[42S02]: [Microsoft][ODBC Driver 17 for SQL Server][SQL Server]Invalid object name 'Master_Unit'.
[13-Nov-2025 10:03:03 Asia/Bangkok] Received items: Array
(
    [0] => Array
        (
            [product_id] => 5607
            [quantity] => 50000
            [unit_id] => 4
            [warehouse_id] => 1
            [location_id] => 132
            [supplier_lot_number] => test-13-0001
            [estimated_unit_cost] => 0
            [actual_unit_cost] => 0
            [manufacturing_date] => 2025-11-13
            [expiry_date] => 2025-11-13
            [item_description] => Coated Duplex Board with white back 300 gsm size 555mmx485mm. (Hansol)
            [pallet_count] => 5
        )

)

[13-Nov-2025 10:03:03 Asia/Bangkok] Direct Receipt ID created: 14
[13-Nov-2025 10:03:03 Asia/Bangkok] Inserting item 1: ["14",1,5607,"Coated Duplex Board with white back 300 gsm size 555mmx485mm. (Hansol)",50000,4,0,0,1,132,"test-13-0001","2025-11-13","2025-11-13",5]
[13-Nov-2025 10:03:03 Asia/Bangkok] Save Direct Receipt Error: SQLSTATE[42S22]: [Microsoft][ODBC Driver 17 for SQL Server][SQL Server]Invalid column name 'pallet_count'.
[13-Nov-2025 10:03:03 Asia/Bangkok] Stack trace: #0 C:\xampp\htdocs\PD\production\pages\po\receiving_direct.php(371): PDOStatement->execute(Array)
#1 C:\xampp\htdocs\PD\production\pages\po\receiving_direct.php(164): saveDirectReceipt(Array)
#2 {main}
[13-Nov-2025 10:29:06 Asia/Bangkok] Received items: Array
(
    [0] => Array
        (
            [product_id] => 5606
            [quantity] => 50000
            [unit_id] => 4
            [warehouse_id] => 1
            [location_id] => 118
            [supplier_lot_number] => test-receiving-13-0001
            [pallet_count] => 5
            [manufacturing_date] => 2025-11-13
            [expiry_date] => 2025-11-13
            [item_description] => SC WHITE BACK 350 G 559 x 485 mm.(2H0003)
        )

)

[13-Nov-2025 10:29:06 Asia/Bangkok] Save Receipt Error: SQLSTATE[07002]: [Microsoft][ODBC Driver 17 for SQL Server]COUNT field incorrect or syntax error
[13-Nov-2025 10:29:06 Asia/Bangkok] Stack trace: #0 C:\xampp\htdocs\PD\production\pages\po\receiving_direct.php(128): PDOStatement->execute(Array)
#1 C:\xampp\htdocs\PD\production\pages\po\receiving_direct.php(371): saveDirectReceipt(Array)
#2 {main}
[13-Nov-2025 10:47:04 Asia/Bangkok] Received items: Array
(
    [0] => Array
        (
            [product_id] => 5606
            [quantity] => 50000
            [unit_id] => 4
            [warehouse_id] => 1
            [location_id] => 60
            [supplier_lot_number] => test-receiving-13-0001
            [pallet_count] => 5
            [manufacturing_date] => 2025-11-13
            [expiry_date] => 2025-11-13
            [item_description] => SC WHITE BACK 350 G 559 x 485 mm.(2H0003)
        )

)

[13-Nov-2025 10:47:04 Asia/Bangkok] Save Receipt Error: SQLSTATE[42S22]: [Microsoft][ODBC Driver 17 for SQL Server][SQL Server]Invalid column name 'PO_Number'.
[13-Nov-2025 10:47:04 Asia/Bangkok] Stack trace: #0 C:\xampp\htdocs\PD\production\pages\po\receiving_direct.php(128): PDOStatement->execute(Array)
#1 C:\xampp\htdocs\PD\production\pages\po\receiving_direct.php(372): saveDirectReceipt(Array)
#2 {main}
[13-Nov-2025 10:53:42 Asia/Bangkok] Received items: Array
(
    [0] => Array
        (
            [product_id] => 5606
            [quantity] => 50000
            [unit_id] => 4
            [warehouse_id] => 1
            [location_id] => 60
            [supplier_lot_number] => test-receiving-13-0001
            [pallet_count] => 5
            [manufacturing_date] => 2025-11-13
            [expiry_date] => 2025-11-13
            [item_description] => SC WHITE BACK 350 G 559 x 485 mm.(2H0003)
        )

)

[13-Nov-2025 10:53:42 Asia/Bangkok] GR ID created: 79
[13-Nov-2025 10:53:42 Asia/Bangkok] Save Receipt Error: SQLSTATE[42S22]: [Microsoft][ODBC Driver 17 for SQL Server][SQL Server]Invalid column name 'unit_id'.
[13-Nov-2025 10:53:42 Asia/Bangkok] Stack trace: #0 C:\xampp\htdocs\PD\production\pages\po\receiving_direct.php(167): PDOStatement->execute(Array)
#1 C:\xampp\htdocs\PD\production\pages\po\receiving_direct.php(373): saveDirectReceipt(Array)
#2 {main}
[13-Nov-2025 11:00:00 Asia/Bangkok] Received items: Array
(
    [0] => Array
        (
            [product_id] => 5903
            [quantity] => 50000
            [unit_id] => 4
            [warehouse_id] => 1
            [location_id] => 94
            [supplier_lot_number] => test-receiving-13-0001
            [pallet_count] => 5
            [manufacturing_date] => 2025-11-13
            [expiry_date] => 2025-11-13
            [item_description] => กระดาษการ์ดอาร์ตหน้าเดียวยี่ห้อ Iggesunds Invercote G 330gsm size 720x1020mm. (Sample) ปท.สวีเดน
        )

)

[13-Nov-2025 11:00:00 Asia/Bangkok] GR ID created: 80
[13-Nov-2025 11:00:00 Asia/Bangkok] Save Receipt Error: SQLSTATE[07002]: [Microsoft][ODBC Driver 17 for SQL Server]COUNT field incorrect or syntax error
[13-Nov-2025 11:00:00 Asia/Bangkok] Stack trace: #0 C:\xampp\htdocs\PD\production\pages\po\receiving_direct.php(171): PDOStatement->execute(Array)
#1 C:\xampp\htdocs\PD\production\pages\po\receiving_direct.php(382): saveDirectReceipt(Array)
#2 {main}
[13-Nov-2025 11:00:51 Asia/Bangkok] Received items: Array
(
    [0] => Array
        (
            [product_id] => 5903
            [quantity] => 50000
            [unit_id] => 4
            [warehouse_id] => 1
            [location_id] => 94
            [supplier_lot_number] => test-receiving-13-0001
            [pallet_count] => 5
            [manufacturing_date] => 2025-11-13
            [expiry_date] => 2025-11-13
            [item_description] => กระดาษการ์ดอาร์ตหน้าเดียวยี่ห้อ Iggesunds Invercote G 330gsm size 720x1020mm. (Sample) ปท.สวีเดน
        )

)

[13-Nov-2025 11:00:51 Asia/Bangkok] GR ID created: 81
[13-Nov-2025 11:00:51 Asia/Bangkok] Save Receipt Error: SQLSTATE[07002]: [Microsoft][ODBC Driver 17 for SQL Server]COUNT field incorrect or syntax error
[13-Nov-2025 11:00:51 Asia/Bangkok] Stack trace: #0 C:\xampp\htdocs\PD\production\pages\po\receiving_direct.php(171): PDOStatement->execute(Array)
#1 C:\xampp\htdocs\PD\production\pages\po\receiving_direct.php(382): saveDirectReceipt(Array)
#2 {main}
[13-Nov-2025 11:10:16 Asia/Bangkok] Received items: Array
(
    [0] => Array
        (
            [product_id] => 5903
            [quantity] => 50000
            [unit_id] => 4
            [warehouse_id] => 1
            [location_id] => 94
            [supplier_lot_number] => test-receiving-13-0001
            [pallet_count] => 5
            [manufacturing_date] => 2025-11-13
            [expiry_date] => 2025-11-13
            [item_description] => กระดาษการ์ดอาร์ตหน้าเดียวยี่ห้อ Iggesunds Invercote G 330gsm size 720x1020mm. (Sample) ปท.สวีเดน
        )

)

[13-Nov-2025 11:10:16 Asia/Bangkok] GR ID created: 82
[13-Nov-2025 15:41:49 Asia/Bangkok] PO Items count: 1
[13-Nov-2025 15:41:49 Asia/Bangkok] Item 0: quantity=5000.0000, received=.0000, pending=.0000, unit_id=1
[13-Nov-2025 15:41:50 Asia/Bangkok] calculate_conversion: product=4336, from=1, to=4, qty=5000
[13-Nov-2025 15:41:50 Asia/Bangkok] getConversionFactor called: product=4336, from=1, to=4
[13-Nov-2025 15:41:50 Asia/Bangkok] Unit codes: from=KG, to=SHEET
[13-Nov-2025 15:41:50 Asia/Bangkok] Paperboard calculation: W=717.55, L=584.20, GSM=240
[13-Nov-2025 15:41:50 Asia/Bangkok] Area: 0.41919271 m², kg/sheet: 0.1006062504, sheets/kg: 9.9397402847647
[13-Nov-2025 15:41:50 Asia/Bangkok] Returning KG→SHEET: 9.9397402847647
[13-Nov-2025 15:41:50 Asia/Bangkok] Conversion result: 5000 × 9.9397402847647 = 49698.701423823
[13-Nov-2025 15:41:58 Asia/Bangkok] calculate_conversion: product=4336, from=1, to=4, qty=5000
[13-Nov-2025 15:41:58 Asia/Bangkok] getConversionFactor called: product=4336, from=1, to=4
[13-Nov-2025 15:41:58 Asia/Bangkok] Unit codes: from=KG, to=SHEET
[13-Nov-2025 15:41:58 Asia/Bangkok] Paperboard calculation: W=717.55, L=584.20, GSM=240
[13-Nov-2025 15:41:58 Asia/Bangkok] Area: 0.41919271 m², kg/sheet: 0.1006062504, sheets/kg: 9.9397402847647
[13-Nov-2025 15:41:58 Asia/Bangkok] Returning KG→SHEET: 9.9397402847647
[13-Nov-2025 15:41:58 Asia/Bangkok] Conversion result: 5000 × 9.9397402847647 = 49698.701423823
[13-Nov-2025 15:41:59 Asia/Bangkok] calculate_conversion: product=4336, from=4, to=1, qty=49699
[13-Nov-2025 15:41:59 Asia/Bangkok] getConversionFactor called: product=4336, from=4, to=1
[13-Nov-2025 15:41:59 Asia/Bangkok] Unit codes: from=SHEET, to=KG
[13-Nov-2025 15:41:59 Asia/Bangkok] Paperboard calculation: W=717.55, L=584.20, GSM=240
[13-Nov-2025 15:41:59 Asia/Bangkok] Area: 0.41919271 m², kg/sheet: 0.1006062504, sheets/kg: 9.9397402847647
[13-Nov-2025 15:41:59 Asia/Bangkok] Returning SHEET→KG: 0.1006062504
[13-Nov-2025 15:41:59 Asia/Bangkok] Conversion result: 49699 × 0.1006062504 = 5000.0300386296
[13-Nov-2025 15:42:33 Asia/Bangkok] Received POST data: Array
(
)

[13-Nov-2025 15:42:33 Asia/Bangkok] Raw input: {"po_data":{"po_id":"1053","po_number":"test-13-0001","po_date":"2025-11-13","total_amount":"5000.00","delivery_date":null,"notes":"","supplier_id":"36","supplier_name":"บริษัท ต.กิจวิบูลย์ เทรดดิ้ง จำกัด","warehouse_id":"1","receipt_date":"2025-11-13","invoice_no":"test-13-0001","received_by":"admin"},"items_data":[{"po_item_id":"1058","product_id":"4336","ordered_qty":49699,"receive_qty":49699,"unit_id":4,"unit_price":0,"total_price":0,"lot_number":"test-13-0001","mfg_date":"2025-11-13","exp_date":"2025-11-13","locations":[{"location_id":"43","quantity":49699,"lot_number":"test-13-0001","mfg_date":"2025-11-13","exp_date":"2025-11-13","pallet_count":2,"condition":"ปกติ","note":""}]}]}
[13-Nov-2025 15:42:33 Asia/Bangkok] Decoded data: Array
(
    [po_data] => Array
        (
            [po_id] => 1053
            [po_number] => test-13-0001
            [po_date] => 2025-11-13
            [total_amount] => 5000.00
            [delivery_date] => 
            [notes] => 
            [supplier_id] => 36
            [supplier_name] => บริษัท ต.กิจวิบูลย์ เทรดดิ้ง จำกัด
            [warehouse_id] => 1
            [receipt_date] => 2025-11-13
            [invoice_no] => test-13-0001
            [received_by] => admin
        )

    [items_data] => Array
        (
            [0] => Array
                (
                    [po_item_id] => 1058
                    [product_id] => 4336
                    [ordered_qty] => 49699
                    [receive_qty] => 49699
                    [unit_id] => 4
                    [unit_price] => 0
                    [total_price] => 0
                    [lot_number] => test-13-0001
                    [mfg_date] => 2025-11-13
                    [exp_date] => 2025-11-13
                    [locations] => Array
                        (
                            [0] => Array
                                (
                                    [location_id] => 43
                                    [quantity] => 49699
                                    [lot_number] => test-13-0001
                                    [mfg_date] => 2025-11-13
                                    [exp_date] => 2025-11-13
                                    [pallet_count] => 2
                                    [condition] => ปกติ
                                    [note] => 
                                )

                        )

                )

        )

)

[13-Nov-2025 15:42:33 Asia/Bangkok] Starting saveReceiptEnhanced
[13-Nov-2025 15:42:33 Asia/Bangkok] Transaction started
[13-Nov-2025 15:42:33 Asia/Bangkok] PO Data: Array
(
    [po_id] => 1053
    [po_number] => test-13-0001
    [po_date] => 2025-11-13
    [total_amount] => 5000.00
    [delivery_date] => 
    [notes] => 
    [supplier_id] => 36
    [supplier_name] => บริษัท ต.กิจวิบูลย์ เทรดดิ้ง จำกัด
    [warehouse_id] => 1
    [receipt_date] => 2025-11-13
    [invoice_no] => test-13-0001
    [received_by] => admin
)

[13-Nov-2025 15:42:33 Asia/Bangkok] Items: Array
(
    [0] => Array
        (
            [po_item_id] => 1058
            [product_id] => 4336
            [ordered_qty] => 49699
            [receive_qty] => 49699
            [unit_id] => 4
            [unit_price] => 0
            [total_price] => 0
            [lot_number] => test-13-0001
            [mfg_date] => 2025-11-13
            [exp_date] => 2025-11-13
            [locations] => Array
                (
                    [0] => Array
                        (
                            [location_id] => 43
                            [quantity] => 49699
                            [lot_number] => test-13-0001
                            [mfg_date] => 2025-11-13
                            [exp_date] => 2025-11-13
                            [pallet_count] => 2
                            [condition] => ปกติ
                            [note] => 
                        )

                )

        )

)

[13-Nov-2025 15:42:33 Asia/Bangkok] Resolved PO_ID: 1053
[13-Nov-2025 15:42:33 Asia/Bangkok] Generated GR Number: GR202511130001
[13-Nov-2025 15:42:33 Asia/Bangkok] Received Status ID: 2
[13-Nov-2025 15:42:33 Asia/Bangkok] SQL: INSERT INTO Goods_Receipt (
            gr_number, po_id, receipt_date, warehouse_id,
            total_amount, status, received_by, notes,
            invoice_number, receipt_type, created_date
        ) VALUES (?, ?, ?, ?, ?, 'PENDING', ?, ?, ?, 'PO', GETDATE())
[13-Nov-2025 15:42:33 Asia/Bangkok] Insert params: Array
(
    [0] => GR202511130001
    [1] => 1053
    [2] => 2025-11-13
    [3] => 1
    [4] => 5000.00
    [5] => 1
    [6] => 
    [7] => test-13-0001
)

[13-Nov-2025 15:42:33 Asia/Bangkok] GR_ID: 83
[13-Nov-2025 15:42:33 Asia/Bangkok] Processing item 0: Array
(
    [po_item_id] => 1058
    [product_id] => 4336
    [ordered_qty] => 49699
    [receive_qty] => 49699
    [unit_id] => 4
    [unit_price] => 0
    [total_price] => 0
    [lot_number] => test-13-0001
    [mfg_date] => 2025-11-13
    [exp_date] => 2025-11-13
    [locations] => Array
        (
            [0] => Array
                (
                    [location_id] => 43
                    [quantity] => 49699
                    [lot_number] => test-13-0001
                    [mfg_date] => 2025-11-13
                    [exp_date] => 2025-11-13
                    [pallet_count] => 2
                    [condition] => ปกติ
                    [note] => 
                )

        )

)

[13-Nov-2025 15:42:33 Asia/Bangkok] Using location_id: 43
[13-Nov-2025 15:42:33 Asia/Bangkok] Item params: Array
(
    [0] => 83
    [1] => 1058
    [2] => 4336
    [3] => 49699
    [4] => 49699
    [5] => 49699
    [6] => 4
    [7] => 4
    [8] => 1
    [9] => 0
    [10] => 0
    [11] => 1
    [12] => 43
    [13] => test-13-0001
    [14] => test-13-0001
    [15] => 2025-11-13
    [16] => 2025-11-13
    [17] => 2025-11-13
    [18] => 2
)

[13-Nov-2025 15:42:33 Asia/Bangkok] GR_Item_ID: 79
[13-Nov-2025 15:42:33 Asia/Bangkok] Processing location 0: Array
(
    [location_id] => 43
    [quantity] => 49699
    [lot_number] => test-13-0001
    [mfg_date] => 2025-11-13
    [exp_date] => 2025-11-13
    [pallet_count] => 2
    [condition] => ปกติ
    [note] => 
)

[13-Nov-2025 15:42:33 Asia/Bangkok] Transaction committed successfully
[13-Nov-2025 15:42:33 Asia/Bangkok] Save result: Array
(
    [success] => 1
    [message] => บันทึกใบรับสินค้าเรียบร้อยแล้ว
    [gr_number] => GR202511130001
    [gr_id] => 83
)

[14-Nov-2025 11:33:44 Asia/Bangkok] Received items: Array
(
    [0] => Array
        (
            [product_id] => 4336
            [quantity] => 4000
            [unit_id] => 4
            [warehouse_id] => 1
            [location_id] => 74
            [supplier_lot_number] => test-receiving-14-0001
            [pallet_count] => 4
            [manufacturing_date] => 2025-11-14
            [expiry_date] => 2025-11-14
            [item_description] => กระดาษการ์ดอาร์ตหน้าเดียว PW  240 แกรม 28.25 x 23.00 นิ้ว (1T01)
        )

)

[14-Nov-2025 11:33:44 Asia/Bangkok] GR ID created: 84
[17-Nov-2025 11:00:08 Asia/Bangkok] Received items: Array
(
    [0] => Array
        (
            [product_id] => 6089
            [quantity] => 50000
            [unit_id] => 4
            [warehouse_id] => 1
            [location_id] => 118
            [supplier_lot_number] => test-receiving-17-0001
            [pallet_count] => 5
            [manufacturing_date] => 2025-11-17
            [expiry_date] => 2025-11-17
            [item_description] => กระดาษคราฟท์ MW 75 g. 40.00x47.00"
        )

)

[17-Nov-2025 11:00:08 Asia/Bangkok] GR ID created: 85
[17-Nov-2025 11:41:12 Asia/Bangkok] Received items: Array
(
    [0] => Array
        (
            [product_id] => 6088
            [quantity] => 20000
            [unit_id] => 4
            [warehouse_id] => 1
            [location_id] => 141
            [supplier_lot_number] => test-receiving-17-0002
            [pallet_count] => 2
            [manufacturing_date] => 2025-11-17
            [expiry_date] => 2025-11-17
            [item_description] => กระดาษคราฟท์ KI 185 แกรม 40x48.00"
        )

)

[17-Nov-2025 11:41:12 Asia/Bangkok] GR ID created: 86
[17-Nov-2025 11:41:12 Asia/Bangkok] Save Receipt Error: SQLSTATE[42S22]: [Microsoft][ODBC Driver 17 for SQL Server][SQL Server]Invalid column name 'quantity_sheets'.
[17-Nov-2025 11:41:12 Asia/Bangkok] Stack trace: #0 C:\xampp\htdocs\PD\production\pages\po\receiving_direct.php(175): PDOStatement->execute(Array)
#1 C:\xampp\htdocs\PD\production\pages\po\receiving_direct.php(387): saveDirectReceipt(Array)
#2 {main}
[17-Nov-2025 11:42:13 Asia/Bangkok] Received items: Array
(
    [0] => Array
        (
            [product_id] => 6088
            [quantity] => 20000
            [unit_id] => 4
            [warehouse_id] => 1
            [location_id] => 141
            [supplier_lot_number] => test-receiving-17-0002
            [pallet_count] => 2
            [manufacturing_date] => 2025-11-17
            [expiry_date] => 2025-11-17
            [item_description] => กระดาษคราฟท์ KI 185 แกรม 40x48.00"
        )

)

[17-Nov-2025 11:42:13 Asia/Bangkok] GR ID created: 87
[17-Nov-2025 11:46:46 Asia/Bangkok] Received items: Array
(
    [0] => Array
        (
            [product_id] => 6087
            [quantity] => 30000
            [unit_id] => 4
            [warehouse_id] => 1
            [location_id] => 46
            [supplier_lot_number] => test-receiving-17-0003
            [pallet_count] => 3
            [manufacturing_date] => 2025-11-17
            [expiry_date] => 2025-11-17
            [item_description] => กระดาษการ์ดอาร์ตหน้าเดียว PW 240 แกรม 755.65 x 542 mm.
        )

)

[17-Nov-2025 11:46:46 Asia/Bangkok] GR ID created: 88
[17-Nov-2025 11:50:58 Asia/Bangkok] Received items: Array
(
    [0] => Array
        (
            [product_id] => 6086
            [quantity] => 40000
            [unit_id] => 4
            [warehouse_id] => 1
            [location_id] => 189
            [supplier_lot_number] => test-receiving-17-0004
            [pallet_count] => 4
            [manufacturing_date] => 2025-11-17
            [expiry_date] => 2025-11-29
            [item_description] => กระดาษ MPET MMTP42I 12 micron NBF 300g 1092.20x720 mm. ฟิล์มเคลือบ 1,083 mm.
        )

)

[17-Nov-2025 11:50:58 Asia/Bangkok] GR ID created: 89
[17-Nov-2025 11:54:07 Asia/Bangkok] Received items: Array
(
    [0] => Array
        (
            [product_id] => 6086
            [quantity] => 10000
            [unit_id] => 4
            [warehouse_id] => 1
            [location_id] => 289
            [supplier_lot_number] => test-receiving-17-0005
            [pallet_count] => 2
            [manufacturing_date] => 2025-11-17
            [expiry_date] => 2025-11-17
            [item_description] => กระดาษ MPET MMTP42I 12 micron NBF 300g 1092.20x720 mm. ฟิล์มเคลือบ 1,083 mm.
        )

)

[17-Nov-2025 11:54:07 Asia/Bangkok] GR ID created: 90
[17-Nov-2025 13:32:16 Asia/Bangkok] Received items: Array
(
    [0] => Array
        (
            [product_id] => 6085
            [quantity] => 30000
            [unit_id] => 4
            [warehouse_id] => 1
            [location_id] => 112
            [supplier_lot_number] => test-receiving-17-0006
            [pallet_count] => 3
            [manufacturing_date] => 2025-11-17
            [expiry_date] => 2025-11-17
            [item_description] => กระดาษการ์ดอาร์ตหน้าเดียว PW 240 แกรม 1016 x 773 mm.
        )

)

[17-Nov-2025 13:32:16 Asia/Bangkok] GR ID created: 91
[18-Nov-2025 15:31:05 Asia/Bangkok] PO Items count: 1
[18-Nov-2025 15:31:05 Asia/Bangkok] Item 0: quantity=500.0000, received=5269.0000, pending=.0000, unit_id=1
[19-Nov-2025 09:23:02 Asia/Bangkok] PO Items count: 1
[19-Nov-2025 09:23:02 Asia/Bangkok] Item 0: quantity=500.0000, received=2286.4459, pending=.0000, unit_id=1
[19-Nov-2025 14:38:56 Asia/Bangkok] PO Items count: 1
[19-Nov-2025 14:38:56 Asia/Bangkok] Item 0: quantity=500.0000, received=5269.0000, pending=.0000, unit_id=1
[20-Nov-2025 14:47:54 Asia/Bangkok] Received items: Array
(
    [0] => Array
        (
            [product_id] => 6070
            [quantity] => 3000
            [unit_id] => 4
            [warehouse_id] => 1
            [location_id] => 94
            [supplier_lot_number] => test-receiving-20-0001
            [pallet_count] => 3
            [manufacturing_date] => 2025-11-20
            [expiry_date] => 2025-11-30
            [item_description] => กระดาษ MPET MMTP42I 12 micron NBF 300g 787.40x600 mm. ฟิล์มเคลือบ 725 mm.
        )

)

[20-Nov-2025 14:47:54 Asia/Bangkok] GR ID created: 92
[21-Nov-2025 11:24:10 Asia/Bangkok] Received items: Array
(
    [0] => Array
        (
            [product_id] => 6425
            [quantity] => 1000
            [unit_id] => 5
            [warehouse_id] => 1
            [location_id] => 169
            [supplier_lot_number] => test-receiving-21-0001
            [pallet_count] => 1
            [manufacturing_date] => 2025-11-21
            [expiry_date] => 2025-11-29
            [item_description] => กระดาษลูกฟูก VI 335 gsm FSC (ออฟเซ็ท)/CA125/KS170 ลอน F size 666.80 x 559.00 mm (แนวลอน F อยู่ด้าน 666.80 mm)
        )

)

[21-Nov-2025 11:24:10 Asia/Bangkok] GR ID created: 93
[24-Nov-2025 10:50:43 Asia/Bangkok] PO Items count: 2
[24-Nov-2025 10:50:43 Asia/Bangkok] Item 0: quantity=20000.0000, received=.0000, pending=.0000, unit_id=4
[24-Nov-2025 10:50:43 Asia/Bangkok] Item 1: quantity=30000.0000, received=.0000, pending=.0000, unit_id=4
[24-Nov-2025 10:50:44 Asia/Bangkok] calculate_conversion: product=5615, from=4, to=1, qty=30000
[24-Nov-2025 10:50:44 Asia/Bangkok] getConversionFactor called: product=5615, from=4, to=1
[24-Nov-2025 10:50:44 Asia/Bangkok] Unit codes: from=SHEET, to=KG
[24-Nov-2025 10:50:44 Asia/Bangkok] Paperboard calculation: W=935.00, L=710.00, GSM=310
[24-Nov-2025 10:50:44 Asia/Bangkok] Area: 0.66385 m², kg/sheet: 0.2057935, sheets/kg: 4.8592399662769
[24-Nov-2025 10:50:44 Asia/Bangkok] Returning SHEET→KG: 0.2057935
[24-Nov-2025 10:50:44 Asia/Bangkok] Conversion result: 30000 × 0.2057935 = 6173.805
[24-Nov-2025 10:50:44 Asia/Bangkok] calculate_conversion: product=5611, from=4, to=1, qty=20000
[24-Nov-2025 10:50:44 Asia/Bangkok] getConversionFactor called: product=5611, from=4, to=1
[24-Nov-2025 10:50:44 Asia/Bangkok] Unit codes: from=SHEET, to=KG
[24-Nov-2025 10:50:44 Asia/Bangkok] Paperboard calculation: W=889.00, L=1194.00, GSM=350
[24-Nov-2025 10:50:44 Asia/Bangkok] Area: 1.061466 m², kg/sheet: 0.3715131, sheets/kg: 2.6916951246134
[24-Nov-2025 10:50:44 Asia/Bangkok] Returning SHEET→KG: 0.3715131
[24-Nov-2025 10:50:44 Asia/Bangkok] Conversion result: 20000 × 0.3715131 = 7430.262
[24-Nov-2025 10:50:44 Asia/Bangkok] calculate_conversion: product=5611, from=1, to=4, qty=7430.262
[24-Nov-2025 10:50:44 Asia/Bangkok] getConversionFactor called: product=5611, from=1, to=4
[24-Nov-2025 10:50:44 Asia/Bangkok] Unit codes: from=KG, to=SHEET
[24-Nov-2025 10:50:44 Asia/Bangkok] Paperboard calculation: W=889.00, L=1194.00, GSM=350
[24-Nov-2025 10:50:44 Asia/Bangkok] Area: 1.061466 m², kg/sheet: 0.3715131, sheets/kg: 2.6916951246134
[24-Nov-2025 10:50:44 Asia/Bangkok] Returning KG→SHEET: 2.6916951246134
[24-Nov-2025 10:50:44 Asia/Bangkok] Conversion result: 7430.262 × 2.6916951246134 = 20000
[24-Nov-2025 10:50:44 Asia/Bangkok] calculate_conversion: product=5615, from=1, to=4, qty=6173.805
[24-Nov-2025 10:50:44 Asia/Bangkok] getConversionFactor called: product=5615, from=1, to=4
[24-Nov-2025 10:50:44 Asia/Bangkok] Unit codes: from=KG, to=SHEET
[24-Nov-2025 10:50:44 Asia/Bangkok] Paperboard calculation: W=935.00, L=710.00, GSM=310
[24-Nov-2025 10:50:44 Asia/Bangkok] Area: 0.66385 m², kg/sheet: 0.2057935, sheets/kg: 4.8592399662769
[24-Nov-2025 10:50:44 Asia/Bangkok] Returning KG→SHEET: 4.8592399662769
[24-Nov-2025 10:50:44 Asia/Bangkok] Conversion result: 6173.805 × 4.8592399662769 = 30000
[24-Nov-2025 10:51:20 Asia/Bangkok] calculate_conversion: product=5611, from=4, to=1, qty=20000
[24-Nov-2025 10:51:20 Asia/Bangkok] getConversionFactor called: product=5611, from=4, to=1
[24-Nov-2025 10:51:20 Asia/Bangkok] Unit codes: from=SHEET, to=KG
[24-Nov-2025 10:51:20 Asia/Bangkok] Paperboard calculation: W=889.00, L=1194.00, GSM=350
[24-Nov-2025 10:51:20 Asia/Bangkok] Area: 1.061466 m², kg/sheet: 0.3715131, sheets/kg: 2.6916951246134
[24-Nov-2025 10:51:20 Asia/Bangkok] Returning SHEET→KG: 0.3715131
[24-Nov-2025 10:51:20 Asia/Bangkok] Conversion result: 20000 × 0.3715131 = 7430.262
[24-Nov-2025 11:51:31 Asia/Bangkok] Received items: Array
(
    [0] => Array
        (
            [product_id] => 5950
            [quantity] => 50000
            [unit_id] => 4
            [warehouse_id] => 1
            [location_id] => 166
            [supplier_lot_number] => test-receiving-24-0001
            [pallet_count] => 5
            [manufacturing_date] => 2025-11-24
            [expiry_date] => 2025-11-30
            [item_description] => C1S Chenming Poplar Super GC1 High Bulk 255 gsm. 635x810mm.
        )

)

[24-Nov-2025 11:51:31 Asia/Bangkok] GR ID created: 94
[25-Nov-2025 07:18:20 Europe/Berlin] PHP Warning:  require_once(config.php): Failed to open stream: No such file or directory in C:\xampp\htdocs\PD\production\pages\po\purchase_cost_dashboard.php on line 9
[25-Nov-2025 07:18:20 Europe/Berlin] PHP Fatal error:  Uncaught Error: Failed opening required 'config.php' (include_path='C:\xampp\php\PEAR') in C:\xampp\htdocs\PD\production\pages\po\purchase_cost_dashboard.php:9
Stack trace:
#0 {main}
  thrown in C:\xampp\htdocs\PD\production\pages\po\purchase_cost_dashboard.php on line 9
[25-Nov-2025 07:18:21 Europe/Berlin] PHP Warning:  require_once(config.php): Failed to open stream: No such file or directory in C:\xampp\htdocs\PD\production\pages\po\purchase_cost_dashboard.php on line 9
[25-Nov-2025 07:18:21 Europe/Berlin] PHP Fatal error:  Uncaught Error: Failed opening required 'config.php' (include_path='C:\xampp\php\PEAR') in C:\xampp\htdocs\PD\production\pages\po\purchase_cost_dashboard.php:9
Stack trace:
#0 {main}
  thrown in C:\xampp\htdocs\PD\production\pages\po\purchase_cost_dashboard.php on line 9
[25-Nov-2025 07:18:23 Europe/Berlin] PHP Warning:  require_once(config.php): Failed to open stream: No such file or directory in C:\xampp\htdocs\PD\production\pages\po\purchase_cost_dashboard.php on line 9
[25-Nov-2025 07:18:23 Europe/Berlin] PHP Fatal error:  Uncaught Error: Failed opening required 'config.php' (include_path='C:\xampp\php\PEAR') in C:\xampp\htdocs\PD\production\pages\po\purchase_cost_dashboard.php:9
Stack trace:
#0 {main}
  thrown in C:\xampp\htdocs\PD\production\pages\po\purchase_cost_dashboard.php on line 9
[25-Nov-2025 07:18:23 Europe/Berlin] PHP Warning:  require_once(config.php): Failed to open stream: No such file or directory in C:\xampp\htdocs\PD\production\pages\po\purchase_cost_dashboard.php on line 9
[25-Nov-2025 07:18:23 Europe/Berlin] PHP Fatal error:  Uncaught Error: Failed opening required 'config.php' (include_path='C:\xampp\php\PEAR') in C:\xampp\htdocs\PD\production\pages\po\purchase_cost_dashboard.php:9
Stack trace:
#0 {main}
  thrown in C:\xampp\htdocs\PD\production\pages\po\purchase_cost_dashboard.php on line 9
[25-Nov-2025 07:18:26 Europe/Berlin] PHP Warning:  require_once(config.php): Failed to open stream: No such file or directory in C:\xampp\htdocs\PD\production\pages\po\purchase_cost_dashboard.php on line 9
[25-Nov-2025 07:18:26 Europe/Berlin] PHP Fatal error:  Uncaught Error: Failed opening required 'config.php' (include_path='C:\xampp\php\PEAR') in C:\xampp\htdocs\PD\production\pages\po\purchase_cost_dashboard.php:9
Stack trace:
#0 {main}
  thrown in C:\xampp\htdocs\PD\production\pages\po\purchase_cost_dashboard.php on line 9
[25-Nov-2025 07:18:26 Europe/Berlin] PHP Warning:  require_once(config.php): Failed to open stream: No such file or directory in C:\xampp\htdocs\PD\production\pages\po\purchase_cost_dashboard.php on line 9
[25-Nov-2025 07:18:26 Europe/Berlin] PHP Fatal error:  Uncaught Error: Failed opening required 'config.php' (include_path='C:\xampp\php\PEAR') in C:\xampp\htdocs\PD\production\pages\po\purchase_cost_dashboard.php:9
Stack trace:
#0 {main}
  thrown in C:\xampp\htdocs\PD\production\pages\po\purchase_cost_dashboard.php on line 9
[25-Nov-2025 07:18:26 Europe/Berlin] PHP Warning:  require_once(config.php): Failed to open stream: No such file or directory in C:\xampp\htdocs\PD\production\pages\po\purchase_cost_dashboard.php on line 9
[25-Nov-2025 07:18:26 Europe/Berlin] PHP Fatal error:  Uncaught Error: Failed opening required 'config.php' (include_path='C:\xampp\php\PEAR') in C:\xampp\htdocs\PD\production\pages\po\purchase_cost_dashboard.php:9
Stack trace:
#0 {main}
  thrown in C:\xampp\htdocs\PD\production\pages\po\purchase_cost_dashboard.php on line 9
[25-Nov-2025 07:18:26 Europe/Berlin] PHP Warning:  require_once(config.php): Failed to open stream: No such file or directory in C:\xampp\htdocs\PD\production\pages\po\purchase_cost_dashboard.php on line 9
[25-Nov-2025 07:18:26 Europe/Berlin] PHP Fatal error:  Uncaught Error: Failed opening required 'config.php' (include_path='C:\xampp\php\PEAR') in C:\xampp\htdocs\PD\production\pages\po\purchase_cost_dashboard.php:9
Stack trace:
#0 {main}
  thrown in C:\xampp\htdocs\PD\production\pages\po\purchase_cost_dashboard.php on line 9
[25-Nov-2025 07:18:26 Europe/Berlin] PHP Warning:  require_once(config.php): Failed to open stream: No such file or directory in C:\xampp\htdocs\PD\production\pages\po\purchase_cost_dashboard.php on line 9
[25-Nov-2025 07:18:26 Europe/Berlin] PHP Fatal error:  Uncaught Error: Failed opening required 'config.php' (include_path='C:\xampp\php\PEAR') in C:\xampp\htdocs\PD\production\pages\po\purchase_cost_dashboard.php:9
Stack trace:
#0 {main}
  thrown in C:\xampp\htdocs\PD\production\pages\po\purchase_cost_dashboard.php on line 9
[25-Nov-2025 07:18:27 Europe/Berlin] PHP Warning:  require_once(config.php): Failed to open stream: No such file or directory in C:\xampp\htdocs\PD\production\pages\po\purchase_cost_dashboard.php on line 9
[25-Nov-2025 07:18:27 Europe/Berlin] PHP Fatal error:  Uncaught Error: Failed opening required 'config.php' (include_path='C:\xampp\php\PEAR') in C:\xampp\htdocs\PD\production\pages\po\purchase_cost_dashboard.php:9
Stack trace:
#0 {main}
  thrown in C:\xampp\htdocs\PD\production\pages\po\purchase_cost_dashboard.php on line 9
[25-Nov-2025 07:18:27 Europe/Berlin] PHP Warning:  require_once(config.php): Failed to open stream: No such file or directory in C:\xampp\htdocs\PD\production\pages\po\purchase_cost_dashboard.php on line 9
[25-Nov-2025 07:18:27 Europe/Berlin] PHP Fatal error:  Uncaught Error: Failed opening required 'config.php' (include_path='C:\xampp\php\PEAR') in C:\xampp\htdocs\PD\production\pages\po\purchase_cost_dashboard.php:9
Stack trace:
#0 {main}
  thrown in C:\xampp\htdocs\PD\production\pages\po\purchase_cost_dashboard.php on line 9
[25-Nov-2025 07:18:27 Europe/Berlin] PHP Warning:  require_once(config.php): Failed to open stream: No such file or directory in C:\xampp\htdocs\PD\production\pages\po\purchase_cost_dashboard.php on line 9
[25-Nov-2025 07:18:27 Europe/Berlin] PHP Fatal error:  Uncaught Error: Failed opening required 'config.php' (include_path='C:\xampp\php\PEAR') in C:\xampp\htdocs\PD\production\pages\po\purchase_cost_dashboard.php:9
Stack trace:
#0 {main}
  thrown in C:\xampp\htdocs\PD\production\pages\po\purchase_cost_dashboard.php on line 9
[25-Nov-2025 07:18:36 Europe/Berlin] PHP Warning:  require_once(config.php): Failed to open stream: No such file or directory in C:\xampp\htdocs\PD\production\pages\po\purchase_cost_dashboard.php on line 9
[25-Nov-2025 07:18:36 Europe/Berlin] PHP Fatal error:  Uncaught Error: Failed opening required 'config.php' (include_path='C:\xampp\php\PEAR') in C:\xampp\htdocs\PD\production\pages\po\purchase_cost_dashboard.php:9
Stack trace:
#0 {main}
  thrown in C:\xampp\htdocs\PD\production\pages\po\purchase_cost_dashboard.php on line 9
[25-Nov-2025 07:18:36 Europe/Berlin] PHP Warning:  require_once(config.php): Failed to open stream: No such file or directory in C:\xampp\htdocs\PD\production\pages\po\purchase_cost_dashboard.php on line 9
[25-Nov-2025 07:18:36 Europe/Berlin] PHP Fatal error:  Uncaught Error: Failed opening required 'config.php' (include_path='C:\xampp\php\PEAR') in C:\xampp\htdocs\PD\production\pages\po\purchase_cost_dashboard.php:9
Stack trace:
#0 {main}
  thrown in C:\xampp\htdocs\PD\production\pages\po\purchase_cost_dashboard.php on line 9
[25-Nov-2025 07:18:37 Europe/Berlin] PHP Warning:  require_once(config.php): Failed to open stream: No such file or directory in C:\xampp\htdocs\PD\production\pages\po\purchase_cost_dashboard.php on line 9
[25-Nov-2025 07:18:37 Europe/Berlin] PHP Fatal error:  Uncaught Error: Failed opening required 'config.php' (include_path='C:\xampp\php\PEAR') in C:\xampp\htdocs\PD\production\pages\po\purchase_cost_dashboard.php:9
Stack trace:
#0 {main}
  thrown in C:\xampp\htdocs\PD\production\pages\po\purchase_cost_dashboard.php on line 9
[25-Nov-2025 07:18:37 Europe/Berlin] PHP Warning:  require_once(config.php): Failed to open stream: No such file or directory in C:\xampp\htdocs\PD\production\pages\po\purchase_cost_dashboard.php on line 9
[25-Nov-2025 07:18:37 Europe/Berlin] PHP Fatal error:  Uncaught Error: Failed opening required 'config.php' (include_path='C:\xampp\php\PEAR') in C:\xampp\htdocs\PD\production\pages\po\purchase_cost_dashboard.php:9
Stack trace:
#0 {main}
  thrown in C:\xampp\htdocs\PD\production\pages\po\purchase_cost_dashboard.php on line 9
[25-Nov-2025 07:18:37 Europe/Berlin] PHP Warning:  require_once(config.php): Failed to open stream: No such file or directory in C:\xampp\htdocs\PD\production\pages\po\purchase_cost_dashboard.php on line 9
[25-Nov-2025 07:18:37 Europe/Berlin] PHP Fatal error:  Uncaught Error: Failed opening required 'config.php' (include_path='C:\xampp\php\PEAR') in C:\xampp\htdocs\PD\production\pages\po\purchase_cost_dashboard.php:9
Stack trace:
#0 {main}
  thrown in C:\xampp\htdocs\PD\production\pages\po\purchase_cost_dashboard.php on line 9
[25-Nov-2025 07:18:37 Europe/Berlin] PHP Warning:  require_once(config.php): Failed to open stream: No such file or directory in C:\xampp\htdocs\PD\production\pages\po\purchase_cost_dashboard.php on line 9
[25-Nov-2025 07:18:37 Europe/Berlin] PHP Fatal error:  Uncaught Error: Failed opening required 'config.php' (include_path='C:\xampp\php\PEAR') in C:\xampp\htdocs\PD\production\pages\po\purchase_cost_dashboard.php:9
Stack trace:
#0 {main}
  thrown in C:\xampp\htdocs\PD\production\pages\po\purchase_cost_dashboard.php on line 9
[25-Nov-2025 07:18:37 Europe/Berlin] PHP Warning:  require_once(config.php): Failed to open stream: No such file or directory in C:\xampp\htdocs\PD\production\pages\po\purchase_cost_dashboard.php on line 9
[25-Nov-2025 07:18:37 Europe/Berlin] PHP Fatal error:  Uncaught Error: Failed opening required 'config.php' (include_path='C:\xampp\php\PEAR') in C:\xampp\htdocs\PD\production\pages\po\purchase_cost_dashboard.php:9
Stack trace:
#0 {main}
  thrown in C:\xampp\htdocs\PD\production\pages\po\purchase_cost_dashboard.php on line 9
[25-Nov-2025 07:18:38 Europe/Berlin] PHP Warning:  require_once(config.php): Failed to open stream: No such file or directory in C:\xampp\htdocs\PD\production\pages\po\purchase_cost_dashboard.php on line 9
[25-Nov-2025 07:18:38 Europe/Berlin] PHP Fatal error:  Uncaught Error: Failed opening required 'config.php' (include_path='C:\xampp\php\PEAR') in C:\xampp\htdocs\PD\production\pages\po\purchase_cost_dashboard.php:9
Stack trace:
#0 {main}
  thrown in C:\xampp\htdocs\PD\production\pages\po\purchase_cost_dashboard.php on line 9
[25-Nov-2025 07:18:38 Europe/Berlin] PHP Warning:  require_once(config.php): Failed to open stream: No such file or directory in C:\xampp\htdocs\PD\production\pages\po\purchase_cost_dashboard.php on line 9
[25-Nov-2025 07:18:38 Europe/Berlin] PHP Fatal error:  Uncaught Error: Failed opening required 'config.php' (include_path='C:\xampp\php\PEAR') in C:\xampp\htdocs\PD\production\pages\po\purchase_cost_dashboard.php:9
Stack trace:
#0 {main}
  thrown in C:\xampp\htdocs\PD\production\pages\po\purchase_cost_dashboard.php on line 9
[25-Nov-2025 07:18:38 Europe/Berlin] PHP Warning:  require_once(config.php): Failed to open stream: No such file or directory in C:\xampp\htdocs\PD\production\pages\po\purchase_cost_dashboard.php on line 9
[25-Nov-2025 07:18:38 Europe/Berlin] PHP Fatal error:  Uncaught Error: Failed opening required 'config.php' (include_path='C:\xampp\php\PEAR') in C:\xampp\htdocs\PD\production\pages\po\purchase_cost_dashboard.php:9
Stack trace:
#0 {main}
  thrown in C:\xampp\htdocs\PD\production\pages\po\purchase_cost_dashboard.php on line 9
[25-Nov-2025 07:18:39 Europe/Berlin] PHP Warning:  require_once(config.php): Failed to open stream: No such file or directory in C:\xampp\htdocs\PD\production\pages\po\purchase_cost_dashboard.php on line 9
[25-Nov-2025 07:18:39 Europe/Berlin] PHP Fatal error:  Uncaught Error: Failed opening required 'config.php' (include_path='C:\xampp\php\PEAR') in C:\xampp\htdocs\PD\production\pages\po\purchase_cost_dashboard.php:9
Stack trace:
#0 {main}
  thrown in C:\xampp\htdocs\PD\production\pages\po\purchase_cost_dashboard.php on line 9
[25-Nov-2025 07:18:39 Europe/Berlin] PHP Warning:  require_once(config.php): Failed to open stream: No such file or directory in C:\xampp\htdocs\PD\production\pages\po\purchase_cost_dashboard.php on line 9
[25-Nov-2025 07:18:39 Europe/Berlin] PHP Fatal error:  Uncaught Error: Failed opening required 'config.php' (include_path='C:\xampp\php\PEAR') in C:\xampp\htdocs\PD\production\pages\po\purchase_cost_dashboard.php:9
Stack trace:
#0 {main}
  thrown in C:\xampp\htdocs\PD\production\pages\po\purchase_cost_dashboard.php on line 9
[25-Nov-2025 07:18:39 Europe/Berlin] PHP Warning:  require_once(config.php): Failed to open stream: No such file or directory in C:\xampp\htdocs\PD\production\pages\po\purchase_cost_dashboard.php on line 9
[25-Nov-2025 07:18:39 Europe/Berlin] PHP Fatal error:  Uncaught Error: Failed opening required 'config.php' (include_path='C:\xampp\php\PEAR') in C:\xampp\htdocs\PD\production\pages\po\purchase_cost_dashboard.php:9
Stack trace:
#0 {main}
  thrown in C:\xampp\htdocs\PD\production\pages\po\purchase_cost_dashboard.php on line 9
[25-Nov-2025 07:18:39 Europe/Berlin] PHP Warning:  require_once(config.php): Failed to open stream: No such file or directory in C:\xampp\htdocs\PD\production\pages\po\purchase_cost_dashboard.php on line 9
[25-Nov-2025 07:18:39 Europe/Berlin] PHP Fatal error:  Uncaught Error: Failed opening required 'config.php' (include_path='C:\xampp\php\PEAR') in C:\xampp\htdocs\PD\production\pages\po\purchase_cost_dashboard.php:9
Stack trace:
#0 {main}
  thrown in C:\xampp\htdocs\PD\production\pages\po\purchase_cost_dashboard.php on line 9
[25-Nov-2025 07:18:39 Europe/Berlin] PHP Warning:  require_once(config.php): Failed to open stream: No such file or directory in C:\xampp\htdocs\PD\production\pages\po\purchase_cost_dashboard.php on line 9
[25-Nov-2025 07:18:39 Europe/Berlin] PHP Fatal error:  Uncaught Error: Failed opening required 'config.php' (include_path='C:\xampp\php\PEAR') in C:\xampp\htdocs\PD\production\pages\po\purchase_cost_dashboard.php:9
Stack trace:
#0 {main}
  thrown in C:\xampp\htdocs\PD\production\pages\po\purchase_cost_dashboard.php on line 9
[25-Nov-2025 07:18:40 Europe/Berlin] PHP Warning:  require_once(config.php): Failed to open stream: No such file or directory in C:\xampp\htdocs\PD\production\pages\po\purchase_cost_dashboard.php on line 9
[25-Nov-2025 07:18:40 Europe/Berlin] PHP Fatal error:  Uncaught Error: Failed opening required 'config.php' (include_path='C:\xampp\php\PEAR') in C:\xampp\htdocs\PD\production\pages\po\purchase_cost_dashboard.php:9
Stack trace:
#0 {main}
  thrown in C:\xampp\htdocs\PD\production\pages\po\purchase_cost_dashboard.php on line 9
[25-Nov-2025 07:18:40 Europe/Berlin] PHP Warning:  require_once(config.php): Failed to open stream: No such file or directory in C:\xampp\htdocs\PD\production\pages\po\purchase_cost_dashboard.php on line 9
[25-Nov-2025 07:18:40 Europe/Berlin] PHP Fatal error:  Uncaught Error: Failed opening required 'config.php' (include_path='C:\xampp\php\PEAR') in C:\xampp\htdocs\PD\production\pages\po\purchase_cost_dashboard.php:9
Stack trace:
#0 {main}
  thrown in C:\xampp\htdocs\PD\production\pages\po\purchase_cost_dashboard.php on line 9
[25-Nov-2025 07:18:48 Europe/Berlin] PHP Warning:  require_once(config.php): Failed to open stream: No such file or directory in C:\xampp\htdocs\PD\production\pages\po\purchase_cost_dashboard.php on line 9
[25-Nov-2025 07:18:48 Europe/Berlin] PHP Fatal error:  Uncaught Error: Failed opening required 'config.php' (include_path='C:\xampp\php\PEAR') in C:\xampp\htdocs\PD\production\pages\po\purchase_cost_dashboard.php:9
Stack trace:
#0 {main}
  thrown in C:\xampp\htdocs\PD\production\pages\po\purchase_cost_dashboard.php on line 9
[25-Nov-2025 07:18:49 Europe/Berlin] PHP Warning:  require_once(config.php): Failed to open stream: No such file or directory in C:\xampp\htdocs\PD\production\pages\po\purchase_cost_dashboard.php on line 9
[25-Nov-2025 07:18:49 Europe/Berlin] PHP Fatal error:  Uncaught Error: Failed opening required 'config.php' (include_path='C:\xampp\php\PEAR') in C:\xampp\htdocs\PD\production\pages\po\purchase_cost_dashboard.php:9
Stack trace:
#0 {main}
  thrown in C:\xampp\htdocs\PD\production\pages\po\purchase_cost_dashboard.php on line 9
[25-Nov-2025 16:22:12 Asia/Bangkok] PO Items count: 1
[25-Nov-2025 16:22:12 Asia/Bangkok] Item 0: quantity=500.0000, received=5269.0000, pending=.0000, unit_id=1
[25-Nov-2025 16:26:24 Asia/Bangkok] PO Items count: 2
[25-Nov-2025 16:26:24 Asia/Bangkok] Item 0: quantity=20000.0000, received=.0000, pending=.0000, unit_id=4
[25-Nov-2025 16:26:24 Asia/Bangkok] Item 1: quantity=30000.0000, received=.0000, pending=.0000, unit_id=4
[25-Nov-2025 16:26:24 Asia/Bangkok] calculate_conversion: product=5611, from=4, to=1, qty=20000
[25-Nov-2025 16:26:24 Asia/Bangkok] getConversionFactor called: product=5611, from=4, to=1
[25-Nov-2025 16:26:24 Asia/Bangkok] Unit codes: from=SHEET, to=KG
[25-Nov-2025 16:26:24 Asia/Bangkok] Paperboard calculation: W=889.00, L=1194.00, GSM=350
[25-Nov-2025 16:26:24 Asia/Bangkok] Area: 1.061466 m², kg/sheet: 0.3715131, sheets/kg: 2.6916951246134
[25-Nov-2025 16:26:24 Asia/Bangkok] Returning SHEET→KG: 0.3715131
[25-Nov-2025 16:26:24 Asia/Bangkok] Conversion result: 20000 × 0.3715131 = 7430.262
[25-Nov-2025 16:26:24 Asia/Bangkok] calculate_conversion: product=5615, from=4, to=1, qty=30000
[25-Nov-2025 16:26:24 Asia/Bangkok] getConversionFactor called: product=5615, from=4, to=1
[25-Nov-2025 16:26:24 Asia/Bangkok] Unit codes: from=SHEET, to=KG
[25-Nov-2025 16:26:24 Asia/Bangkok] Paperboard calculation: W=935.00, L=710.00, GSM=310
[25-Nov-2025 16:26:24 Asia/Bangkok] Area: 0.66385 m², kg/sheet: 0.2057935, sheets/kg: 4.8592399662769
[25-Nov-2025 16:26:24 Asia/Bangkok] Returning SHEET→KG: 0.2057935
[25-Nov-2025 16:26:24 Asia/Bangkok] Conversion result: 30000 × 0.2057935 = 6173.805
[25-Nov-2025 16:26:24 Asia/Bangkok] calculate_conversion: product=5611, from=1, to=4, qty=7430.262
[25-Nov-2025 16:26:24 Asia/Bangkok] getConversionFactor called: product=5611, from=1, to=4
[25-Nov-2025 16:26:24 Asia/Bangkok] Unit codes: from=KG, to=SHEET
[25-Nov-2025 16:26:24 Asia/Bangkok] Paperboard calculation: W=889.00, L=1194.00, GSM=350
[25-Nov-2025 16:26:24 Asia/Bangkok] Area: 1.061466 m², kg/sheet: 0.3715131, sheets/kg: 2.6916951246134
[25-Nov-2025 16:26:24 Asia/Bangkok] Returning KG→SHEET: 2.6916951246134
[25-Nov-2025 16:26:25 Asia/Bangkok] Conversion result: 7430.262 × 2.6916951246134 = 20000
[25-Nov-2025 16:26:25 Asia/Bangkok] calculate_conversion: product=5615, from=1, to=4, qty=6173.805
[25-Nov-2025 16:26:25 Asia/Bangkok] getConversionFactor called: product=5615, from=1, to=4
[25-Nov-2025 16:26:25 Asia/Bangkok] Unit codes: from=KG, to=SHEET
[25-Nov-2025 16:26:25 Asia/Bangkok] Paperboard calculation: W=935.00, L=710.00, GSM=310
[25-Nov-2025 16:26:25 Asia/Bangkok] Area: 0.66385 m², kg/sheet: 0.2057935, sheets/kg: 4.8592399662769
[25-Nov-2025 16:26:25 Asia/Bangkok] Returning KG→SHEET: 4.8592399662769
[25-Nov-2025 16:26:25 Asia/Bangkok] Conversion result: 6173.805 × 4.8592399662769 = 30000
[25-Nov-2025 16:27:08 Asia/Bangkok] PO Items count: 1
[25-Nov-2025 16:27:08 Asia/Bangkok] Item 0: quantity=5000.0000, received=.0000, pending=.0000, unit_id=1
[25-Nov-2025 16:27:09 Asia/Bangkok] calculate_conversion: product=5610, from=1, to=4, qty=5000
[25-Nov-2025 16:27:09 Asia/Bangkok] getConversionFactor called: product=5610, from=1, to=4
[25-Nov-2025 16:27:09 Asia/Bangkok] Unit codes: from=KG, to=SHEET
[25-Nov-2025 16:27:09 Asia/Bangkok] Paperboard calculation: W=650.00, L=950.00, GSM=350
[25-Nov-2025 16:27:09 Asia/Bangkok] Area: 0.6175 m², kg/sheet: 0.216125, sheets/kg: 4.626951995373
[25-Nov-2025 16:27:09 Asia/Bangkok] Returning KG→SHEET: 4.626951995373
[25-Nov-2025 16:27:09 Asia/Bangkok] Conversion result: 5000 × 4.626951995373 = 23134.759976865
[25-Nov-2025 16:27:21 Asia/Bangkok] calculate_conversion: product=5610, from=1, to=4, qty=5000
[25-Nov-2025 16:27:21 Asia/Bangkok] getConversionFactor called: product=5610, from=1, to=4
[25-Nov-2025 16:27:21 Asia/Bangkok] Unit codes: from=KG, to=SHEET
[25-Nov-2025 16:27:21 Asia/Bangkok] Paperboard calculation: W=650.00, L=950.00, GSM=350
[25-Nov-2025 16:27:21 Asia/Bangkok] Area: 0.6175 m², kg/sheet: 0.216125, sheets/kg: 4.626951995373
[25-Nov-2025 16:27:21 Asia/Bangkok] Returning KG→SHEET: 4.626951995373
[25-Nov-2025 16:27:21 Asia/Bangkok] Conversion result: 5000 × 4.626951995373 = 23134.759976865
[25-Nov-2025 16:27:21 Asia/Bangkok] calculate_conversion: product=5610, from=4, to=1, qty=23135
[25-Nov-2025 16:27:21 Asia/Bangkok] getConversionFactor called: product=5610, from=4, to=1
[25-Nov-2025 16:27:21 Asia/Bangkok] Unit codes: from=SHEET, to=KG
[25-Nov-2025 16:27:21 Asia/Bangkok] Paperboard calculation: W=650.00, L=950.00, GSM=350
[25-Nov-2025 16:27:21 Asia/Bangkok] Area: 0.6175 m², kg/sheet: 0.216125, sheets/kg: 4.626951995373
[25-Nov-2025 16:27:21 Asia/Bangkok] Returning SHEET→KG: 0.216125
[25-Nov-2025 16:27:21 Asia/Bangkok] Conversion result: 23135 × 0.216125 = 5000.051875
[27-Nov-2025 14:30:11 Asia/Bangkok] Received items: Array
(
    [0] => Array
        (
            [product_id] => 4781
            [quantity] => 100
            [unit_id] => 5
            [warehouse_id] => 1
            [location_id] => 158
            [supplier_lot_number] => test-receiving-11-0001
            [pallet_count] => 1
            [manufacturing_date] => 2025-11-27
            [expiry_date] => 2025-11-27
            [item_description] => กระดาษการ์ตอาร์ตหน้าเดียว SB 250 แกรม 43.00 x 42.00 นิ้ว (1T01)
        )

)

[27-Nov-2025 14:30:11 Asia/Bangkok] GR ID created: 95
[27-Nov-2025 14:51:32 Asia/Bangkok] Received items: Array
(
    [0] => Array
        (
            [product_id] => 6198
            [quantity] => 1000
            [unit_id] => 4
            [warehouse_id] => 1
            [location_id] => 158
            [supplier_lot_number] => test-receiving-27-0001
            [pallet_count] => 1
            [manufacturing_date] => 2025-11-27
            [expiry_date] => 2025-11-30
            [item_description] => กระดาษการ์ดอาร์ตมันหน้าเดียว PK 350 g 600 mm.(1H01) ฝาก 75% PEFC
        )

)

[27-Nov-2025 14:51:32 Asia/Bangkok] GR ID created: 96
[27-Nov-2025 14:51:32 Asia/Bangkok] Save Receipt Error: SQLSTATE[42S22]: [Microsoft][ODBC Driver 17 for SQL Server][SQL Server]Invalid column name 'unit_id'.
[27-Nov-2025 14:51:32 Asia/Bangkok] Stack trace: #0 C:\xampp\htdocs\PD\production\pages\po\receiving_direct.php(215): PDOStatement->execute(Array)
#1 C:\xampp\htdocs\PD\production\pages\po\receiving_direct.php(441): saveDirectReceipt(Array)
#2 {main}
[27-Nov-2025 14:53:47 Asia/Bangkok] Received items: Array
(
    [0] => Array
        (
            [product_id] => 6198
            [quantity] => 1000
            [unit_id] => 4
            [warehouse_id] => 1
            [location_id] => 158
            [supplier_lot_number] => test-receiving-27-0001
            [pallet_count] => 1
            [manufacturing_date] => 2025-11-27
            [expiry_date] => 2025-11-29
            [item_description] => กระดาษการ์ดอาร์ตมันหน้าเดียว PK 350 g 600 mm.(1H01) ฝาก 75% PEFC
        )

)

[27-Nov-2025 14:53:47 Asia/Bangkok] GR ID created: 97
[27-Nov-2025 14:53:47 Asia/Bangkok] Save Receipt Error: SQLSTATE[42S22]: [Microsoft][ODBC Driver 17 for SQL Server][SQL Server]Invalid column name 'gri_id'.
[27-Nov-2025 14:53:47 Asia/Bangkok] Stack trace: #0 C:\xampp\htdocs\PD\production\pages\po\receiving_direct.php(224): PDOStatement->execute(Array)
#1 C:\xampp\htdocs\PD\production\pages\po\receiving_direct.php(450): saveDirectReceipt(Array)
#2 {main}
[27-Nov-2025 14:55:03 Asia/Bangkok] Received items: Array
(
    [0] => Array
        (
            [product_id] => 6198
            [quantity] => 1000
            [unit_id] => 4
            [warehouse_id] => 1
            [location_id] => 158
            [supplier_lot_number] => test-receiving-27-0001
            [pallet_count] => 1
            [manufacturing_date] => 2025-11-27
            [expiry_date] => 2025-11-30
            [item_description] => กระดาษการ์ดอาร์ตมันหน้าเดียว PK 350 g 600 mm.(1H01) ฝาก 75% PEFC
        )

)

[27-Nov-2025 14:55:03 Asia/Bangkok] GR ID created: 98
[27-Nov-2025 14:58:40 Asia/Bangkok] Received items: Array
(
    [0] => Array
        (
            [product_id] => 6198
            [quantity] => 1000
            [unit_id] => 4
            [warehouse_id] => 1
            [location_id] => 157
            [supplier_lot_number] => test-receiving-27-0002
            [pallet_count] => 1
            [manufacturing_date] => 2025-11-27
            [expiry_date] => 2025-11-27
            [item_description] => กระดาษการ์ดอาร์ตมันหน้าเดียว PK 350 g 600 mm.(1H01) ฝาก 75% PEFC
        )

)

[27-Nov-2025 14:58:40 Asia/Bangkok] GR ID created: 99
[27-Nov-2025 15:00:47 Asia/Bangkok] Received items: Array
(
    [0] => Array
        (
            [product_id] => 6198
            [quantity] => 1000
            [unit_id] => 5
            [warehouse_id] => 1
            [location_id] => 158
            [supplier_lot_number] => test-receiving-27-0001
            [pallet_count] => 1
            [manufacturing_date] => 2025-11-27
            [expiry_date] => 2025-11-27
            [item_description] => กระดาษการ์ดอาร์ตมันหน้าเดียว PK 350 g 600 mm.(1H01) ฝาก 75% PEFC
        )

)

[27-Nov-2025 15:00:47 Asia/Bangkok] GR ID created: 100
[27-Nov-2025 15:09:05 Asia/Bangkok] PO Items count: 1
[27-Nov-2025 15:09:05 Asia/Bangkok] Item 0: quantity=1000.0000, received=.0000, pending=.0000, unit_id=1
[27-Nov-2025 15:09:06 Asia/Bangkok] calculate_conversion: product=876, from=1, to=4, qty=1000
[27-Nov-2025 15:09:06 Asia/Bangkok] getConversionFactor called: product=876, from=1, to=4
[27-Nov-2025 15:09:06 Asia/Bangkok] Unit codes: from=KG, to=SHEET
[27-Nov-2025 15:09:06 Asia/Bangkok] Paperboard calculation: W=609.60, L=914.40, GSM=105
[27-Nov-2025 15:09:06 Asia/Bangkok] Area: 0.55741824 m², kg/sheet: 0.0585289152, sheets/kg: 17.085572090015
[27-Nov-2025 15:09:06 Asia/Bangkok] Returning KG→SHEET: 17.085572090015
[27-Nov-2025 15:09:06 Asia/Bangkok] Conversion result: 1000 × 17.085572090015 = 17085.572090015
[27-Nov-2025 15:09:38 Asia/Bangkok] calculate_conversion: product=876, from=1, to=4, qty=1000
[27-Nov-2025 15:09:38 Asia/Bangkok] getConversionFactor called: product=876, from=1, to=4
[27-Nov-2025 15:09:38 Asia/Bangkok] Unit codes: from=KG, to=SHEET
[27-Nov-2025 15:09:38 Asia/Bangkok] Paperboard calculation: W=609.60, L=914.40, GSM=105
[27-Nov-2025 15:09:38 Asia/Bangkok] Area: 0.55741824 m², kg/sheet: 0.0585289152, sheets/kg: 17.085572090015
[27-Nov-2025 15:09:38 Asia/Bangkok] Returning KG→SHEET: 17.085572090015
[27-Nov-2025 15:09:38 Asia/Bangkok] Conversion result: 1000 × 17.085572090015 = 17085.572090015
[27-Nov-2025 15:09:38 Asia/Bangkok] calculate_conversion: product=876, from=4, to=1, qty=17086
[27-Nov-2025 15:09:38 Asia/Bangkok] getConversionFactor called: product=876, from=4, to=1
[27-Nov-2025 15:09:38 Asia/Bangkok] Unit codes: from=SHEET, to=KG
[27-Nov-2025 15:09:38 Asia/Bangkok] Paperboard calculation: W=609.60, L=914.40, GSM=105
[27-Nov-2025 15:09:38 Asia/Bangkok] Area: 0.55741824 m², kg/sheet: 0.0585289152, sheets/kg: 17.085572090015
[27-Nov-2025 15:09:38 Asia/Bangkok] Returning SHEET→KG: 0.0585289152
[27-Nov-2025 15:09:38 Asia/Bangkok] Conversion result: 17086 × 0.0585289152 = 1000.0250451072
[27-Nov-2025 15:10:50 Asia/Bangkok] Received POST data: Array
(
)

[27-Nov-2025 15:10:50 Asia/Bangkok] Raw input: {"po_data":{"po_id":"1056","po_number":"test-po-27-0001","po_date":"2025-11-27","total_amount":"5000.00","delivery_date":null,"notes":"","supplier_id":"34","supplier_name":"บริษัท ซี.เอ.เอส.เปเปอร์ จำกัด","warehouse_id":"1","receipt_date":"2025-11-27","invoice_no":"","received_by":"admin"},"items_data":[{"po_item_id":"1062","product_id":"876","ordered_qty":17086,"receive_qty":17086,"unit_id":4,"unit_price":0,"total_price":0,"lot_number":"test-receiving-po-27-0001","mfg_date":"2025-11-27","exp_date":"2025-11-27","locations":[{"location_id":"139","quantity":17086,"lot_number":"test-receiving-po-27-0001","mfg_date":"2025-11-27","exp_date":"2025-11-27","pallet_count":1,"condition":"ปกติ","note":""}]}]}
[27-Nov-2025 15:10:50 Asia/Bangkok] Decoded data: Array
(
    [po_data] => Array
        (
            [po_id] => 1056
            [po_number] => test-po-27-0001
            [po_date] => 2025-11-27
            [total_amount] => 5000.00
            [delivery_date] => 
            [notes] => 
            [supplier_id] => 34
            [supplier_name] => บริษัท ซี.เอ.เอส.เปเปอร์ จำกัด
            [warehouse_id] => 1
            [receipt_date] => 2025-11-27
            [invoice_no] => 
            [received_by] => admin
        )

    [items_data] => Array
        (
            [0] => Array
                (
                    [po_item_id] => 1062
                    [product_id] => 876
                    [ordered_qty] => 17086
                    [receive_qty] => 17086
                    [unit_id] => 4
                    [unit_price] => 0
                    [total_price] => 0
                    [lot_number] => test-receiving-po-27-0001
                    [mfg_date] => 2025-11-27
                    [exp_date] => 2025-11-27
                    [locations] => Array
                        (
                            [0] => Array
                                (
                                    [location_id] => 139
                                    [quantity] => 17086
                                    [lot_number] => test-receiving-po-27-0001
                                    [mfg_date] => 2025-11-27
                                    [exp_date] => 2025-11-27
                                    [pallet_count] => 1
                                    [condition] => ปกติ
                                    [note] => 
                                )

                        )

                )

        )

)

[27-Nov-2025 15:10:50 Asia/Bangkok] Starting saveReceiptEnhanced
[27-Nov-2025 15:10:50 Asia/Bangkok] Transaction started
[27-Nov-2025 15:10:50 Asia/Bangkok] PO Data: Array
(
    [po_id] => 1056
    [po_number] => test-po-27-0001
    [po_date] => 2025-11-27
    [total_amount] => 5000.00
    [delivery_date] => 
    [notes] => 
    [supplier_id] => 34
    [supplier_name] => บริษัท ซี.เอ.เอส.เปเปอร์ จำกัด
    [warehouse_id] => 1
    [receipt_date] => 2025-11-27
    [invoice_no] => 
    [received_by] => admin
)

[27-Nov-2025 15:10:50 Asia/Bangkok] Items: Array
(
    [0] => Array
        (
            [po_item_id] => 1062
            [product_id] => 876
            [ordered_qty] => 17086
            [receive_qty] => 17086
            [unit_id] => 4
            [unit_price] => 0
            [total_price] => 0
            [lot_number] => test-receiving-po-27-0001
            [mfg_date] => 2025-11-27
            [exp_date] => 2025-11-27
            [locations] => Array
                (
                    [0] => Array
                        (
                            [location_id] => 139
                            [quantity] => 17086
                            [lot_number] => test-receiving-po-27-0001
                            [mfg_date] => 2025-11-27
                            [exp_date] => 2025-11-27
                            [pallet_count] => 1
                            [condition] => ปกติ
                            [note] => 
                        )

                )

        )

)

[27-Nov-2025 15:10:50 Asia/Bangkok] Resolved PO_ID: 1056
[27-Nov-2025 15:10:50 Asia/Bangkok] Generated GR Number: GR202511270001
[27-Nov-2025 15:10:50 Asia/Bangkok] Received Status ID: 2
[27-Nov-2025 15:10:50 Asia/Bangkok] SQL: INSERT INTO Goods_Receipt (
            gr_number, po_id, receipt_date, warehouse_id,
            total_amount, status, received_by, notes,
            invoice_number, receipt_type, created_date
        ) VALUES (?, ?, ?, ?, ?, 'PENDING', ?, ?, ?, 'PO', GETDATE())
[27-Nov-2025 15:10:50 Asia/Bangkok] Insert params: Array
(
    [0] => GR202511270001
    [1] => 1056
    [2] => 2025-11-27
    [3] => 1
    [4] => 5000.00
    [5] => 1
    [6] => 
    [7] => 
)

[27-Nov-2025 15:10:50 Asia/Bangkok] GR_ID: 101
[27-Nov-2025 15:10:50 Asia/Bangkok] Processing item 0: Array
(
    [po_item_id] => 1062
    [product_id] => 876
    [ordered_qty] => 17086
    [receive_qty] => 17086
    [unit_id] => 4
    [unit_price] => 0
    [total_price] => 0
    [lot_number] => test-receiving-po-27-0001
    [mfg_date] => 2025-11-27
    [exp_date] => 2025-11-27
    [locations] => Array
        (
            [0] => Array
                (
                    [location_id] => 139
                    [quantity] => 17086
                    [lot_number] => test-receiving-po-27-0001
                    [mfg_date] => 2025-11-27
                    [exp_date] => 2025-11-27
                    [pallet_count] => 1
                    [condition] => ปกติ
                    [note] => 
                )

        )

)

[27-Nov-2025 15:10:50 Asia/Bangkok] Using location_id: 139
[27-Nov-2025 15:10:50 Asia/Bangkok] Item params: Array
(
    [0] => 101
    [1] => 1062
    [2] => 876
    [3] => 17086
    [4] => 17086
    [5] => 17086
    [6] => 4
    [7] => 4
    [8] => 1
    [9] => 0
    [10] => 0
    [11] => 1
    [12] => 139
    [13] => test-receiving-po-27-0001
    [14] => test-receiving-po-27-0001
    [15] => 2025-11-27
    [16] => 2025-11-27
    [17] => 2025-11-27
    [18] => 2
)

[27-Nov-2025 15:10:50 Asia/Bangkok] GR_Item_ID: 96
[27-Nov-2025 15:10:50 Asia/Bangkok] Processing location 0: Array
(
    [location_id] => 139
    [quantity] => 17086
    [lot_number] => test-receiving-po-27-0001
    [mfg_date] => 2025-11-27
    [exp_date] => 2025-11-27
    [pallet_count] => 1
    [condition] => ปกติ
    [note] => 
)

[27-Nov-2025 15:10:50 Asia/Bangkok] Transaction committed successfully
[27-Nov-2025 15:10:50 Asia/Bangkok] Save result: Array
(
    [success] => 1
    [message] => บันทึกใบรับสินค้าเรียบร้อยแล้ว
    [gr_number] => GR202511270001
    [gr_id] => 101
)

[27-Nov-2025 15:22:31 Asia/Bangkok] Received items: Array
(
    [0] => Array
        (
            [product_id] => 876
            [quantity] => 1000
            [unit_id] => 4
            [warehouse_id] => 1
            [location_id] => 168
            [supplier_lot_number] => test-receiving-27-0005
            [pallet_count] => 2
            [manufacturing_date] => 2025-11-27
            [expiry_date] => 2025-11-27
            [item_description] => กระดาษคาร์บอนขาวล่าง CF 105 แกรม 24"x36"  (1C02)
        )

)

[27-Nov-2025 15:22:31 Asia/Bangkok] GR ID created: 102
[27-Nov-2025 15:25:41 Asia/Bangkok] PO Items count: 1
[27-Nov-2025 15:25:41 Asia/Bangkok] Item 0: quantity=5000.0000, received=.0000, pending=.0000, unit_id=1
[27-Nov-2025 15:25:41 Asia/Bangkok] calculate_conversion: product=4327, from=1, to=4, qty=5000
[27-Nov-2025 15:25:41 Asia/Bangkok] getConversionFactor called: product=4327, from=1, to=4
[27-Nov-2025 15:25:41 Asia/Bangkok] Unit codes: from=KG, to=SHEET
[27-Nov-2025 15:25:41 Asia/Bangkok] Paperboard calculation: W=787.40, L=1092.20, GSM=310
[27-Nov-2025 15:25:41 Asia/Bangkok] Area: 0.85999828 m², kg/sheet: 0.2665994668, sheets/kg: 3.7509452363241
[27-Nov-2025 15:25:41 Asia/Bangkok] Returning KG→SHEET: 3.7509452363241
[27-Nov-2025 15:25:41 Asia/Bangkok] Conversion result: 5000 × 3.7509452363241 = 18754.72618162
[27-Nov-2025 15:25:46 Asia/Bangkok] calculate_conversion: product=4327, from=1, to=4, qty=5000
[27-Nov-2025 15:25:46 Asia/Bangkok] getConversionFactor called: product=4327, from=1, to=4
[27-Nov-2025 15:25:46 Asia/Bangkok] Unit codes: from=KG, to=SHEET
[27-Nov-2025 15:25:46 Asia/Bangkok] Paperboard calculation: W=787.40, L=1092.20, GSM=310
[27-Nov-2025 15:25:46 Asia/Bangkok] Area: 0.85999828 m², kg/sheet: 0.2665994668, sheets/kg: 3.7509452363241
[27-Nov-2025 15:25:46 Asia/Bangkok] Returning KG→SHEET: 3.7509452363241
[27-Nov-2025 15:25:46 Asia/Bangkok] Conversion result: 5000 × 3.7509452363241 = 18754.72618162
[27-Nov-2025 15:25:46 Asia/Bangkok] calculate_conversion: product=4327, from=4, to=1, qty=18755
[27-Nov-2025 15:25:46 Asia/Bangkok] getConversionFactor called: product=4327, from=4, to=1
[27-Nov-2025 15:25:46 Asia/Bangkok] Unit codes: from=SHEET, to=KG
[27-Nov-2025 15:25:46 Asia/Bangkok] Paperboard calculation: W=787.40, L=1092.20, GSM=310
[27-Nov-2025 15:25:46 Asia/Bangkok] Area: 0.85999828 m², kg/sheet: 0.2665994668, sheets/kg: 3.7509452363241
[27-Nov-2025 15:25:46 Asia/Bangkok] Returning SHEET→KG: 0.2665994668
[27-Nov-2025 15:25:46 Asia/Bangkok] Conversion result: 18755 × 0.2665994668 = 5000.072999834
[27-Nov-2025 15:26:56 Asia/Bangkok] Received POST data: Array
(
)

[27-Nov-2025 15:26:56 Asia/Bangkok] Raw input: {"po_data":{"po_id":"1057","po_number":"test-po-27-0002","po_date":"2025-11-27","total_amount":"25000.00","delivery_date":null,"notes":"","supplier_id":"62","supplier_name":"บริษัท แสงฟ้า เวิลด์เทรด จำกัด","warehouse_id":"1","receipt_date":"2025-11-27","invoice_no":"","received_by":"admin"},"items_data":[{"po_item_id":"1063","product_id":"4327","ordered_qty":18755,"receive_qty":18755,"unit_id":4,"unit_price":0,"total_price":0,"lot_number":"test-receiving-po-27-0002","mfg_date":"2025-11-27","exp_date":"2025-11-27","locations":[{"location_id":"95","quantity":18755,"lot_number":"test-receiving-po-27-0002","mfg_date":"2025-11-27","exp_date":"2025-11-27","pallet_count":2,"condition":"ปกติ","note":""}]}]}
[27-Nov-2025 15:26:56 Asia/Bangkok] Decoded data: Array
(
    [po_data] => Array
        (
            [po_id] => 1057
            [po_number] => test-po-27-0002
            [po_date] => 2025-11-27
            [total_amount] => 25000.00
            [delivery_date] => 
            [notes] => 
            [supplier_id] => 62
            [supplier_name] => บริษัท แสงฟ้า เวิลด์เทรด จำกัด
            [warehouse_id] => 1
            [receipt_date] => 2025-11-27
            [invoice_no] => 
            [received_by] => admin
        )

    [items_data] => Array
        (
            [0] => Array
                (
                    [po_item_id] => 1063
                    [product_id] => 4327
                    [ordered_qty] => 18755
                    [receive_qty] => 18755
                    [unit_id] => 4
                    [unit_price] => 0
                    [total_price] => 0
                    [lot_number] => test-receiving-po-27-0002
                    [mfg_date] => 2025-11-27
                    [exp_date] => 2025-11-27
                    [locations] => Array
                        (
                            [0] => Array
                                (
                                    [location_id] => 95
                                    [quantity] => 18755
                                    [lot_number] => test-receiving-po-27-0002
                                    [mfg_date] => 2025-11-27
                                    [exp_date] => 2025-11-27
                                    [pallet_count] => 2
                                    [condition] => ปกติ
                                    [note] => 
                                )

                        )

                )

        )

)

[27-Nov-2025 15:26:56 Asia/Bangkok] Starting saveReceiptEnhanced
[27-Nov-2025 15:26:56 Asia/Bangkok] Transaction started
[27-Nov-2025 15:26:56 Asia/Bangkok] PO Data: Array
(
    [po_id] => 1057
    [po_number] => test-po-27-0002
    [po_date] => 2025-11-27
    [total_amount] => 25000.00
    [delivery_date] => 
    [notes] => 
    [supplier_id] => 62
    [supplier_name] => บริษัท แสงฟ้า เวิลด์เทรด จำกัด
    [warehouse_id] => 1
    [receipt_date] => 2025-11-27
    [invoice_no] => 
    [received_by] => admin
)

[27-Nov-2025 15:26:56 Asia/Bangkok] Items: Array
(
    [0] => Array
        (
            [po_item_id] => 1063
            [product_id] => 4327
            [ordered_qty] => 18755
            [receive_qty] => 18755
            [unit_id] => 4
            [unit_price] => 0
            [total_price] => 0
            [lot_number] => test-receiving-po-27-0002
            [mfg_date] => 2025-11-27
            [exp_date] => 2025-11-27
            [locations] => Array
                (
                    [0] => Array
                        (
                            [location_id] => 95
                            [quantity] => 18755
                            [lot_number] => test-receiving-po-27-0002
                            [mfg_date] => 2025-11-27
                            [exp_date] => 2025-11-27
                            [pallet_count] => 2
                            [condition] => ปกติ
                            [note] => 
                        )

                )

        )

)

[27-Nov-2025 15:26:56 Asia/Bangkok] Resolved PO_ID: 1057
[27-Nov-2025 15:26:56 Asia/Bangkok] Generated GR Number: GR202511270002
[27-Nov-2025 15:26:56 Asia/Bangkok] Received Status ID: 2
[27-Nov-2025 15:26:56 Asia/Bangkok] SQL: INSERT INTO Goods_Receipt (
            gr_number, po_id, receipt_date, warehouse_id,
            total_amount, status, received_by, notes,
            invoice_number, receipt_type, created_date
        ) VALUES (?, ?, ?, ?, ?, 'PENDING', ?, ?, ?, 'PO', GETDATE())
[27-Nov-2025 15:26:56 Asia/Bangkok] Insert params: Array
(
    [0] => GR202511270002
    [1] => 1057
    [2] => 2025-11-27
    [3] => 1
    [4] => 25000.00
    [5] => 1
    [6] => 
    [7] => 
)

[27-Nov-2025 15:26:56 Asia/Bangkok] GR_ID: 103
[27-Nov-2025 15:26:56 Asia/Bangkok] Processing item 0: Array
(
    [po_item_id] => 1063
    [product_id] => 4327
    [ordered_qty] => 18755
    [receive_qty] => 18755
    [unit_id] => 4
    [unit_price] => 0
    [total_price] => 0
    [lot_number] => test-receiving-po-27-0002
    [mfg_date] => 2025-11-27
    [exp_date] => 2025-11-27
    [locations] => Array
        (
            [0] => Array
                (
                    [location_id] => 95
                    [quantity] => 18755
                    [lot_number] => test-receiving-po-27-0002
                    [mfg_date] => 2025-11-27
                    [exp_date] => 2025-11-27
                    [pallet_count] => 2
                    [condition] => ปกติ
                    [note] => 
                )

        )

)

[27-Nov-2025 15:26:56 Asia/Bangkok] Using location_id: 95
[27-Nov-2025 15:26:56 Asia/Bangkok] Item params: Array
(
    [0] => 103
    [1] => 1063
    [2] => 4327
    [3] => 18755
    [4] => 18755
    [5] => 18755
    [6] => 4
    [7] => 4
    [8] => 1
    [9] => 0
    [10] => 0
    [11] => 1
    [12] => 95
    [13] => test-receiving-po-27-0002
    [14] => test-receiving-po-27-0002
    [15] => 2025-11-27
    [16] => 2025-11-27
    [17] => 2025-11-27
    [18] => 2
)

[27-Nov-2025 15:26:56 Asia/Bangkok] GR_Item_ID: 98
[27-Nov-2025 15:26:56 Asia/Bangkok] Processing location 0: Array
(
    [location_id] => 95
    [quantity] => 18755
    [lot_number] => test-receiving-po-27-0002
    [mfg_date] => 2025-11-27
    [exp_date] => 2025-11-27
    [pallet_count] => 2
    [condition] => ปกติ
    [note] => 
)

[27-Nov-2025 15:26:56 Asia/Bangkok] Transaction committed successfully
[27-Nov-2025 15:26:56 Asia/Bangkok] Save result: Array
(
    [success] => 1
    [message] => บันทึกใบรับสินค้าเรียบร้อยแล้ว
    [gr_number] => GR202511270002
    [gr_id] => 103
)

[27-Nov-2025 15:49:39 Asia/Bangkok] Received items: Array
(
    [0] => Array
        (
            [product_id] => 4327
            [quantity] => 2000
            [unit_id] => 4
            [warehouse_id] => 1
            [location_id] => 154
            [supplier_lot_number] => test-receiving-27-0008
            [pallet_count] => 2
            [manufacturing_date] => 2025-11-27
            [expiry_date] => 2025-11-27
            [item_description] => กระดาษกล่องแป้งหลังเทาบางเลน 310 g. 31.00x43.00 นิ้ว
        )

)

[27-Nov-2025 15:49:39 Asia/Bangkok] GR ID created: 104
[28-Nov-2025 11:03:53 Asia/Bangkok] PO Items count: 1
[28-Nov-2025 11:03:53 Asia/Bangkok] Item 0: quantity=10000.0000, received=.0000, pending=.0000, unit_id=4
[28-Nov-2025 11:03:54 Asia/Bangkok] calculate_conversion: product=362, from=4, to=1, qty=10000
[28-Nov-2025 11:03:54 Asia/Bangkok] getConversionFactor called: product=362, from=4, to=1
[28-Nov-2025 11:03:54 Asia/Bangkok] Unit codes: from=SHEET, to=KG
[28-Nov-2025 11:03:54 Asia/Bangkok] No paperboard data found or incomplete data
[28-Nov-2025 11:03:54 Asia/Bangkok] No conversion found, returning 1.0
[28-Nov-2025 11:03:54 Asia/Bangkok] Conversion result: 10000 × 1 = 10000
[28-Nov-2025 11:03:54 Asia/Bangkok] calculate_conversion: product=362, from=1, to=4, qty=10000
[28-Nov-2025 11:03:54 Asia/Bangkok] getConversionFactor called: product=362, from=1, to=4
[28-Nov-2025 11:03:54 Asia/Bangkok] Unit codes: from=KG, to=SHEET
[28-Nov-2025 11:03:54 Asia/Bangkok] No paperboard data found or incomplete data
[28-Nov-2025 11:03:54 Asia/Bangkok] No conversion found, returning 1.0
[28-Nov-2025 11:03:54 Asia/Bangkok] Conversion result: 10000 × 1 = 10000
[28-Nov-2025 11:04:01 Asia/Bangkok] calculate_conversion: product=362, from=4, to=1, qty=10000
[28-Nov-2025 11:04:01 Asia/Bangkok] getConversionFactor called: product=362, from=4, to=1
[28-Nov-2025 11:04:01 Asia/Bangkok] Unit codes: from=SHEET, to=KG
[28-Nov-2025 11:04:01 Asia/Bangkok] No paperboard data found or incomplete data
[28-Nov-2025 11:04:01 Asia/Bangkok] No conversion found, returning 1.0
[28-Nov-2025 11:04:01 Asia/Bangkok] Conversion result: 10000 × 1 = 10000
[28-Nov-2025 11:05:34 Asia/Bangkok] Received POST data: Array
(
)

[28-Nov-2025 11:05:34 Asia/Bangkok] Raw input: {"po_data":{"po_id":"1058","po_number":"test-po-28-0002","po_date":"2025-11-28","total_amount":"500000.00","delivery_date":null,"notes":"","supplier_id":"47","supplier_name":"บริษัท เพียรชัย จำกัด","warehouse_id":"1","receipt_date":"2025-11-28","invoice_no":"","received_by":"admin"},"items_data":[{"po_item_id":"1064","product_id":"362","ordered_qty":10000,"receive_qty":10000,"unit_id":4,"unit_price":0,"total_price":0,"lot_number":"test-receiving-po-28-0001","mfg_date":"2025-11-28","exp_date":"2025-11-30","locations":[{"location_id":"35","quantity":10000,"lot_number":"test-receiving-po-28-0001","mfg_date":"2025-11-28","exp_date":"2025-11-30","pallet_count":2,"condition":"ปกติ","note":""}]}]}
[28-Nov-2025 11:05:34 Asia/Bangkok] Decoded data: Array
(
    [po_data] => Array
        (
            [po_id] => 1058
            [po_number] => test-po-28-0002
            [po_date] => 2025-11-28
            [total_amount] => 500000.00
            [delivery_date] => 
            [notes] => 
            [supplier_id] => 47
            [supplier_name] => บริษัท เพียรชัย จำกัด
            [warehouse_id] => 1
            [receipt_date] => 2025-11-28
            [invoice_no] => 
            [received_by] => admin
        )

    [items_data] => Array
        (
            [0] => Array
                (
                    [po_item_id] => 1064
                    [product_id] => 362
                    [ordered_qty] => 10000
                    [receive_qty] => 10000
                    [unit_id] => 4
                    [unit_price] => 0
                    [total_price] => 0
                    [lot_number] => test-receiving-po-28-0001
                    [mfg_date] => 2025-11-28
                    [exp_date] => 2025-11-30
                    [locations] => Array
                        (
                            [0] => Array
                                (
                                    [location_id] => 35
                                    [quantity] => 10000
                                    [lot_number] => test-receiving-po-28-0001
                                    [mfg_date] => 2025-11-28
                                    [exp_date] => 2025-11-30
                                    [pallet_count] => 2
                                    [condition] => ปกติ
                                    [note] => 
                                )

                        )

                )

        )

)

[28-Nov-2025 11:05:34 Asia/Bangkok] Starting saveReceiptEnhanced
[28-Nov-2025 11:05:34 Asia/Bangkok] Transaction started
[28-Nov-2025 11:05:34 Asia/Bangkok] PO Data: Array
(
    [po_id] => 1058
    [po_number] => test-po-28-0002
    [po_date] => 2025-11-28
    [total_amount] => 500000.00
    [delivery_date] => 
    [notes] => 
    [supplier_id] => 47
    [supplier_name] => บริษัท เพียรชัย จำกัด
    [warehouse_id] => 1
    [receipt_date] => 2025-11-28
    [invoice_no] => 
    [received_by] => admin
)

[28-Nov-2025 11:05:34 Asia/Bangkok] Items: Array
(
    [0] => Array
        (
            [po_item_id] => 1064
            [product_id] => 362
            [ordered_qty] => 10000
            [receive_qty] => 10000
            [unit_id] => 4
            [unit_price] => 0
            [total_price] => 0
            [lot_number] => test-receiving-po-28-0001
            [mfg_date] => 2025-11-28
            [exp_date] => 2025-11-30
            [locations] => Array
                (
                    [0] => Array
                        (
                            [location_id] => 35
                            [quantity] => 10000
                            [lot_number] => test-receiving-po-28-0001
                            [mfg_date] => 2025-11-28
                            [exp_date] => 2025-11-30
                            [pallet_count] => 2
                            [condition] => ปกติ
                            [note] => 
                        )

                )

        )

)

[28-Nov-2025 11:05:34 Asia/Bangkok] Resolved PO_ID: 1058
[28-Nov-2025 11:05:34 Asia/Bangkok] Generated GR Number: GR202511280001
[28-Nov-2025 11:05:34 Asia/Bangkok] Received Status ID: 2
[28-Nov-2025 11:05:34 Asia/Bangkok] SQL: INSERT INTO Goods_Receipt (
            gr_number, po_id, receipt_date, warehouse_id,
            total_amount, status, received_by, notes,
            invoice_number, receipt_type, created_date
        ) VALUES (?, ?, ?, ?, ?, 'PENDING', ?, ?, ?, 'PO', GETDATE())
[28-Nov-2025 11:05:34 Asia/Bangkok] Insert params: Array
(
    [0] => GR202511280001
    [1] => 1058
    [2] => 2025-11-28
    [3] => 1
    [4] => 500000.00
    [5] => 1
    [6] => 
    [7] => 
)

[28-Nov-2025 11:05:34 Asia/Bangkok] GR_ID: 105
[28-Nov-2025 11:05:34 Asia/Bangkok] Processing item 0: Array
(
    [po_item_id] => 1064
    [product_id] => 362
    [ordered_qty] => 10000
    [receive_qty] => 10000
    [unit_id] => 4
    [unit_price] => 0
    [total_price] => 0
    [lot_number] => test-receiving-po-28-0001
    [mfg_date] => 2025-11-28
    [exp_date] => 2025-11-30
    [locations] => Array
        (
            [0] => Array
                (
                    [location_id] => 35
                    [quantity] => 10000
                    [lot_number] => test-receiving-po-28-0001
                    [mfg_date] => 2025-11-28
                    [exp_date] => 2025-11-30
                    [pallet_count] => 2
                    [condition] => ปกติ
                    [note] => 
                )

        )

)

[28-Nov-2025 11:05:34 Asia/Bangkok] Using location_id: 35
[28-Nov-2025 11:05:34 Asia/Bangkok] Item params: Array
(
    [0] => 105
    [1] => 1064
    [2] => 362
    [3] => 10000
    [4] => 10000
    [5] => 10000
    [6] => 4
    [7] => 4
    [8] => 1
    [9] => 0
    [10] => 0
    [11] => 0
    [12] => 1
    [13] => 35
    [14] => test-receiving-po-28-0001
    [15] => test-receiving-po-28-0001
    [16] => 2025-11-28
    [17] => 2025-11-30
    [18] => 2025-11-30
    [19] => 2
)

[28-Nov-2025 11:05:34 Asia/Bangkok] GR_Item_ID: 100
[28-Nov-2025 11:05:34 Asia/Bangkok] Processing location 0: Array
(
    [location_id] => 35
    [quantity] => 10000
    [lot_number] => test-receiving-po-28-0001
    [mfg_date] => 2025-11-28
    [exp_date] => 2025-11-30
    [pallet_count] => 2
    [condition] => ปกติ
    [note] => 
)

[28-Nov-2025 11:05:34 Asia/Bangkok] Transaction committed successfully
[28-Nov-2025 11:05:34 Asia/Bangkok] Save result: Array
(
    [success] => 1
    [message] => บันทึกใบรับสินค้าเรียบร้อยแล้ว
    [gr_number] => GR202511280001
    [gr_id] => 105
)

[28-Nov-2025 11:35:00 Asia/Bangkok] PO Items count: 1
[28-Nov-2025 11:35:00 Asia/Bangkok] Item 0: quantity=20000.0000, received=.0000, pending=.0000, unit_id=1
[28-Nov-2025 11:35:01 Asia/Bangkok] calculate_conversion: product=3482, from=1, to=4, qty=20000
[28-Nov-2025 11:35:01 Asia/Bangkok] getConversionFactor called: product=3482, from=1, to=4
[28-Nov-2025 11:35:01 Asia/Bangkok] Unit codes: from=KG, to=SHEET
[28-Nov-2025 11:35:01 Asia/Bangkok] Paperboard calculation: W=685.80, L=787.40, GSM=1324
[28-Nov-2025 11:35:01 Asia/Bangkok] Area: 0.53999892 m², kg/sheet: 0.71495857008, sheets/kg: 1.3986824437787
[28-Nov-2025 11:35:01 Asia/Bangkok] Returning KG→SHEET: 1.3986824437787
[28-Nov-2025 11:35:01 Asia/Bangkok] Conversion result: 20000 × 1.3986824437787 = 27973.648875573
[28-Nov-2025 11:35:06 Asia/Bangkok] calculate_conversion: product=3482, from=1, to=4, qty=20000
[28-Nov-2025 11:35:06 Asia/Bangkok] getConversionFactor called: product=3482, from=1, to=4
[28-Nov-2025 11:35:06 Asia/Bangkok] Unit codes: from=KG, to=SHEET
[28-Nov-2025 11:35:06 Asia/Bangkok] Paperboard calculation: W=685.80, L=787.40, GSM=1324
[28-Nov-2025 11:35:06 Asia/Bangkok] Area: 0.53999892 m², kg/sheet: 0.71495857008, sheets/kg: 1.3986824437787
[28-Nov-2025 11:35:06 Asia/Bangkok] Returning KG→SHEET: 1.3986824437787
[28-Nov-2025 11:35:06 Asia/Bangkok] Conversion result: 20000 × 1.3986824437787 = 27973.648875573
[28-Nov-2025 11:35:06 Asia/Bangkok] calculate_conversion: product=3482, from=4, to=1, qty=27974
[28-Nov-2025 11:35:06 Asia/Bangkok] getConversionFactor called: product=3482, from=4, to=1
[28-Nov-2025 11:35:06 Asia/Bangkok] Unit codes: from=SHEET, to=KG
[28-Nov-2025 11:35:06 Asia/Bangkok] Paperboard calculation: W=685.80, L=787.40, GSM=1324
[28-Nov-2025 11:35:06 Asia/Bangkok] Area: 0.53999892 m², kg/sheet: 0.71495857008, sheets/kg: 1.3986824437787
[28-Nov-2025 11:35:06 Asia/Bangkok] Returning SHEET→KG: 0.71495857008
[28-Nov-2025 11:35:06 Asia/Bangkok] Conversion result: 27974 × 0.71495857008 = 20000.251039418
[28-Nov-2025 11:36:31 Asia/Bangkok] Received POST data: Array
(
)

[28-Nov-2025 11:36:31 Asia/Bangkok] Raw input: {"po_data":{"po_id":"1059","po_number":"test-po-28-0003","po_date":"2025-11-28","total_amount":"200000.00","delivery_date":null,"notes":"","supplier_id":"43","supplier_name":"บริษัท เปเปอร์ ไทย จำกัด","warehouse_id":"1","receipt_date":"2025-11-28","invoice_no":"","received_by":"admin"},"items_data":[{"po_item_id":"1065","product_id":"3482","ordered_qty":27974,"receive_qty":27974,"unit_id":4,"unit_price":0,"total_price":0,"lot_number":"test-receiving-po-28-0002","mfg_date":"2025-11-28","exp_date":"2025-11-28","locations":[{"location_id":"89","quantity":27974,"lot_number":"test-receiving-po-28-0002","mfg_date":"2025-11-28","exp_date":"2025-11-28","pallet_count":3,"condition":"ปกติ","note":""}]}]}
[28-Nov-2025 11:36:31 Asia/Bangkok] Decoded data: Array
(
    [po_data] => Array
        (
            [po_id] => 1059
            [po_number] => test-po-28-0003
            [po_date] => 2025-11-28
            [total_amount] => 200000.00
            [delivery_date] => 
            [notes] => 
            [supplier_id] => 43
            [supplier_name] => บริษัท เปเปอร์ ไทย จำกัด
            [warehouse_id] => 1
            [receipt_date] => 2025-11-28
            [invoice_no] => 
            [received_by] => admin
        )

    [items_data] => Array
        (
            [0] => Array
                (
                    [po_item_id] => 1065
                    [product_id] => 3482
                    [ordered_qty] => 27974
                    [receive_qty] => 27974
                    [unit_id] => 4
                    [unit_price] => 0
                    [total_price] => 0
                    [lot_number] => test-receiving-po-28-0002
                    [mfg_date] => 2025-11-28
                    [exp_date] => 2025-11-28
                    [locations] => Array
                        (
                            [0] => Array
                                (
                                    [location_id] => 89
                                    [quantity] => 27974
                                    [lot_number] => test-receiving-po-28-0002
                                    [mfg_date] => 2025-11-28
                                    [exp_date] => 2025-11-28
                                    [pallet_count] => 3
                                    [condition] => ปกติ
                                    [note] => 
                                )

                        )

                )

        )

)

[28-Nov-2025 11:36:31 Asia/Bangkok] Starting saveReceiptEnhanced
[28-Nov-2025 11:36:31 Asia/Bangkok] Transaction started
[28-Nov-2025 11:36:31 Asia/Bangkok] PO Data: Array
(
    [po_id] => 1059
    [po_number] => test-po-28-0003
    [po_date] => 2025-11-28
    [total_amount] => 200000.00
    [delivery_date] => 
    [notes] => 
    [supplier_id] => 43
    [supplier_name] => บริษัท เปเปอร์ ไทย จำกัด
    [warehouse_id] => 1
    [receipt_date] => 2025-11-28
    [invoice_no] => 
    [received_by] => admin
)

[28-Nov-2025 11:36:31 Asia/Bangkok] Items: Array
(
    [0] => Array
        (
            [po_item_id] => 1065
            [product_id] => 3482
            [ordered_qty] => 27974
            [receive_qty] => 27974
            [unit_id] => 4
            [unit_price] => 0
            [total_price] => 0
            [lot_number] => test-receiving-po-28-0002
            [mfg_date] => 2025-11-28
            [exp_date] => 2025-11-28
            [locations] => Array
                (
                    [0] => Array
                        (
                            [location_id] => 89
                            [quantity] => 27974
                            [lot_number] => test-receiving-po-28-0002
                            [mfg_date] => 2025-11-28
                            [exp_date] => 2025-11-28
                            [pallet_count] => 3
                            [condition] => ปกติ
                            [note] => 
                        )

                )

        )

)

[28-Nov-2025 11:36:31 Asia/Bangkok] Resolved PO_ID: 1059
[28-Nov-2025 11:36:31 Asia/Bangkok] Generated GR Number: GR202511280002
[28-Nov-2025 11:36:31 Asia/Bangkok] Received Status ID: 2
[28-Nov-2025 11:36:31 Asia/Bangkok] SQL: INSERT INTO Goods_Receipt (
            gr_number, po_id, receipt_date, warehouse_id,
            total_amount, status, received_by, notes,
            invoice_number, receipt_type, created_date
        ) VALUES (?, ?, ?, ?, ?, 'PENDING', ?, ?, ?, 'PO', GETDATE())
[28-Nov-2025 11:36:31 Asia/Bangkok] Insert params: Array
(
    [0] => GR202511280002
    [1] => 1059
    [2] => 2025-11-28
    [3] => 1
    [4] => 200000.00
    [5] => 1
    [6] => 
    [7] => 
)

[28-Nov-2025 11:36:31 Asia/Bangkok] GR_ID: 106
[28-Nov-2025 11:36:31 Asia/Bangkok] Processing item 0: Array
(
    [po_item_id] => 1065
    [product_id] => 3482
    [ordered_qty] => 27974
    [receive_qty] => 27974
    [unit_id] => 4
    [unit_price] => 0
    [total_price] => 0
    [lot_number] => test-receiving-po-28-0002
    [mfg_date] => 2025-11-28
    [exp_date] => 2025-11-28
    [locations] => Array
        (
            [0] => Array
                (
                    [location_id] => 89
                    [quantity] => 27974
                    [lot_number] => test-receiving-po-28-0002
                    [mfg_date] => 2025-11-28
                    [exp_date] => 2025-11-28
                    [pallet_count] => 3
                    [condition] => ปกติ
                    [note] => 
                )

        )

)

[28-Nov-2025 11:36:31 Asia/Bangkok] Using location_id: 89
[28-Nov-2025 11:36:31 Asia/Bangkok] Item params: Array
(
    [0] => 106
    [1] => 1065
    [2] => 3482
    [3] => 27974
    [4] => 27974
    [5] => 27974
    [6] => 4
    [7] => 4
    [8] => 1
    [9] => 0
    [10] => 0
    [11] => 0
    [12] => 1
    [13] => 89
    [14] => test-receiving-po-28-0002
    [15] => test-receiving-po-28-0002
    [16] => 2025-11-28
    [17] => 2025-11-28
    [18] => 2025-11-28
    [19] => 2
)

[28-Nov-2025 11:36:31 Asia/Bangkok] GR_Item_ID: 101
[28-Nov-2025 11:36:31 Asia/Bangkok] Processing location 0: Array
(
    [location_id] => 89
    [quantity] => 27974
    [lot_number] => test-receiving-po-28-0002
    [mfg_date] => 2025-11-28
    [exp_date] => 2025-11-28
    [pallet_count] => 3
    [condition] => ปกติ
    [note] => 
)

[28-Nov-2025 11:36:31 Asia/Bangkok] Transaction committed successfully
[28-Nov-2025 11:36:31 Asia/Bangkok] Save result: Array
(
    [success] => 1
    [message] => บันทึกใบรับสินค้าเรียบร้อยแล้ว
    [gr_number] => GR202511280002
    [gr_id] => 106
)

[28-Nov-2025 11:48:31 Asia/Bangkok] PO Items count: 1
[28-Nov-2025 11:48:31 Asia/Bangkok] Item 0: quantity=500.0000, received=.0000, pending=.0000, unit_id=1
[28-Nov-2025 11:48:32 Asia/Bangkok] calculate_conversion: product=3482, from=1, to=4, qty=500
[28-Nov-2025 11:48:32 Asia/Bangkok] getConversionFactor called: product=3482, from=1, to=4
[28-Nov-2025 11:48:32 Asia/Bangkok] Unit codes: from=KG, to=SHEET
[28-Nov-2025 11:48:32 Asia/Bangkok] Paperboard calculation: W=685.80, L=787.40, GSM=1324
[28-Nov-2025 11:48:32 Asia/Bangkok] Area: 0.53999892 m², kg/sheet: 0.71495857008, sheets/kg: 1.3986824437787
[28-Nov-2025 11:48:32 Asia/Bangkok] Returning KG→SHEET: 1.3986824437787
[28-Nov-2025 11:48:32 Asia/Bangkok] Conversion result: 500 × 1.3986824437787 = 699.34122188934
[28-Nov-2025 11:48:37 Asia/Bangkok] calculate_conversion: product=3482, from=1, to=4, qty=500
[28-Nov-2025 11:48:37 Asia/Bangkok] getConversionFactor called: product=3482, from=1, to=4
[28-Nov-2025 11:48:37 Asia/Bangkok] Unit codes: from=KG, to=SHEET
[28-Nov-2025 11:48:37 Asia/Bangkok] Paperboard calculation: W=685.80, L=787.40, GSM=1324
[28-Nov-2025 11:48:37 Asia/Bangkok] Area: 0.53999892 m², kg/sheet: 0.71495857008, sheets/kg: 1.3986824437787
[28-Nov-2025 11:48:37 Asia/Bangkok] Returning KG→SHEET: 1.3986824437787
[28-Nov-2025 11:48:37 Asia/Bangkok] Conversion result: 500 × 1.3986824437787 = 699.34122188934
[28-Nov-2025 11:48:37 Asia/Bangkok] calculate_conversion: product=3482, from=4, to=1, qty=699
[28-Nov-2025 11:48:37 Asia/Bangkok] getConversionFactor called: product=3482, from=4, to=1
[28-Nov-2025 11:48:37 Asia/Bangkok] Unit codes: from=SHEET, to=KG
[28-Nov-2025 11:48:37 Asia/Bangkok] Paperboard calculation: W=685.80, L=787.40, GSM=1324
[28-Nov-2025 11:48:37 Asia/Bangkok] Area: 0.53999892 m², kg/sheet: 0.71495857008, sheets/kg: 1.3986824437787
[28-Nov-2025 11:48:37 Asia/Bangkok] Returning SHEET→KG: 0.71495857008
[28-Nov-2025 11:48:37 Asia/Bangkok] Conversion result: 699 × 0.71495857008 = 499.75604048592
[28-Nov-2025 11:49:04 Asia/Bangkok] Received POST data: Array
(
)

[28-Nov-2025 11:49:04 Asia/Bangkok] Raw input: {"po_data":{"po_id":"1060","po_number":"test-po-28-0004","po_date":"2025-11-28","total_amount":"2500.00","delivery_date":null,"notes":"","supplier_id":"43","supplier_name":"บริษัท เปเปอร์ ไทย จำกัด","warehouse_id":"1","receipt_date":"2025-11-28","invoice_no":"","received_by":"admin"},"items_data":[{"po_item_id":"1066","product_id":"3482","ordered_qty":699,"receive_qty":699,"unit_id":4,"unit_price":0,"total_price":0,"lot_number":"test-receiving-po-28-0004","mfg_date":"2025-11-28","exp_date":"2025-11-28","locations":[{"location_id":"60","quantity":699,"lot_number":"test-receiving-po-28-0004","mfg_date":"2025-11-28","exp_date":"2025-11-28","pallet_count":1,"condition":"ปกติ","note":""}]}]}
[28-Nov-2025 11:49:04 Asia/Bangkok] Decoded data: Array
(
    [po_data] => Array
        (
            [po_id] => 1060
            [po_number] => test-po-28-0004
            [po_date] => 2025-11-28
            [total_amount] => 2500.00
            [delivery_date] => 
            [notes] => 
            [supplier_id] => 43
            [supplier_name] => บริษัท เปเปอร์ ไทย จำกัด
            [warehouse_id] => 1
            [receipt_date] => 2025-11-28
            [invoice_no] => 
            [received_by] => admin
        )

    [items_data] => Array
        (
            [0] => Array
                (
                    [po_item_id] => 1066
                    [product_id] => 3482
                    [ordered_qty] => 699
                    [receive_qty] => 699
                    [unit_id] => 4
                    [unit_price] => 0
                    [total_price] => 0
                    [lot_number] => test-receiving-po-28-0004
                    [mfg_date] => 2025-11-28
                    [exp_date] => 2025-11-28
                    [locations] => Array
                        (
                            [0] => Array
                                (
                                    [location_id] => 60
                                    [quantity] => 699
                                    [lot_number] => test-receiving-po-28-0004
                                    [mfg_date] => 2025-11-28
                                    [exp_date] => 2025-11-28
                                    [pallet_count] => 1
                                    [condition] => ปกติ
                                    [note] => 
                                )

                        )

                )

        )

)

[28-Nov-2025 11:49:04 Asia/Bangkok] Starting saveReceiptEnhanced
[28-Nov-2025 11:49:04 Asia/Bangkok] Transaction started
[28-Nov-2025 11:49:04 Asia/Bangkok] PO Data: Array
(
    [po_id] => 1060
    [po_number] => test-po-28-0004
    [po_date] => 2025-11-28
    [total_amount] => 2500.00
    [delivery_date] => 
    [notes] => 
    [supplier_id] => 43
    [supplier_name] => บริษัท เปเปอร์ ไทย จำกัด
    [warehouse_id] => 1
    [receipt_date] => 2025-11-28
    [invoice_no] => 
    [received_by] => admin
)

[28-Nov-2025 11:49:04 Asia/Bangkok] Items: Array
(
    [0] => Array
        (
            [po_item_id] => 1066
            [product_id] => 3482
            [ordered_qty] => 699
            [receive_qty] => 699
            [unit_id] => 4
            [unit_price] => 0
            [total_price] => 0
            [lot_number] => test-receiving-po-28-0004
            [mfg_date] => 2025-11-28
            [exp_date] => 2025-11-28
            [locations] => Array
                (
                    [0] => Array
                        (
                            [location_id] => 60
                            [quantity] => 699
                            [lot_number] => test-receiving-po-28-0004
                            [mfg_date] => 2025-11-28
                            [exp_date] => 2025-11-28
                            [pallet_count] => 1
                            [condition] => ปกติ
                            [note] => 
                        )

                )

        )

)

[28-Nov-2025 11:49:04 Asia/Bangkok] Resolved PO_ID: 1060
[28-Nov-2025 11:49:04 Asia/Bangkok] Generated GR Number: GR202511280003
[28-Nov-2025 11:49:04 Asia/Bangkok] Received Status ID: 2
[28-Nov-2025 11:49:04 Asia/Bangkok] SQL: INSERT INTO Goods_Receipt (
            gr_number, po_id, receipt_date, warehouse_id,
            total_amount, status, received_by, notes,
            invoice_number, receipt_type, created_date
        ) VALUES (?, ?, ?, ?, ?, 'PENDING', ?, ?, ?, 'PO', GETDATE())
[28-Nov-2025 11:49:04 Asia/Bangkok] Insert params: Array
(
    [0] => GR202511280003
    [1] => 1060
    [2] => 2025-11-28
    [3] => 1
    [4] => 2500.00
    [5] => 1
    [6] => 
    [7] => 
)

[28-Nov-2025 11:49:04 Asia/Bangkok] GR_ID: 107
[28-Nov-2025 11:49:04 Asia/Bangkok] Processing item 0: Array
(
    [po_item_id] => 1066
    [product_id] => 3482
    [ordered_qty] => 699
    [receive_qty] => 699
    [unit_id] => 4
    [unit_price] => 0
    [total_price] => 0
    [lot_number] => test-receiving-po-28-0004
    [mfg_date] => 2025-11-28
    [exp_date] => 2025-11-28
    [locations] => Array
        (
            [0] => Array
                (
                    [location_id] => 60
                    [quantity] => 699
                    [lot_number] => test-receiving-po-28-0004
                    [mfg_date] => 2025-11-28
                    [exp_date] => 2025-11-28
                    [pallet_count] => 1
                    [condition] => ปกติ
                    [note] => 
                )

        )

)

[28-Nov-2025 11:49:04 Asia/Bangkok] Using location_id: 60
[28-Nov-2025 11:49:04 Asia/Bangkok] Item params: Array
(
    [0] => 107
    [1] => 1066
    [2] => 3482
    [3] => 699
    [4] => 699
    [5] => 699
    [6] => 4
    [7] => 4
    [8] => 1
    [9] => 0
    [10] => 0
    [11] => 0
    [12] => 1
    [13] => 60
    [14] => test-receiving-po-28-0004
    [15] => test-receiving-po-28-0004
    [16] => 2025-11-28
    [17] => 2025-11-28
    [18] => 2025-11-28
    [19] => 2
)

[28-Nov-2025 11:49:04 Asia/Bangkok] GR_Item_ID: 102
[28-Nov-2025 11:49:04 Asia/Bangkok] Processing location 0: Array
(
    [location_id] => 60
    [quantity] => 699
    [lot_number] => test-receiving-po-28-0004
    [mfg_date] => 2025-11-28
    [exp_date] => 2025-11-28
    [pallet_count] => 1
    [condition] => ปกติ
    [note] => 
)

[28-Nov-2025 11:49:04 Asia/Bangkok] Transaction committed successfully
[28-Nov-2025 11:49:04 Asia/Bangkok] Save result: Array
(
    [success] => 1
    [message] => บันทึกใบรับสินค้าเรียบร้อยแล้ว
    [gr_number] => GR202511280003
    [gr_id] => 107
)

[02-Dec-2025 09:25:38 Asia/Bangkok] PO Items count: 1
[02-Dec-2025 09:25:38 Asia/Bangkok] Item 0: quantity=500.0000, received=2858.2862, pending=.0000, unit_id=1
[02-Dec-2025 09:30:48 Asia/Bangkok] PO Items count: 1
[02-Dec-2025 09:30:48 Asia/Bangkok] Item 0: quantity=1000.0000, received=.0000, pending=.0000, unit_id=1
[02-Dec-2025 09:30:49 Asia/Bangkok] calculate_conversion: product=4329, from=1, to=4, qty=1000
[02-Dec-2025 09:30:49 Asia/Bangkok] getConversionFactor called: product=4329, from=1, to=4
[02-Dec-2025 09:30:49 Asia/Bangkok] Unit codes: from=KG, to=SHEET
[02-Dec-2025 09:30:49 Asia/Bangkok] Paperboard calculation: W=889.00, L=1092.20, GSM=310
[02-Dec-2025 09:30:49 Asia/Bangkok] Area: 0.9709658 m², kg/sheet: 0.300999398, sheets/kg: 3.3222657807442
[02-Dec-2025 09:30:49 Asia/Bangkok] Returning KG→SHEET: 3.3222657807442
[02-Dec-2025 09:30:49 Asia/Bangkok] Conversion result: 1000 × 3.3222657807442 = 3322.2657807442
[02-Dec-2025 09:31:01 Asia/Bangkok] calculate_conversion: product=4329, from=1, to=4, qty=1000
[02-Dec-2025 09:31:01 Asia/Bangkok] getConversionFactor called: product=4329, from=1, to=4
[02-Dec-2025 09:31:01 Asia/Bangkok] Unit codes: from=KG, to=SHEET
[02-Dec-2025 09:31:01 Asia/Bangkok] Paperboard calculation: W=889.00, L=1092.20, GSM=310
[02-Dec-2025 09:31:01 Asia/Bangkok] Area: 0.9709658 m², kg/sheet: 0.300999398, sheets/kg: 3.3222657807442
[02-Dec-2025 09:31:01 Asia/Bangkok] Returning KG→SHEET: 3.3222657807442
[02-Dec-2025 09:31:01 Asia/Bangkok] Conversion result: 1000 × 3.3222657807442 = 3322.2657807442
[02-Dec-2025 09:31:01 Asia/Bangkok] calculate_conversion: product=4329, from=4, to=1, qty=3322
[02-Dec-2025 09:31:01 Asia/Bangkok] getConversionFactor called: product=4329, from=4, to=1
[02-Dec-2025 09:31:01 Asia/Bangkok] Unit codes: from=SHEET, to=KG
[02-Dec-2025 09:31:01 Asia/Bangkok] Paperboard calculation: W=889.00, L=1092.20, GSM=310
[02-Dec-2025 09:31:01 Asia/Bangkok] Area: 0.9709658 m², kg/sheet: 0.300999398, sheets/kg: 3.3222657807442
[02-Dec-2025 09:31:01 Asia/Bangkok] Returning SHEET→KG: 0.300999398
[02-Dec-2025 09:31:01 Asia/Bangkok] Conversion result: 3322 × 0.300999398 = 999.920000156
[02-Dec-2025 09:31:24 Asia/Bangkok] Received POST data: Array
(
)

[02-Dec-2025 09:31:24 Asia/Bangkok] Raw input: {"po_data":{"po_id":"1061","po_number":"test-po-12-2-0001","po_date":"2025-12-02","total_amount":"10000.00","delivery_date":null,"notes":"","supplier_id":"59","supplier_name":"บริษัท สยาม เปเปอร์ ซอร์ซ จำกัด","warehouse_id":"1","receipt_date":"2025-12-02","invoice_no":"test-po-12-2-0001","received_by":"admin"},"items_data":[{"po_item_id":"1067","product_id":"4329","ordered_qty":3322,"receive_qty":3322,"unit_id":4,"unit_price":0,"total_price":0,"lot_number":"test-po-12-2-0001","mfg_date":"2025-12-01","exp_date":"2025-12-31","locations":[{"location_id":"140","quantity":3322,"lot_number":"test-po-12-2-0001","mfg_date":"2025-12-01","exp_date":"2025-12-31","pallet_count":2,"condition":"ปกติ","note":""}]}]}
[02-Dec-2025 09:31:24 Asia/Bangkok] Decoded data: Array
(
    [po_data] => Array
        (
            [po_id] => 1061
            [po_number] => test-po-12-2-0001
            [po_date] => 2025-12-02
            [total_amount] => 10000.00
            [delivery_date] => 
            [notes] => 
            [supplier_id] => 59
            [supplier_name] => บริษัท สยาม เปเปอร์ ซอร์ซ จำกัด
            [warehouse_id] => 1
            [receipt_date] => 2025-12-02
            [invoice_no] => test-po-12-2-0001
            [received_by] => admin
        )

    [items_data] => Array
        (
            [0] => Array
                (
                    [po_item_id] => 1067
                    [product_id] => 4329
                    [ordered_qty] => 3322
                    [receive_qty] => 3322
                    [unit_id] => 4
                    [unit_price] => 0
                    [total_price] => 0
                    [lot_number] => test-po-12-2-0001
                    [mfg_date] => 2025-12-01
                    [exp_date] => 2025-12-31
                    [locations] => Array
                        (
                            [0] => Array
                                (
                                    [location_id] => 140
                                    [quantity] => 3322
                                    [lot_number] => test-po-12-2-0001
                                    [mfg_date] => 2025-12-01
                                    [exp_date] => 2025-12-31
                                    [pallet_count] => 2
                                    [condition] => ปกติ
                                    [note] => 
                                )

                        )

                )

        )

)

[02-Dec-2025 09:31:24 Asia/Bangkok] Starting saveReceiptEnhanced
[02-Dec-2025 09:31:24 Asia/Bangkok] Transaction started
[02-Dec-2025 09:31:24 Asia/Bangkok] PO Data: Array
(
    [po_id] => 1061
    [po_number] => test-po-12-2-0001
    [po_date] => 2025-12-02
    [total_amount] => 10000.00
    [delivery_date] => 
    [notes] => 
    [supplier_id] => 59
    [supplier_name] => บริษัท สยาม เปเปอร์ ซอร์ซ จำกัด
    [warehouse_id] => 1
    [receipt_date] => 2025-12-02
    [invoice_no] => test-po-12-2-0001
    [received_by] => admin
)

[02-Dec-2025 09:31:24 Asia/Bangkok] Items: Array
(
    [0] => Array
        (
            [po_item_id] => 1067
            [product_id] => 4329
            [ordered_qty] => 3322
            [receive_qty] => 3322
            [unit_id] => 4
            [unit_price] => 0
            [total_price] => 0
            [lot_number] => test-po-12-2-0001
            [mfg_date] => 2025-12-01
            [exp_date] => 2025-12-31
            [locations] => Array
                (
                    [0] => Array
                        (
                            [location_id] => 140
                            [quantity] => 3322
                            [lot_number] => test-po-12-2-0001
                            [mfg_date] => 2025-12-01
                            [exp_date] => 2025-12-31
                            [pallet_count] => 2
                            [condition] => ปกติ
                            [note] => 
                        )

                )

        )

)

[02-Dec-2025 09:31:24 Asia/Bangkok] Resolved PO_ID: 1061
[02-Dec-2025 09:31:24 Asia/Bangkok] Generated GR Number: GR202512020001
[02-Dec-2025 09:31:24 Asia/Bangkok] Received Status ID: 2
[02-Dec-2025 09:31:24 Asia/Bangkok] SQL: INSERT INTO Goods_Receipt (
            gr_number, po_id, receipt_date, warehouse_id,
            total_amount, status, received_by, notes,
            invoice_number, receipt_type, created_date
        ) VALUES (?, ?, ?, ?, ?, 'PENDING', ?, ?, ?, 'PO', GETDATE())
[02-Dec-2025 09:31:24 Asia/Bangkok] Insert params: Array
(
    [0] => GR202512020001
    [1] => 1061
    [2] => 2025-12-02
    [3] => 1
    [4] => 10000.00
    [5] => 1
    [6] => 
    [7] => test-po-12-2-0001
)

[02-Dec-2025 09:31:24 Asia/Bangkok] GR_ID: 108
[02-Dec-2025 09:31:24 Asia/Bangkok] Processing item 0: Array
(
    [po_item_id] => 1067
    [product_id] => 4329
    [ordered_qty] => 3322
    [receive_qty] => 3322
    [unit_id] => 4
    [unit_price] => 0
    [total_price] => 0
    [lot_number] => test-po-12-2-0001
    [mfg_date] => 2025-12-01
    [exp_date] => 2025-12-31
    [locations] => Array
        (
            [0] => Array
                (
                    [location_id] => 140
                    [quantity] => 3322
                    [lot_number] => test-po-12-2-0001
                    [mfg_date] => 2025-12-01
                    [exp_date] => 2025-12-31
                    [pallet_count] => 2
                    [condition] => ปกติ
                    [note] => 
                )

        )

)

[02-Dec-2025 09:31:24 Asia/Bangkok] Using location_id: 140
[02-Dec-2025 09:31:24 Asia/Bangkok] Item params: Array
(
    [0] => 108
    [1] => 1067
    [2] => 4329
    [3] => 3322
    [4] => 3322
    [5] => 3322
    [6] => 4
    [7] => 4
    [8] => 1
    [9] => 0
    [10] => 0
    [11] => 0
    [12] => 1
    [13] => 140
    [14] => test-po-12-2-0001
    [15] => test-po-12-2-0001
    [16] => 2025-12-01
    [17] => 2025-12-31
    [18] => 2025-12-31
    [19] => 2
)

[02-Dec-2025 09:31:24 Asia/Bangkok] GR_Item_ID: 103
[02-Dec-2025 09:31:24 Asia/Bangkok] Processing location 0: Array
(
    [location_id] => 140
    [quantity] => 3322
    [lot_number] => test-po-12-2-0001
    [mfg_date] => 2025-12-01
    [exp_date] => 2025-12-31
    [pallet_count] => 2
    [condition] => ปกติ
    [note] => 
)

[02-Dec-2025 09:31:24 Asia/Bangkok] Transaction committed successfully
[02-Dec-2025 09:31:24 Asia/Bangkok] Save result: Array
(
    [success] => 1
    [message] => บันทึกใบรับสินค้าเรียบร้อยแล้ว
    [gr_number] => GR202512020001
    [gr_id] => 108
)

[02-Dec-2025 09:50:59 Asia/Bangkok] PO Items count: 1
[02-Dec-2025 09:50:59 Asia/Bangkok] Item 0: quantity=1000.0000, received=.0000, pending=.0000, unit_id=1
[02-Dec-2025 09:51:00 Asia/Bangkok] calculate_conversion: product=956, from=1, to=4, qty=1000
[02-Dec-2025 09:51:00 Asia/Bangkok] getConversionFactor called: product=956, from=1, to=4
[02-Dec-2025 09:51:00 Asia/Bangkok] Unit codes: from=KG, to=SHEET
[02-Dec-2025 09:51:00 Asia/Bangkok] Paperboard calculation: W=787.40, L=1092.20, GSM=350
[02-Dec-2025 09:51:00 Asia/Bangkok] Area: 0.85999828 m², kg/sheet: 0.300999398, sheets/kg: 3.3222657807442
[02-Dec-2025 09:51:00 Asia/Bangkok] Returning KG→SHEET: 3.3222657807442
[02-Dec-2025 09:51:00 Asia/Bangkok] Conversion result: 1000 × 3.3222657807442 = 3322.2657807442
[02-Dec-2025 09:51:06 Asia/Bangkok] calculate_conversion: product=956, from=1, to=4, qty=1000
[02-Dec-2025 09:51:06 Asia/Bangkok] getConversionFactor called: product=956, from=1, to=4
[02-Dec-2025 09:51:06 Asia/Bangkok] Unit codes: from=KG, to=SHEET
[02-Dec-2025 09:51:06 Asia/Bangkok] Paperboard calculation: W=787.40, L=1092.20, GSM=350
[02-Dec-2025 09:51:06 Asia/Bangkok] Area: 0.85999828 m², kg/sheet: 0.300999398, sheets/kg: 3.3222657807442
[02-Dec-2025 09:51:06 Asia/Bangkok] Returning KG→SHEET: 3.3222657807442
[02-Dec-2025 09:51:06 Asia/Bangkok] Conversion result: 1000 × 3.3222657807442 = 3322.2657807442
[02-Dec-2025 09:51:06 Asia/Bangkok] calculate_conversion: product=956, from=4, to=1, qty=3322
[02-Dec-2025 09:51:06 Asia/Bangkok] getConversionFactor called: product=956, from=4, to=1
[02-Dec-2025 09:51:06 Asia/Bangkok] Unit codes: from=SHEET, to=KG
[02-Dec-2025 09:51:06 Asia/Bangkok] Paperboard calculation: W=787.40, L=1092.20, GSM=350
[02-Dec-2025 09:51:06 Asia/Bangkok] Area: 0.85999828 m², kg/sheet: 0.300999398, sheets/kg: 3.3222657807442
[02-Dec-2025 09:51:06 Asia/Bangkok] Returning SHEET→KG: 0.300999398
[02-Dec-2025 09:51:06 Asia/Bangkok] Conversion result: 3322 × 0.300999398 = 999.920000156
[02-Dec-2025 09:51:18 Asia/Bangkok] Received POST data: Array
(
)

[02-Dec-2025 09:51:18 Asia/Bangkok] Raw input: {"po_data":{"po_id":"1062","po_number":"test-po-12-2-0002","po_date":"2025-12-02","total_amount":"5000.00","delivery_date":null,"notes":"","supplier_id":"33","supplier_name":"บริษัท ซี.เค. เปเปอร์ จำกัด","warehouse_id":"1","receipt_date":"2025-12-02","invoice_no":"test-po-12-2-0002","received_by":"admin"},"items_data":[{"po_item_id":"1068","product_id":"956","ordered_qty":3322,"receive_qty":3322,"unit_id":4,"unit_price":0,"total_price":0,"lot_number":"test-po-12-2-0002","mfg_date":"2025-12-01","exp_date":"2025-12-31","pallet_count":2,"locations":[{"location_id":"335","quantity":3322,"lot_number":"test-po-12-2-0002","mfg_date":"2025-12-01","exp_date":"2025-12-31","pallet_count":2,"condition":"ปกติ","note":""}]}]}
[02-Dec-2025 09:51:18 Asia/Bangkok] Decoded data: Array
(
    [po_data] => Array
        (
            [po_id] => 1062
            [po_number] => test-po-12-2-0002
            [po_date] => 2025-12-02
            [total_amount] => 5000.00
            [delivery_date] => 
            [notes] => 
            [supplier_id] => 33
            [supplier_name] => บริษัท ซี.เค. เปเปอร์ จำกัด
            [warehouse_id] => 1
            [receipt_date] => 2025-12-02
            [invoice_no] => test-po-12-2-0002
            [received_by] => admin
        )

    [items_data] => Array
        (
            [0] => Array
                (
                    [po_item_id] => 1068
                    [product_id] => 956
                    [ordered_qty] => 3322
                    [receive_qty] => 3322
                    [unit_id] => 4
                    [unit_price] => 0
                    [total_price] => 0
                    [lot_number] => test-po-12-2-0002
                    [mfg_date] => 2025-12-01
                    [exp_date] => 2025-12-31
                    [pallet_count] => 2
                    [locations] => Array
                        (
                            [0] => Array
                                (
                                    [location_id] => 335
                                    [quantity] => 3322
                                    [lot_number] => test-po-12-2-0002
                                    [mfg_date] => 2025-12-01
                                    [exp_date] => 2025-12-31
                                    [pallet_count] => 2
                                    [condition] => ปกติ
                                    [note] => 
                                )

                        )

                )

        )

)

[02-Dec-2025 09:51:18 Asia/Bangkok] Starting saveReceiptEnhanced
[02-Dec-2025 09:51:18 Asia/Bangkok] Transaction started
[02-Dec-2025 09:51:18 Asia/Bangkok] PO Data: Array
(
    [po_id] => 1062
    [po_number] => test-po-12-2-0002
    [po_date] => 2025-12-02
    [total_amount] => 5000.00
    [delivery_date] => 
    [notes] => 
    [supplier_id] => 33
    [supplier_name] => บริษัท ซี.เค. เปเปอร์ จำกัด
    [warehouse_id] => 1
    [receipt_date] => 2025-12-02
    [invoice_no] => test-po-12-2-0002
    [received_by] => admin
)

[02-Dec-2025 09:51:18 Asia/Bangkok] Items: Array
(
    [0] => Array
        (
            [po_item_id] => 1068
            [product_id] => 956
            [ordered_qty] => 3322
            [receive_qty] => 3322
            [unit_id] => 4
            [unit_price] => 0
            [total_price] => 0
            [lot_number] => test-po-12-2-0002
            [mfg_date] => 2025-12-01
            [exp_date] => 2025-12-31
            [pallet_count] => 2
            [locations] => Array
                (
                    [0] => Array
                        (
                            [location_id] => 335
                            [quantity] => 3322
                            [lot_number] => test-po-12-2-0002
                            [mfg_date] => 2025-12-01
                            [exp_date] => 2025-12-31
                            [pallet_count] => 2
                            [condition] => ปกติ
                            [note] => 
                        )

                )

        )

)

[02-Dec-2025 09:51:18 Asia/Bangkok] Resolved PO_ID: 1062
[02-Dec-2025 09:51:18 Asia/Bangkok] Generated GR Number: GR202512020002
[02-Dec-2025 09:51:18 Asia/Bangkok] Received Status ID: 2
[02-Dec-2025 09:51:18 Asia/Bangkok] SQL: INSERT INTO Goods_Receipt (
            gr_number, po_id, receipt_date, warehouse_id,
            total_amount, status, received_by, notes,
            invoice_number, receipt_type, created_date
        ) VALUES (?, ?, ?, ?, ?, 'PENDING', ?, ?, ?, 'PO', GETDATE())
[02-Dec-2025 09:51:18 Asia/Bangkok] Insert params: Array
(
    [0] => GR202512020002
    [1] => 1062
    [2] => 2025-12-02
    [3] => 1
    [4] => 5000.00
    [5] => 1
    [6] => 
    [7] => test-po-12-2-0002
)

[02-Dec-2025 09:51:18 Asia/Bangkok] GR_ID: 109
[02-Dec-2025 09:51:18 Asia/Bangkok] Processing item 0: Array
(
    [po_item_id] => 1068
    [product_id] => 956
    [ordered_qty] => 3322
    [receive_qty] => 3322
    [unit_id] => 4
    [unit_price] => 0
    [total_price] => 0
    [lot_number] => test-po-12-2-0002
    [mfg_date] => 2025-12-01
    [exp_date] => 2025-12-31
    [pallet_count] => 2
    [locations] => Array
        (
            [0] => Array
                (
                    [location_id] => 335
                    [quantity] => 3322
                    [lot_number] => test-po-12-2-0002
                    [mfg_date] => 2025-12-01
                    [exp_date] => 2025-12-31
                    [pallet_count] => 2
                    [condition] => ปกติ
                    [note] => 
                )

        )

)

[02-Dec-2025 09:51:18 Asia/Bangkok] Using location_id: 335
[02-Dec-2025 09:51:18 Asia/Bangkok] Item params: Array
(
    [0] => 109
    [1] => 1068
    [2] => 956
    [3] => 3322
    [4] => 3322
    [5] => 3322
    [6] => 4
    [7] => 4
    [8] => 1
    [9] => 2
    [10] => 0
    [11] => 0
    [12] => 1
    [13] => 335
    [14] => test-po-12-2-0002
    [15] => test-po-12-2-0002
    [16] => 2025-12-01
    [17] => 2025-12-31
    [18] => 2025-12-31
    [19] => 2
)

[02-Dec-2025 09:51:18 Asia/Bangkok] GR_Item_ID: 104
[02-Dec-2025 09:51:18 Asia/Bangkok] Processing location 0: Array
(
    [location_id] => 335
    [quantity] => 3322
    [lot_number] => test-po-12-2-0002
    [mfg_date] => 2025-12-01
    [exp_date] => 2025-12-31
    [pallet_count] => 2
    [condition] => ปกติ
    [note] => 
)

[02-Dec-2025 09:51:18 Asia/Bangkok] Transaction committed successfully
[02-Dec-2025 09:51:18 Asia/Bangkok] Save result: Array
(
    [success] => 1
    [message] => บันทึกใบรับสินค้าเรียบร้อยแล้ว
    [gr_number] => GR202512020002
    [gr_id] => 109
)

[02-Dec-2025 16:33:08 Asia/Bangkok] PO Items count: 1
[02-Dec-2025 16:33:08 Asia/Bangkok] Item 0: quantity=1000.0000, received=.0000, pending=.0000, unit_id=1
[02-Dec-2025 16:33:09 Asia/Bangkok] calculate_conversion: product=5614, from=1, to=4, qty=1000
[02-Dec-2025 16:33:09 Asia/Bangkok] getConversionFactor called: product=5614, from=1, to=4
[02-Dec-2025 16:33:09 Asia/Bangkok] Unit codes: from=KG, to=SHEET
[02-Dec-2025 16:33:09 Asia/Bangkok] Paperboard calculation: W=750.00, L=648.00, GSM=350
[02-Dec-2025 16:33:09 Asia/Bangkok] Area: 0.486 m², kg/sheet: 0.1701, sheets/kg: 5.8788947677837
[02-Dec-2025 16:33:09 Asia/Bangkok] Returning KG→SHEET: 5.8788947677837
[02-Dec-2025 16:33:09 Asia/Bangkok] Conversion result: 1000 × 5.8788947677837 = 5878.8947677837
[02-Dec-2025 16:33:23 Asia/Bangkok] PO Items count: 1
[02-Dec-2025 16:33:23 Asia/Bangkok] Item 0: quantity=1000.0000, received=.0000, pending=.0000, unit_id=1
[02-Dec-2025 16:33:23 Asia/Bangkok] calculate_conversion: product=5614, from=1, to=4, qty=1000
[02-Dec-2025 16:33:23 Asia/Bangkok] getConversionFactor called: product=5614, from=1, to=4
[02-Dec-2025 16:33:23 Asia/Bangkok] Unit codes: from=KG, to=SHEET
[02-Dec-2025 16:33:23 Asia/Bangkok] Paperboard calculation: W=750.00, L=648.00, GSM=350
[02-Dec-2025 16:33:23 Asia/Bangkok] Area: 0.486 m², kg/sheet: 0.1701, sheets/kg: 5.8788947677837
[02-Dec-2025 16:33:23 Asia/Bangkok] Returning KG→SHEET: 5.8788947677837
[02-Dec-2025 16:33:23 Asia/Bangkok] Conversion result: 1000 × 5.8788947677837 = 5878.8947677837
[03-Dec-2025 09:56:43 Asia/Bangkok] PO Items count: 1
[03-Dec-2025 09:56:43 Asia/Bangkok] Item 0: quantity=1000.0000, received=.0000, pending=.0000, unit_id=1
[03-Dec-2025 09:56:44 Asia/Bangkok] calculate_conversion: product=5958, from=1, to=4, qty=1000
[03-Dec-2025 09:56:44 Asia/Bangkok] getConversionFactor called: product=5958, from=1, to=4
[03-Dec-2025 09:56:44 Asia/Bangkok] Unit codes: from=KG, to=SHEET
[03-Dec-2025 09:56:44 Asia/Bangkok] No paperboard data found or incomplete data
[03-Dec-2025 09:56:44 Asia/Bangkok] No conversion found, returning 1.0
[03-Dec-2025 09:56:44 Asia/Bangkok] Conversion result: 1000 × 1 = 1000
[03-Dec-2025 15:15:22 Asia/Bangkok] PO Items count: 1
[03-Dec-2025 15:15:22 Asia/Bangkok] Item 0: quantity=1.0000, received=.0000, pending=.0000, unit_id=
[08-Dec-2025 09:45:43 Asia/Bangkok] PO Items count: 1
[08-Dec-2025 09:45:43 Asia/Bangkok] Item 0: quantity=500.0000, received=.0000, pending=.0000, unit_id=1
[08-Dec-2025 09:45:44 Asia/Bangkok] calculate_conversion: product=5929, from=1, to=4, qty=500
[08-Dec-2025 09:45:44 Asia/Bangkok] getConversionFactor called: product=5929, from=1, to=4
[08-Dec-2025 09:45:44 Asia/Bangkok] Unit codes: from=KG, to=SHEET
[08-Dec-2025 09:45:44 Asia/Bangkok] Paperboard calculation: W=700.00, L=100.00, GSM=315
[08-Dec-2025 09:45:44 Asia/Bangkok] Area: 0.07 m², kg/sheet: 0.02205, sheets/kg: 45.351473922902
[08-Dec-2025 09:45:44 Asia/Bangkok] Returning KG→SHEET: 45.351473922902
[08-Dec-2025 09:45:44 Asia/Bangkok] Conversion result: 500 × 45.351473922902 = 22675.736961451
[15-Dec-2025 14:11:17 Asia/Bangkok] PO Items count: 1
[15-Dec-2025 14:11:17 Asia/Bangkok] Item 0: quantity=500.0000, received=2815.6126, pending=.0000, unit_id=1
[16-Dec-2025 09:45:46 Asia/Bangkok] PO Items count: 1
[16-Dec-2025 09:45:46 Asia/Bangkok] Item 0: quantity=500.0000, received=.0000, pending=.0000, unit_id=1
[16-Dec-2025 09:45:47 Asia/Bangkok] calculate_conversion: product=5614, from=1, to=4, qty=500
[16-Dec-2025 09:45:47 Asia/Bangkok] getConversionFactor called: product=5614, from=1, to=4
[16-Dec-2025 09:45:47 Asia/Bangkok] Unit codes: from=KG, to=SHEET
[16-Dec-2025 09:45:47 Asia/Bangkok] Paperboard calculation: W=750.00, L=648.00, GSM=350
[16-Dec-2025 09:45:47 Asia/Bangkok] Area: 0.486 m², kg/sheet: 0.1701, sheets/kg: 5.8788947677837
[16-Dec-2025 09:45:47 Asia/Bangkok] Returning KG→SHEET: 5.8788947677837
[16-Dec-2025 09:45:47 Asia/Bangkok] Conversion result: 500 × 5.8788947677837 = 2939.4473838918
[16-Dec-2025 09:45:56 Asia/Bangkok] calculate_conversion: product=5614, from=1, to=4, qty=500
[16-Dec-2025 09:45:56 Asia/Bangkok] getConversionFactor called: product=5614, from=1, to=4
[16-Dec-2025 09:45:56 Asia/Bangkok] Unit codes: from=KG, to=SHEET
[16-Dec-2025 09:45:56 Asia/Bangkok] Paperboard calculation: W=750.00, L=648.00, GSM=350
[16-Dec-2025 09:45:56 Asia/Bangkok] Area: 0.486 m², kg/sheet: 0.1701, sheets/kg: 5.8788947677837
[16-Dec-2025 09:45:56 Asia/Bangkok] Returning KG→SHEET: 5.8788947677837
[16-Dec-2025 09:45:56 Asia/Bangkok] Conversion result: 500 × 5.8788947677837 = 2939.4473838918
[16-Dec-2025 09:45:56 Asia/Bangkok] calculate_conversion: product=5614, from=4, to=1, qty=2939
[16-Dec-2025 09:45:56 Asia/Bangkok] getConversionFactor called: product=5614, from=4, to=1
[16-Dec-2025 09:45:56 Asia/Bangkok] Unit codes: from=SHEET, to=KG
[16-Dec-2025 09:45:56 Asia/Bangkok] Paperboard calculation: W=750.00, L=648.00, GSM=350
[16-Dec-2025 09:45:56 Asia/Bangkok] Area: 0.486 m², kg/sheet: 0.1701, sheets/kg: 5.8788947677837
[16-Dec-2025 09:45:56 Asia/Bangkok] Returning SHEET→KG: 0.1701
[16-Dec-2025 09:45:56 Asia/Bangkok] Conversion result: 2939 × 0.1701 = 499.9239
[16-Dec-2025 10:32:43 Asia/Bangkok] PO Items count: 1
[16-Dec-2025 10:32:43 Asia/Bangkok] Item 0: quantity=500.0000, received=.0000, pending=.0000, unit_id=7
[16-Dec-2025 10:32:43 Asia/Bangkok] calculate_conversion: product=12501, from=7, to=1, qty=500
[16-Dec-2025 10:32:43 Asia/Bangkok] getConversionFactor called: product=12501, from=7, to=1
[16-Dec-2025 10:32:43 Asia/Bangkok] Unit codes: from=CAN, to=KG
[16-Dec-2025 10:32:43 Asia/Bangkok] No conversion found, returning 1.0
[16-Dec-2025 10:32:43 Asia/Bangkok] Conversion result: 500 × 1 = 500
[16-Dec-2025 10:32:44 Asia/Bangkok] calculate_conversion: product=12501, from=1, to=4, qty=500
[16-Dec-2025 10:32:44 Asia/Bangkok] getConversionFactor called: product=12501, from=1, to=4
[16-Dec-2025 10:32:44 Asia/Bangkok] Unit codes: from=KG, to=SHEET
[16-Dec-2025 10:32:44 Asia/Bangkok] No paperboard data found or incomplete data
[16-Dec-2025 10:32:44 Asia/Bangkok] No conversion found, returning 1.0
[16-Dec-2025 10:32:44 Asia/Bangkok] Conversion result: 500 × 1 = 500
[16-Dec-2025 10:32:52 Asia/Bangkok] calculate_conversion: product=12501, from=7, to=1, qty=500
[16-Dec-2025 10:32:52 Asia/Bangkok] getConversionFactor called: product=12501, from=7, to=1
[16-Dec-2025 10:32:52 Asia/Bangkok] Unit codes: from=CAN, to=KG
[16-Dec-2025 10:32:52 Asia/Bangkok] No conversion found, returning 1.0
[16-Dec-2025 10:32:52 Asia/Bangkok] Conversion result: 500 × 1 = 500
[16-Dec-2025 10:32:52 Asia/Bangkok] calculate_conversion: product=12501, from=7, to=4, qty=500
[16-Dec-2025 10:32:52 Asia/Bangkok] getConversionFactor called: product=12501, from=7, to=4
[16-Dec-2025 10:32:52 Asia/Bangkok] Unit codes: from=CAN, to=SHEET
[16-Dec-2025 10:32:52 Asia/Bangkok] No conversion found, returning 1.0
[16-Dec-2025 10:32:52 Asia/Bangkok] Conversion result: 500 × 1 = 500
[16-Dec-2025 14:43:20 Asia/Bangkok] PO Items count: 1
[16-Dec-2025 14:43:20 Asia/Bangkok] Item 0: quantity=500.0000, received=5269.0000, pending=.0000, unit_id=1
[16-Dec-2025 14:46:31 Asia/Bangkok] PO Items count: 1
[16-Dec-2025 14:46:31 Asia/Bangkok] Item 0: quantity=500.0000, received=.0000, pending=.0000, unit_id=7
[16-Dec-2025 14:46:32 Asia/Bangkok] calculate_conversion: product=12501, from=7, to=1, qty=500
[16-Dec-2025 14:46:32 Asia/Bangkok] getConversionFactor called: product=12501, from=7, to=1
[16-Dec-2025 14:46:32 Asia/Bangkok] Unit codes: from=CAN, to=KG
[16-Dec-2025 14:46:32 Asia/Bangkok] No conversion found, returning 1.0
[16-Dec-2025 14:46:32 Asia/Bangkok] Conversion result: 500 × 1 = 500
[16-Dec-2025 14:46:32 Asia/Bangkok] calculate_conversion: product=12501, from=1, to=4, qty=500
[16-Dec-2025 14:46:32 Asia/Bangkok] getConversionFactor called: product=12501, from=1, to=4
[16-Dec-2025 14:46:32 Asia/Bangkok] Unit codes: from=KG, to=SHEET
[16-Dec-2025 14:46:32 Asia/Bangkok] No paperboard data found or incomplete data
[16-Dec-2025 14:46:32 Asia/Bangkok] No conversion found, returning 1.0
[16-Dec-2025 14:46:32 Asia/Bangkok] Conversion result: 500 × 1 = 500
[16-Dec-2025 14:47:18 Asia/Bangkok] PO Items count: 1
[16-Dec-2025 14:47:18 Asia/Bangkok] Item 0: quantity=500.0000, received=.0000, pending=.0000, unit_id=7
[16-Dec-2025 14:47:19 Asia/Bangkok] calculate_conversion: product=12501, from=7, to=1, qty=500
[16-Dec-2025 14:47:19 Asia/Bangkok] getConversionFactor called: product=12501, from=7, to=1
[16-Dec-2025 14:47:19 Asia/Bangkok] Unit codes: from=CAN, to=KG
[16-Dec-2025 14:47:19 Asia/Bangkok] No conversion found, returning 1.0
[16-Dec-2025 14:47:19 Asia/Bangkok] Conversion result: 500 × 1 = 500
[16-Dec-2025 14:47:19 Asia/Bangkok] calculate_conversion: product=12501, from=1, to=4, qty=500
[16-Dec-2025 14:47:19 Asia/Bangkok] getConversionFactor called: product=12501, from=1, to=4
[16-Dec-2025 14:47:19 Asia/Bangkok] Unit codes: from=KG, to=SHEET
[16-Dec-2025 14:47:19 Asia/Bangkok] No paperboard data found or incomplete data
[16-Dec-2025 14:47:19 Asia/Bangkok] No conversion found, returning 1.0
[16-Dec-2025 14:47:19 Asia/Bangkok] Conversion result: 500 × 1 = 500
[16-Dec-2025 15:29:35 Asia/Bangkok] PO Items count: 1
[16-Dec-2025 15:29:35 Asia/Bangkok] Item 0: quantity=500.0000, received=5269.0000, pending=.0000, unit_id=1
[16-Dec-2025 15:29:44 Asia/Bangkok] PO Items count: 1
[16-Dec-2025 15:29:44 Asia/Bangkok] Item 0: quantity=500.0000, received=.0000, pending=.0000, unit_id=7
[16-Dec-2025 15:29:58 Asia/Bangkok] PO Items count: 1
[16-Dec-2025 15:29:58 Asia/Bangkok] Item 0: quantity=200.0000, received=.0000, pending=.0000, unit_id=7
[16-Dec-2025 15:30:07 Asia/Bangkok] PO Items count: 1
[16-Dec-2025 15:30:07 Asia/Bangkok] Item 0: quantity=500.0000, received=.0000, pending=.0000, unit_id=1
[16-Dec-2025 15:30:08 Asia/Bangkok] calculate_conversion: product=5614, from=1, to=4, qty=500
[16-Dec-2025 15:30:08 Asia/Bangkok] getConversionFactor called: product=5614, from=1, to=4
[16-Dec-2025 15:30:08 Asia/Bangkok] Unit codes: from=KG, to=SHEET
[16-Dec-2025 15:30:08 Asia/Bangkok] Paperboard calculation: W=750.00, L=648.00, GSM=350
[16-Dec-2025 15:30:08 Asia/Bangkok] Area: 0.486 m², kg/sheet: 0.1701, sheets/kg: 5.8788947677837
[16-Dec-2025 15:30:08 Asia/Bangkok] Returning KG→SHEET: 5.8788947677837
[16-Dec-2025 15:30:08 Asia/Bangkok] Conversion result: 500 × 5.8788947677837 = 2939.4473838918
[16-Dec-2025 15:30:12 Asia/Bangkok] PO Items count: 1
[16-Dec-2025 15:30:12 Asia/Bangkok] Item 0: quantity=500.0000, received=.0000, pending=.0000, unit_id=7
[16-Dec-2025 15:32:05 Asia/Bangkok] PO Items count: 1
[16-Dec-2025 15:32:05 Asia/Bangkok] Item 0: quantity=500.0000, received=.0000, pending=.0000, unit_id=7
[16-Dec-2025 15:32:06 Asia/Bangkok] PO Items count: 1
[16-Dec-2025 15:32:06 Asia/Bangkok] Item 0: quantity=500.0000, received=.0000, pending=.0000, unit_id=7
[16-Dec-2025 15:32:51 Asia/Bangkok] PO Items count: 1
[16-Dec-2025 15:32:51 Asia/Bangkok] Item 0: quantity=500.0000, received=.0000, pending=.0000, unit_id=7
[17-Dec-2025 13:19:24 Asia/Bangkok] PO Items count: 1
[17-Dec-2025 13:19:24 Asia/Bangkok] Item 0: quantity=500.0000, received=.0000, pending=.0000, unit_id=7
[17-Dec-2025 13:19:28 Asia/Bangkok] PO Items count: 1
[17-Dec-2025 13:19:28 Asia/Bangkok] Item 0: quantity=500.0000, received=.0000, pending=.0000, unit_id=7
[17-Dec-2025 13:21:36 Asia/Bangkok] PO Items count: 1
[17-Dec-2025 13:21:36 Asia/Bangkok] Item 0: quantity=500.0000, received=.0000, pending=.0000, unit_id=1
[17-Dec-2025 13:21:37 Asia/Bangkok] calculate_conversion: product=5614, from=1, to=4, qty=500
[17-Dec-2025 13:21:37 Asia/Bangkok] getConversionFactor called: product=5614, from=1, to=4
[17-Dec-2025 13:21:37 Asia/Bangkok] Unit codes: from=KG, to=SHEET
[17-Dec-2025 13:21:37 Asia/Bangkok] Paperboard calculation: W=750.00, L=648.00, GSM=350
[17-Dec-2025 13:21:37 Asia/Bangkok] Area: 0.486 m², kg/sheet: 0.1701, sheets/kg: 5.8788947677837
[17-Dec-2025 13:21:37 Asia/Bangkok] Returning KG→SHEET: 5.8788947677837
[17-Dec-2025 13:21:37 Asia/Bangkok] Conversion result: 500 × 5.8788947677837 = 2939.4473838918
[17-Dec-2025 13:21:40 Asia/Bangkok] calculate_conversion: product=5614, from=1, to=4, qty=500
[17-Dec-2025 13:21:40 Asia/Bangkok] getConversionFactor called: product=5614, from=1, to=4
[17-Dec-2025 13:21:40 Asia/Bangkok] Unit codes: from=KG, to=SHEET
[17-Dec-2025 13:21:40 Asia/Bangkok] Paperboard calculation: W=750.00, L=648.00, GSM=350
[17-Dec-2025 13:21:40 Asia/Bangkok] Area: 0.486 m², kg/sheet: 0.1701, sheets/kg: 5.8788947677837
[17-Dec-2025 13:21:40 Asia/Bangkok] Returning KG→SHEET: 5.8788947677837
[17-Dec-2025 13:21:40 Asia/Bangkok] Conversion result: 500 × 5.8788947677837 = 2939.4473838918
[17-Dec-2025 13:21:40 Asia/Bangkok] calculate_conversion: product=5614, from=4, to=1, qty=2939
[17-Dec-2025 13:21:40 Asia/Bangkok] getConversionFactor called: product=5614, from=4, to=1
[17-Dec-2025 13:21:40 Asia/Bangkok] Unit codes: from=SHEET, to=KG
[17-Dec-2025 13:21:40 Asia/Bangkok] Paperboard calculation: W=750.00, L=648.00, GSM=350
[17-Dec-2025 13:21:40 Asia/Bangkok] Area: 0.486 m², kg/sheet: 0.1701, sheets/kg: 5.8788947677837
[17-Dec-2025 13:21:40 Asia/Bangkok] Returning SHEET→KG: 0.1701
[17-Dec-2025 13:21:40 Asia/Bangkok] Conversion result: 2939 × 0.1701 = 499.9239
[17-Dec-2025 13:22:04 Asia/Bangkok] PO Items count: 1
[17-Dec-2025 13:22:04 Asia/Bangkok] Item 0: quantity=500.0000, received=.0000, pending=.0000, unit_id=7
[17-Dec-2025 13:24:59 Asia/Bangkok] PO Items count: 1
[17-Dec-2025 13:24:59 Asia/Bangkok] Item 0: quantity=500.0000, received=.0000, pending=.0000, unit_id=7
[17-Dec-2025 13:26:08 Asia/Bangkok] PO Items count: 1
[17-Dec-2025 13:26:08 Asia/Bangkok] Item 0: quantity=500.0000, received=.0000, pending=.0000, unit_id=1
[17-Dec-2025 13:26:09 Asia/Bangkok] calculate_conversion: product=5614, from=1, to=4, qty=500
[17-Dec-2025 13:26:09 Asia/Bangkok] getConversionFactor called: product=5614, from=1, to=4
[17-Dec-2025 13:26:09 Asia/Bangkok] Unit codes: from=KG, to=SHEET
[17-Dec-2025 13:26:09 Asia/Bangkok] Paperboard calculation: W=750.00, L=648.00, GSM=350
[17-Dec-2025 13:26:09 Asia/Bangkok] Area: 0.486 m², kg/sheet: 0.1701, sheets/kg: 5.8788947677837
[17-Dec-2025 13:26:09 Asia/Bangkok] Returning KG→SHEET: 5.8788947677837
[17-Dec-2025 13:26:09 Asia/Bangkok] Conversion result: 500 × 5.8788947677837 = 2939.4473838918
[17-Dec-2025 13:26:16 Asia/Bangkok] PO Items count: 1
[17-Dec-2025 13:26:16 Asia/Bangkok] Item 0: quantity=500.0000, received=.0000, pending=.0000, unit_id=1
[17-Dec-2025 13:26:16 Asia/Bangkok] calculate_conversion: product=5614, from=1, to=4, qty=500
[17-Dec-2025 13:26:16 Asia/Bangkok] getConversionFactor called: product=5614, from=1, to=4
[17-Dec-2025 13:26:16 Asia/Bangkok] Unit codes: from=KG, to=SHEET
[17-Dec-2025 13:26:16 Asia/Bangkok] Paperboard calculation: W=750.00, L=648.00, GSM=350
[17-Dec-2025 13:26:16 Asia/Bangkok] Area: 0.486 m², kg/sheet: 0.1701, sheets/kg: 5.8788947677837
[17-Dec-2025 13:26:16 Asia/Bangkok] Returning KG→SHEET: 5.8788947677837
[17-Dec-2025 13:26:16 Asia/Bangkok] Conversion result: 500 × 5.8788947677837 = 2939.4473838918
[17-Dec-2025 13:31:06 Asia/Bangkok] PO Items count: 1
[17-Dec-2025 13:31:06 Asia/Bangkok] Item 0: quantity=500.0000, received=.0000, pending=.0000, unit_id=7
[17-Dec-2025 13:31:57 Asia/Bangkok] PO Items count: 1
[17-Dec-2025 13:31:57 Asia/Bangkok] Item 0: quantity=500.0000, received=.0000, pending=.0000, unit_id=7
[17-Dec-2025 13:35:43 Asia/Bangkok] PO Items count: 1
[17-Dec-2025 13:35:43 Asia/Bangkok] Item 0: quantity=500.0000, received=.0000, pending=.0000, unit_id=7
[17-Dec-2025 13:36:26 Asia/Bangkok] PO Items count: 1
[17-Dec-2025 13:36:26 Asia/Bangkok] Item 0: quantity=500.0000, received=.0000, pending=.0000, unit_id=1
[17-Dec-2025 13:36:27 Asia/Bangkok] calculate_conversion: product=5614, from=1, to=4, qty=500
[17-Dec-2025 13:36:27 Asia/Bangkok] getConversionFactor called: product=5614, from=1, to=4
[17-Dec-2025 13:36:27 Asia/Bangkok] Unit codes: from=KG, to=SHEET
[17-Dec-2025 13:36:27 Asia/Bangkok] Paperboard calculation: W=750.00, L=648.00, GSM=350
[17-Dec-2025 13:36:27 Asia/Bangkok] Area: 0.486 m², kg/sheet: 0.1701, sheets/kg: 5.8788947677837
[17-Dec-2025 13:36:27 Asia/Bangkok] Returning KG→SHEET: 5.8788947677837
[17-Dec-2025 13:36:27 Asia/Bangkok] Conversion result: 500 × 5.8788947677837 = 2939.4473838918
[17-Dec-2025 13:36:33 Asia/Bangkok] PO Items count: 1
[17-Dec-2025 13:36:33 Asia/Bangkok] Item 0: quantity=500.0000, received=.0000, pending=.0000, unit_id=1
[17-Dec-2025 13:36:34 Asia/Bangkok] calculate_conversion: product=5614, from=1, to=4, qty=500
[17-Dec-2025 13:36:34 Asia/Bangkok] getConversionFactor called: product=5614, from=1, to=4
[17-Dec-2025 13:36:34 Asia/Bangkok] Unit codes: from=KG, to=SHEET
[17-Dec-2025 13:36:34 Asia/Bangkok] Paperboard calculation: W=750.00, L=648.00, GSM=350
[17-Dec-2025 13:36:34 Asia/Bangkok] Area: 0.486 m², kg/sheet: 0.1701, sheets/kg: 5.8788947677837
[17-Dec-2025 13:36:34 Asia/Bangkok] Returning KG→SHEET: 5.8788947677837
[17-Dec-2025 13:36:34 Asia/Bangkok] Conversion result: 500 × 5.8788947677837 = 2939.4473838918
[17-Dec-2025 13:36:44 Asia/Bangkok] calculate_conversion: product=5614, from=1, to=4, qty=500
[17-Dec-2025 13:36:44 Asia/Bangkok] getConversionFactor called: product=5614, from=1, to=4
[17-Dec-2025 13:36:44 Asia/Bangkok] Unit codes: from=KG, to=SHEET
[17-Dec-2025 13:36:44 Asia/Bangkok] Paperboard calculation: W=750.00, L=648.00, GSM=350
[17-Dec-2025 13:36:44 Asia/Bangkok] Area: 0.486 m², kg/sheet: 0.1701, sheets/kg: 5.8788947677837
[17-Dec-2025 13:36:44 Asia/Bangkok] Returning KG→SHEET: 5.8788947677837
[17-Dec-2025 13:36:44 Asia/Bangkok] Conversion result: 500 × 5.8788947677837 = 2939.4473838918
[17-Dec-2025 13:36:44 Asia/Bangkok] calculate_conversion: product=5614, from=4, to=1, qty=2939
[17-Dec-2025 13:36:44 Asia/Bangkok] getConversionFactor called: product=5614, from=4, to=1
[17-Dec-2025 13:36:44 Asia/Bangkok] Unit codes: from=SHEET, to=KG
[17-Dec-2025 13:36:44 Asia/Bangkok] Paperboard calculation: W=750.00, L=648.00, GSM=350
[17-Dec-2025 13:36:44 Asia/Bangkok] Area: 0.486 m², kg/sheet: 0.1701, sheets/kg: 5.8788947677837
[17-Dec-2025 13:36:44 Asia/Bangkok] Returning SHEET→KG: 0.1701
[17-Dec-2025 13:36:44 Asia/Bangkok] Conversion result: 2939 × 0.1701 = 499.9239
[17-Dec-2025 13:39:43 Asia/Bangkok] PO Items count: 1
[17-Dec-2025 13:39:43 Asia/Bangkok] Item 0: quantity=500.0000, received=.0000, pending=.0000, unit_id=7
[17-Dec-2025 13:39:53 Asia/Bangkok] PO Items count: 1
[17-Dec-2025 13:39:53 Asia/Bangkok] Item 0: quantity=500.0000, received=.0000, pending=.0000, unit_id=1
[17-Dec-2025 13:39:54 Asia/Bangkok] calculate_conversion: product=5614, from=1, to=4, qty=500
[17-Dec-2025 13:39:54 Asia/Bangkok] getConversionFactor called: product=5614, from=1, to=4
[17-Dec-2025 13:39:54 Asia/Bangkok] Unit codes: from=KG, to=SHEET
[17-Dec-2025 13:39:54 Asia/Bangkok] Paperboard calculation: W=750.00, L=648.00, GSM=350
[17-Dec-2025 13:39:54 Asia/Bangkok] Area: 0.486 m², kg/sheet: 0.1701, sheets/kg: 5.8788947677837
[17-Dec-2025 13:39:54 Asia/Bangkok] Returning KG→SHEET: 5.8788947677837
[17-Dec-2025 13:39:54 Asia/Bangkok] Conversion result: 500 × 5.8788947677837 = 2939.4473838918
[17-Dec-2025 13:40:32 Asia/Bangkok] PO Items count: 1
[17-Dec-2025 13:40:32 Asia/Bangkok] Item 0: quantity=500.0000, received=.0000, pending=.0000, unit_id=1
[17-Dec-2025 13:40:32 Asia/Bangkok] calculate_conversion: product=5614, from=1, to=4, qty=500
[17-Dec-2025 13:40:32 Asia/Bangkok] getConversionFactor called: product=5614, from=1, to=4
[17-Dec-2025 13:40:32 Asia/Bangkok] Unit codes: from=KG, to=SHEET
[17-Dec-2025 13:40:32 Asia/Bangkok] Paperboard calculation: W=750.00, L=648.00, GSM=350
[17-Dec-2025 13:40:32 Asia/Bangkok] Area: 0.486 m², kg/sheet: 0.1701, sheets/kg: 5.8788947677837
[17-Dec-2025 13:40:32 Asia/Bangkok] Returning KG→SHEET: 5.8788947677837
[17-Dec-2025 13:40:32 Asia/Bangkok] Conversion result: 500 × 5.8788947677837 = 2939.4473838918
[17-Dec-2025 13:40:45 Asia/Bangkok] PO Items count: 1
[17-Dec-2025 13:40:45 Asia/Bangkok] Item 0: quantity=500.0000, received=.0000, pending=.0000, unit_id=1
[17-Dec-2025 13:40:46 Asia/Bangkok] calculate_conversion: product=5614, from=1, to=4, qty=500
[17-Dec-2025 13:40:46 Asia/Bangkok] getConversionFactor called: product=5614, from=1, to=4
[17-Dec-2025 13:40:46 Asia/Bangkok] Unit codes: from=KG, to=SHEET
[17-Dec-2025 13:40:46 Asia/Bangkok] Paperboard calculation: W=750.00, L=648.00, GSM=350
[17-Dec-2025 13:40:46 Asia/Bangkok] Area: 0.486 m², kg/sheet: 0.1701, sheets/kg: 5.8788947677837
[17-Dec-2025 13:40:46 Asia/Bangkok] Returning KG→SHEET: 5.8788947677837
[17-Dec-2025 13:40:46 Asia/Bangkok] Conversion result: 500 × 5.8788947677837 = 2939.4473838918
[17-Dec-2025 13:40:52 Asia/Bangkok] calculate_conversion: product=5614, from=1, to=4, qty=500
[17-Dec-2025 13:40:52 Asia/Bangkok] getConversionFactor called: product=5614, from=1, to=4
[17-Dec-2025 13:40:52 Asia/Bangkok] Unit codes: from=KG, to=SHEET
[17-Dec-2025 13:40:52 Asia/Bangkok] Paperboard calculation: W=750.00, L=648.00, GSM=350
[17-Dec-2025 13:40:52 Asia/Bangkok] Area: 0.486 m², kg/sheet: 0.1701, sheets/kg: 5.8788947677837
[17-Dec-2025 13:40:52 Asia/Bangkok] Returning KG→SHEET: 5.8788947677837
[17-Dec-2025 13:40:52 Asia/Bangkok] Conversion result: 500 × 5.8788947677837 = 2939.4473838918
[17-Dec-2025 13:40:52 Asia/Bangkok] calculate_conversion: product=5614, from=4, to=1, qty=2939
[17-Dec-2025 13:40:52 Asia/Bangkok] getConversionFactor called: product=5614, from=4, to=1
[17-Dec-2025 13:40:52 Asia/Bangkok] Unit codes: from=SHEET, to=KG
[17-Dec-2025 13:40:52 Asia/Bangkok] Paperboard calculation: W=750.00, L=648.00, GSM=350
[17-Dec-2025 13:40:52 Asia/Bangkok] Area: 0.486 m², kg/sheet: 0.1701, sheets/kg: 5.8788947677837
[17-Dec-2025 13:40:52 Asia/Bangkok] Returning SHEET→KG: 0.1701
[17-Dec-2025 13:40:52 Asia/Bangkok] Conversion result: 2939 × 0.1701 = 499.9239
[17-Dec-2025 13:41:19 Asia/Bangkok] PO Items count: 1
[17-Dec-2025 13:41:19 Asia/Bangkok] Item 0: quantity=500.0000, received=.0000, pending=.0000, unit_id=7
[17-Dec-2025 13:44:20 Asia/Bangkok] PO Items count: 1
[17-Dec-2025 13:44:20 Asia/Bangkok] Item 0: quantity=500.0000, received=.0000, pending=.0000, unit_id=7
[17-Dec-2025 13:44:33 Asia/Bangkok] PO Items count: 1
[17-Dec-2025 13:44:33 Asia/Bangkok] Item 0: quantity=500.0000, received=.0000, pending=.0000, unit_id=1
[17-Dec-2025 13:44:34 Asia/Bangkok] calculate_conversion: product=5614, from=1, to=4, qty=500
[17-Dec-2025 13:44:34 Asia/Bangkok] getConversionFactor called: product=5614, from=1, to=4
[17-Dec-2025 13:44:34 Asia/Bangkok] Unit codes: from=KG, to=SHEET
[17-Dec-2025 13:44:34 Asia/Bangkok] Paperboard calculation: W=750.00, L=648.00, GSM=350
[17-Dec-2025 13:44:34 Asia/Bangkok] Area: 0.486 m², kg/sheet: 0.1701, sheets/kg: 5.8788947677837
[17-Dec-2025 13:44:34 Asia/Bangkok] Returning KG→SHEET: 5.8788947677837
[17-Dec-2025 13:44:34 Asia/Bangkok] Conversion result: 500 × 5.8788947677837 = 2939.4473838918
[17-Dec-2025 13:44:38 Asia/Bangkok] PO Items count: 1
[17-Dec-2025 13:44:38 Asia/Bangkok] Item 0: quantity=500.0000, received=.0000, pending=.0000, unit_id=7
[17-Dec-2025 13:52:05 Asia/Bangkok] PO Items count: 1
[17-Dec-2025 13:52:05 Asia/Bangkok] Item 0: quantity=500.0000, received=.0000, pending=.0000, unit_id=1
[17-Dec-2025 13:52:06 Asia/Bangkok] calculate_conversion: product=5614, from=1, to=4, qty=500
[17-Dec-2025 13:52:06 Asia/Bangkok] getConversionFactor called: product=5614, from=1, to=4
[17-Dec-2025 13:52:06 Asia/Bangkok] Unit codes: from=KG, to=SHEET
[17-Dec-2025 13:52:06 Asia/Bangkok] Paperboard calculation: W=750.00, L=648.00, GSM=350
[17-Dec-2025 13:52:06 Asia/Bangkok] Area: 0.486 m², kg/sheet: 0.1701, sheets/kg: 5.8788947677837
[17-Dec-2025 13:52:06 Asia/Bangkok] Returning KG→SHEET: 5.8788947677837
[17-Dec-2025 13:52:06 Asia/Bangkok] Conversion result: 500 × 5.8788947677837 = 2939.4473838918
[17-Dec-2025 13:52:11 Asia/Bangkok] calculate_conversion: product=5614, from=1, to=4, qty=500
[17-Dec-2025 13:52:11 Asia/Bangkok] getConversionFactor called: product=5614, from=1, to=4
[17-Dec-2025 13:52:11 Asia/Bangkok] Unit codes: from=KG, to=SHEET
[17-Dec-2025 13:52:11 Asia/Bangkok] Paperboard calculation: W=750.00, L=648.00, GSM=350
[17-Dec-2025 13:52:11 Asia/Bangkok] Area: 0.486 m², kg/sheet: 0.1701, sheets/kg: 5.8788947677837
[17-Dec-2025 13:52:11 Asia/Bangkok] Returning KG→SHEET: 5.8788947677837
[17-Dec-2025 13:52:11 Asia/Bangkok] Conversion result: 500 × 5.8788947677837 = 2939.4473838918
[17-Dec-2025 13:52:11 Asia/Bangkok] calculate_conversion: product=5614, from=4, to=1, qty=2939
[17-Dec-2025 13:52:11 Asia/Bangkok] getConversionFactor called: product=5614, from=4, to=1
[17-Dec-2025 13:52:11 Asia/Bangkok] Unit codes: from=SHEET, to=KG
[17-Dec-2025 13:52:11 Asia/Bangkok] Paperboard calculation: W=750.00, L=648.00, GSM=350
[17-Dec-2025 13:52:11 Asia/Bangkok] Area: 0.486 m², kg/sheet: 0.1701, sheets/kg: 5.8788947677837
[17-Dec-2025 13:52:11 Asia/Bangkok] Returning SHEET→KG: 0.1701
[17-Dec-2025 13:52:11 Asia/Bangkok] Conversion result: 2939 × 0.1701 = 499.9239
[17-Dec-2025 13:52:17 Asia/Bangkok] PO Items count: 1
[17-Dec-2025 13:52:17 Asia/Bangkok] Item 0: quantity=500.0000, received=.0000, pending=.0000, unit_id=7
[17-Dec-2025 13:59:21 Asia/Bangkok] PO Items count: 1
[17-Dec-2025 13:59:21 Asia/Bangkok] Item 0: quantity=500.0000, received=.0000, pending=.0000, unit_id=1
[17-Dec-2025 13:59:22 Asia/Bangkok] calculate_conversion: product=5614, from=1, to=4, qty=500
[17-Dec-2025 13:59:22 Asia/Bangkok] getConversionFactor called: product=5614, from=1, to=4
[17-Dec-2025 13:59:22 Asia/Bangkok] Unit codes: from=KG, to=SHEET
[17-Dec-2025 13:59:22 Asia/Bangkok] Paperboard calculation: W=750.00, L=648.00, GSM=350
[17-Dec-2025 13:59:22 Asia/Bangkok] Area: 0.486 m², kg/sheet: 0.1701, sheets/kg: 5.8788947677837
[17-Dec-2025 13:59:22 Asia/Bangkok] Returning KG→SHEET: 5.8788947677837
[17-Dec-2025 13:59:22 Asia/Bangkok] Conversion result: 500 × 5.8788947677837 = 2939.4473838918
[17-Dec-2025 13:59:27 Asia/Bangkok] PO Items count: 1
[17-Dec-2025 13:59:27 Asia/Bangkok] Item 0: quantity=500.0000, received=.0000, pending=.0000, unit_id=7
[17-Dec-2025 14:00:48 Asia/Bangkok] PO Items count: 1
[17-Dec-2025 14:00:48 Asia/Bangkok] Item 0: quantity=500.0000, received=.0000, pending=.0000, unit_id=7
[17-Dec-2025 14:02:39 Asia/Bangkok] PO Items count: 1
[17-Dec-2025 14:02:39 Asia/Bangkok] Item 0: quantity=500.0000, received=.0000, pending=.0000, unit_id=7
[17-Dec-2025 14:55:06 Asia/Bangkok] PO Items count: 1
[17-Dec-2025 14:55:06 Asia/Bangkok] Item 0: quantity=500.0000, received=.0000, pending=.0000, unit_id=7
[17-Dec-2025 15:34:03 Asia/Bangkok] PO Items count: 1
[17-Dec-2025 15:34:03 Asia/Bangkok] Item 0: quantity=500.0000, received=.0000, pending=.0000, unit_id=7
[17-Dec-2025 15:34:03 Asia/Bangkok] calculate_conversion: product=12501, from=7, to=1, qty=500
[17-Dec-2025 15:34:03 Asia/Bangkok] getConversionFactor called: product=12501, from=7, to=1
[17-Dec-2025 15:34:03 Asia/Bangkok] Unit codes: from=CAN, to=KG
[17-Dec-2025 15:34:03 Asia/Bangkok] No conversion found, returning 1.0
[17-Dec-2025 15:34:03 Asia/Bangkok] Conversion result: 500 × 1 = 500
[17-Dec-2025 15:34:04 Asia/Bangkok] calculate_conversion: product=12501, from=1, to=4, qty=500
[17-Dec-2025 15:34:04 Asia/Bangkok] getConversionFactor called: product=12501, from=1, to=4
[17-Dec-2025 15:34:04 Asia/Bangkok] Unit codes: from=KG, to=SHEET
[17-Dec-2025 15:34:04 Asia/Bangkok] No paperboard data found or incomplete data
[17-Dec-2025 15:34:04 Asia/Bangkok] No conversion found, returning 1.0
[17-Dec-2025 15:34:04 Asia/Bangkok] Conversion result: 500 × 1 = 500
[17-Dec-2025 15:34:14 Asia/Bangkok] PO Items count: 1
[17-Dec-2025 15:34:14 Asia/Bangkok] Item 0: quantity=500.0000, received=.0000, pending=.0000, unit_id=1
[17-Dec-2025 15:34:15 Asia/Bangkok] calculate_conversion: product=5614, from=1, to=4, qty=500
[17-Dec-2025 15:34:15 Asia/Bangkok] getConversionFactor called: product=5614, from=1, to=4
[17-Dec-2025 15:34:15 Asia/Bangkok] Unit codes: from=KG, to=SHEET
[17-Dec-2025 15:34:15 Asia/Bangkok] Paperboard calculation: W=750.00, L=648.00, GSM=350
[17-Dec-2025 15:34:15 Asia/Bangkok] Area: 0.486 m², kg/sheet: 0.1701, sheets/kg: 5.8788947677837
[17-Dec-2025 15:34:15 Asia/Bangkok] Returning KG→SHEET: 5.8788947677837
[17-Dec-2025 15:34:15 Asia/Bangkok] Conversion result: 500 × 5.8788947677837 = 2939.4473838918
[17-Dec-2025 15:34:23 Asia/Bangkok] PO Items count: 1
[17-Dec-2025 15:34:23 Asia/Bangkok] Item 0: quantity=500.0000, received=.0000, pending=.0000, unit_id=7
[17-Dec-2025 16:24:26 Asia/Bangkok] PO Items count: 1
[17-Dec-2025 16:24:26 Asia/Bangkok] Item 0: quantity=500.0000, received=.0000, pending=.0000, unit_id=7
[17-Dec-2025 16:24:27 Asia/Bangkok] calculate_conversion: product=12501, from=7, to=1, qty=500
[17-Dec-2025 16:24:27 Asia/Bangkok] getConversionFactor called: product=12501, from=7, to=1
[17-Dec-2025 16:24:27 Asia/Bangkok] Unit codes: from=CAN, to=KG
[17-Dec-2025 16:24:27 Asia/Bangkok] No conversion found, returning 1.0
[17-Dec-2025 16:24:27 Asia/Bangkok] Conversion result: 500 × 1 = 500
[17-Dec-2025 16:24:27 Asia/Bangkok] calculate_conversion: product=12501, from=1, to=4, qty=500
[17-Dec-2025 16:24:27 Asia/Bangkok] getConversionFactor called: product=12501, from=1, to=4
[17-Dec-2025 16:24:27 Asia/Bangkok] Unit codes: from=KG, to=SHEET
[17-Dec-2025 16:24:27 Asia/Bangkok] No paperboard data found or incomplete data
[17-Dec-2025 16:24:27 Asia/Bangkok] No conversion found, returning 1.0
[17-Dec-2025 16:24:27 Asia/Bangkok] Conversion result: 500 × 1 = 500
[17-Dec-2025 16:24:34 Asia/Bangkok] PO Items count: 1
[17-Dec-2025 16:24:34 Asia/Bangkok] Item 0: quantity=500.0000, received=.0000, pending=.0000, unit_id=1
[17-Dec-2025 16:24:35 Asia/Bangkok] calculate_conversion: product=5614, from=1, to=4, qty=500
[17-Dec-2025 16:24:35 Asia/Bangkok] getConversionFactor called: product=5614, from=1, to=4
[17-Dec-2025 16:24:35 Asia/Bangkok] Unit codes: from=KG, to=SHEET
[17-Dec-2025 16:24:35 Asia/Bangkok] Paperboard calculation: W=750.00, L=648.00, GSM=350
[17-Dec-2025 16:24:35 Asia/Bangkok] Area: 0.486 m², kg/sheet: 0.1701, sheets/kg: 5.8788947677837
[17-Dec-2025 16:24:35 Asia/Bangkok] Returning KG→SHEET: 5.8788947677837
[17-Dec-2025 16:24:35 Asia/Bangkok] Conversion result: 500 × 5.8788947677837 = 2939.4473838918
[17-Dec-2025 16:24:38 Asia/Bangkok] PO Items count: 1
[17-Dec-2025 16:24:38 Asia/Bangkok] Item 0: quantity=500.0000, received=.0000, pending=.0000, unit_id=7
[17-Dec-2025 16:24:38 Asia/Bangkok] calculate_conversion: product=12501, from=7, to=1, qty=500
[17-Dec-2025 16:24:38 Asia/Bangkok] getConversionFactor called: product=12501, from=7, to=1
[17-Dec-2025 16:24:38 Asia/Bangkok] Unit codes: from=CAN, to=KG
[17-Dec-2025 16:24:38 Asia/Bangkok] No conversion found, returning 1.0
[17-Dec-2025 16:24:38 Asia/Bangkok] Conversion result: 500 × 1 = 500
[17-Dec-2025 16:24:39 Asia/Bangkok] calculate_conversion: product=12501, from=1, to=4, qty=500
[17-Dec-2025 16:24:39 Asia/Bangkok] getConversionFactor called: product=12501, from=1, to=4
[17-Dec-2025 16:24:39 Asia/Bangkok] Unit codes: from=KG, to=SHEET
[17-Dec-2025 16:24:39 Asia/Bangkok] No paperboard data found or incomplete data
[17-Dec-2025 16:24:39 Asia/Bangkok] No conversion found, returning 1.0
[17-Dec-2025 16:24:39 Asia/Bangkok] Conversion result: 500 × 1 = 500
[17-Dec-2025 16:24:56 Asia/Bangkok] PO Items count: 1
[17-Dec-2025 16:24:56 Asia/Bangkok] Item 0: quantity=500.0000, received=.0000, pending=.0000, unit_id=7
[17-Dec-2025 16:25:31 Asia/Bangkok] PO Items count: 1
[17-Dec-2025 16:25:31 Asia/Bangkok] Item 0: quantity=500.0000, received=.0000, pending=.0000, unit_id=7
[17-Dec-2025 16:25:31 Asia/Bangkok] calculate_conversion: product=12501, from=7, to=1, qty=500
[17-Dec-2025 16:25:31 Asia/Bangkok] getConversionFactor called: product=12501, from=7, to=1
[17-Dec-2025 16:25:31 Asia/Bangkok] Unit codes: from=CAN, to=KG
[17-Dec-2025 16:25:31 Asia/Bangkok] No conversion found, returning 1.0
[17-Dec-2025 16:25:31 Asia/Bangkok] Conversion result: 500 × 1 = 500
[17-Dec-2025 16:25:32 Asia/Bangkok] calculate_conversion: product=12501, from=1, to=4, qty=500
[17-Dec-2025 16:25:32 Asia/Bangkok] getConversionFactor called: product=12501, from=1, to=4
[17-Dec-2025 16:25:32 Asia/Bangkok] Unit codes: from=KG, to=SHEET
[17-Dec-2025 16:25:32 Asia/Bangkok] No paperboard data found or incomplete data
[17-Dec-2025 16:25:32 Asia/Bangkok] No conversion found, returning 1.0
[17-Dec-2025 16:25:32 Asia/Bangkok] Conversion result: 500 × 1 = 500
[17-Dec-2025 16:27:50 Asia/Bangkok] PO Items count: 1
[17-Dec-2025 16:27:50 Asia/Bangkok] Item 0: quantity=500.0000, received=.0000, pending=.0000, unit_id=7
[17-Dec-2025 16:28:03 Asia/Bangkok] PO Items count: 1
[17-Dec-2025 16:28:03 Asia/Bangkok] Item 0: quantity=500.0000, received=.0000, pending=.0000, unit_id=7
[17-Dec-2025 16:28:04 Asia/Bangkok] calculate_conversion: product=12501, from=7, to=1, qty=500
[17-Dec-2025 16:28:04 Asia/Bangkok] getConversionFactor called: product=12501, from=7, to=1
[17-Dec-2025 16:28:04 Asia/Bangkok] Unit codes: from=CAN, to=KG
[17-Dec-2025 16:28:04 Asia/Bangkok] No conversion found, returning 1.0
[17-Dec-2025 16:28:04 Asia/Bangkok] Conversion result: 500 × 1 = 500
[17-Dec-2025 16:28:04 Asia/Bangkok] calculate_conversion: product=12501, from=1, to=4, qty=500
[17-Dec-2025 16:28:04 Asia/Bangkok] getConversionFactor called: product=12501, from=1, to=4
[17-Dec-2025 16:28:04 Asia/Bangkok] Unit codes: from=KG, to=SHEET
[17-Dec-2025 16:28:04 Asia/Bangkok] No paperboard data found or incomplete data
[17-Dec-2025 16:28:04 Asia/Bangkok] No conversion found, returning 1.0
[17-Dec-2025 16:28:04 Asia/Bangkok] Conversion result: 500 × 1 = 500
[17-Dec-2025 16:28:11 Asia/Bangkok] PO Items count: 1
[17-Dec-2025 16:28:11 Asia/Bangkok] Item 0: quantity=500.0000, received=.0000, pending=.0000, unit_id=1
[17-Dec-2025 16:28:12 Asia/Bangkok] calculate_conversion: product=5614, from=1, to=4, qty=500
[17-Dec-2025 16:28:12 Asia/Bangkok] getConversionFactor called: product=5614, from=1, to=4
[17-Dec-2025 16:28:12 Asia/Bangkok] Unit codes: from=KG, to=SHEET
[17-Dec-2025 16:28:12 Asia/Bangkok] Paperboard calculation: W=750.00, L=648.00, GSM=350
[17-Dec-2025 16:28:12 Asia/Bangkok] Area: 0.486 m², kg/sheet: 0.1701, sheets/kg: 5.8788947677837
[17-Dec-2025 16:28:12 Asia/Bangkok] Returning KG→SHEET: 5.8788947677837
[17-Dec-2025 16:28:12 Asia/Bangkok] Conversion result: 500 × 5.8788947677837 = 2939.4473838918
[17-Dec-2025 16:28:17 Asia/Bangkok] calculate_conversion: product=5614, from=1, to=4, qty=500
[17-Dec-2025 16:28:17 Asia/Bangkok] getConversionFactor called: product=5614, from=1, to=4
[17-Dec-2025 16:28:17 Asia/Bangkok] Unit codes: from=KG, to=SHEET
[17-Dec-2025 16:28:17 Asia/Bangkok] Paperboard calculation: W=750.00, L=648.00, GSM=350
[17-Dec-2025 16:28:17 Asia/Bangkok] Area: 0.486 m², kg/sheet: 0.1701, sheets/kg: 5.8788947677837
[17-Dec-2025 16:28:17 Asia/Bangkok] Returning KG→SHEET: 5.8788947677837
[17-Dec-2025 16:28:17 Asia/Bangkok] Conversion result: 500 × 5.8788947677837 = 2939.4473838918
[17-Dec-2025 16:28:17 Asia/Bangkok] calculate_conversion: product=5614, from=4, to=1, qty=2939
[17-Dec-2025 16:28:17 Asia/Bangkok] getConversionFactor called: product=5614, from=4, to=1
[17-Dec-2025 16:28:18 Asia/Bangkok] Unit codes: from=SHEET, to=KG
[17-Dec-2025 16:28:18 Asia/Bangkok] Paperboard calculation: W=750.00, L=648.00, GSM=350
[17-Dec-2025 16:28:18 Asia/Bangkok] Area: 0.486 m², kg/sheet: 0.1701, sheets/kg: 5.8788947677837
[17-Dec-2025 16:28:18 Asia/Bangkok] Returning SHEET→KG: 0.1701
[17-Dec-2025 16:28:18 Asia/Bangkok] Conversion result: 2939 × 0.1701 = 499.9239
[17-Dec-2025 16:28:22 Asia/Bangkok] PO Items count: 1
[17-Dec-2025 16:28:22 Asia/Bangkok] Item 0: quantity=500.0000, received=.0000, pending=.0000, unit_id=7
[18-Dec-2025 11:24:49 Asia/Bangkok] PO Items count: 1
[18-Dec-2025 11:24:49 Asia/Bangkok] Item 0: quantity=500.0000, received=.0000, pending=.0000, unit_id=1
[18-Dec-2025 11:24:58 Asia/Bangkok] PO Items count: 1
[18-Dec-2025 11:24:58 Asia/Bangkok] Item 0: quantity=500.0000, received=.0000, pending=.0000, unit_id=7
[18-Dec-2025 11:25:08 Asia/Bangkok] PO Items count: 1
[18-Dec-2025 11:25:08 Asia/Bangkok] Item 0: quantity=500.0000, received=.0000, pending=.0000, unit_id=7
[18-Dec-2025 11:25:17 Asia/Bangkok] PO Items count: 1
[18-Dec-2025 11:25:17 Asia/Bangkok] Item 0: quantity=500.0000, received=.0000, pending=.0000, unit_id=1
[18-Dec-2025 11:25:28 Asia/Bangkok] PO Items count: 1
[18-Dec-2025 11:25:28 Asia/Bangkok] Item 0: quantity=500.0000, received=.0000, pending=.0000, unit_id=1
[18-Dec-2025 11:25:28 Asia/Bangkok] calculate_conversion: product=5614, from=1, to=4, qty=500
[18-Dec-2025 11:25:28 Asia/Bangkok] getConversionFactor called: product=5614, from=1, to=4
[18-Dec-2025 11:25:28 Asia/Bangkok] Unit codes: from=KG, to=SHEET
[18-Dec-2025 11:25:28 Asia/Bangkok] Paperboard calculation: W=750.00, L=648.00, GSM=350
[18-Dec-2025 11:25:28 Asia/Bangkok] Area: 0.486 m², kg/sheet: 0.1701, sheets/kg: 5.8788947677837
[18-Dec-2025 11:25:28 Asia/Bangkok] Returning KG→SHEET: 5.8788947677837
[18-Dec-2025 11:25:28 Asia/Bangkok] Conversion result: 500 × 5.8788947677837 = 2939.4473838918
[18-Dec-2025 11:27:07 Asia/Bangkok] PO Items count: 1
[18-Dec-2025 11:27:07 Asia/Bangkok] Item 0: quantity=500.0000, received=.0000, pending=.0000, unit_id=7
[18-Dec-2025 11:54:39 Asia/Bangkok] PO Items count: 1
[18-Dec-2025 11:54:39 Asia/Bangkok] Item 0: quantity=500.0000, received=.0000, pending=.0000, unit_id=1
[18-Dec-2025 11:54:40 Asia/Bangkok] calculate_conversion: product=5614, from=1, to=4, qty=500
[18-Dec-2025 11:54:40 Asia/Bangkok] getConversionFactor called: product=5614, from=1, to=4
[18-Dec-2025 11:54:40 Asia/Bangkok] Unit codes: from=KG, to=SHEET
[18-Dec-2025 11:54:40 Asia/Bangkok] Paperboard calculation: W=750.00, L=648.00, GSM=350
[18-Dec-2025 11:54:40 Asia/Bangkok] Area: 0.486 m², kg/sheet: 0.1701, sheets/kg: 5.8788947677837
[18-Dec-2025 11:54:40 Asia/Bangkok] Returning KG→SHEET: 5.8788947677837
[18-Dec-2025 11:54:40 Asia/Bangkok] Conversion result: 500 × 5.8788947677837 = 2939.4473838918
[18-Dec-2025 11:54:44 Asia/Bangkok] PO Items count: 1
[18-Dec-2025 11:54:44 Asia/Bangkok] Item 0: quantity=500.0000, received=.0000, pending=.0000, unit_id=7
[18-Dec-2025 11:55:48 Asia/Bangkok] Received POST data: Array
(
)

[18-Dec-2025 11:55:48 Asia/Bangkok] Raw input: {"po_data":{"po_id":"1077","po_number":"test-po-12-16-0003","po_date":"2025-12-16","total_amount":"100000.00","delivery_date":null,"notes":"","supplier_id":"95","supplier_name":"บริษัท โตโยอิ๊งค์ (ประเทศไทย) จำกัด","warehouse_id":"1","receipt_date":"2025-12-18","invoice_no":"test-receiving-po-18-12-0001","received_by":"admin"},"items_data":[{"po_item_id":"1083","product_id":"12501","ordered_qty":0,"receive_qty":0,"unit_id":null,"recv_package_qty":null,"unit_price":0,"total_price":0,"lot_number":"test-receiving-po-18-12-0001","mfg_date":"2025-12-18","exp_date":"2025-12-18","pallet_count":0,"locations":[{"location_id":"128","lot_number":"test-receiving-po-18-12-0001","quantity":500,"pallet_count":0,"mfg_date":"2025-12-18","exp_date":"2025-12-18","condition":"ปกติ","note":""}]}]}
[18-Dec-2025 11:55:48 Asia/Bangkok] Decoded data: Array
(
    [po_data] => Array
        (
            [po_id] => 1077
            [po_number] => test-po-12-16-0003
            [po_date] => 2025-12-16
            [total_amount] => 100000.00
            [delivery_date] => 
            [notes] => 
            [supplier_id] => 95
            [supplier_name] => บริษัท โตโยอิ๊งค์ (ประเทศไทย) จำกัด
            [warehouse_id] => 1
            [receipt_date] => 2025-12-18
            [invoice_no] => test-receiving-po-18-12-0001
            [received_by] => admin
        )

    [items_data] => Array
        (
            [0] => Array
                (
                    [po_item_id] => 1083
                    [product_id] => 12501
                    [ordered_qty] => 0
                    [receive_qty] => 0
                    [unit_id] => 
                    [recv_package_qty] => 
                    [unit_price] => 0
                    [total_price] => 0
                    [lot_number] => test-receiving-po-18-12-0001
                    [mfg_date] => 2025-12-18
                    [exp_date] => 2025-12-18
                    [pallet_count] => 0
                    [locations] => Array
                        (
                            [0] => Array
                                (
                                    [location_id] => 128
                                    [lot_number] => test-receiving-po-18-12-0001
                                    [quantity] => 500
                                    [pallet_count] => 0
                                    [mfg_date] => 2025-12-18
                                    [exp_date] => 2025-12-18
                                    [condition] => ปกติ
                                    [note] => 
                                )

                        )

                )

        )

)

[18-Dec-2025 11:55:48 Asia/Bangkok] Starting saveReceiptEnhanced
[18-Dec-2025 11:55:48 Asia/Bangkok] Transaction started
[18-Dec-2025 11:55:48 Asia/Bangkok] PO Data: Array
(
    [po_id] => 1077
    [po_number] => test-po-12-16-0003
    [po_date] => 2025-12-16
    [total_amount] => 100000.00
    [delivery_date] => 
    [notes] => 
    [supplier_id] => 95
    [supplier_name] => บริษัท โตโยอิ๊งค์ (ประเทศไทย) จำกัด
    [warehouse_id] => 1
    [receipt_date] => 2025-12-18
    [invoice_no] => test-receiving-po-18-12-0001
    [received_by] => admin
)

[18-Dec-2025 11:55:48 Asia/Bangkok] Items: Array
(
    [0] => Array
        (
            [po_item_id] => 1083
            [product_id] => 12501
            [ordered_qty] => 0
            [receive_qty] => 0
            [unit_id] => 
            [recv_package_qty] => 
            [unit_price] => 0
            [total_price] => 0
            [lot_number] => test-receiving-po-18-12-0001
            [mfg_date] => 2025-12-18
            [exp_date] => 2025-12-18
            [pallet_count] => 0
            [locations] => Array
                (
                    [0] => Array
                        (
                            [location_id] => 128
                            [lot_number] => test-receiving-po-18-12-0001
                            [quantity] => 500
                            [pallet_count] => 0
                            [mfg_date] => 2025-12-18
                            [exp_date] => 2025-12-18
                            [condition] => ปกติ
                            [note] => 
                        )

                )

        )

)

[18-Dec-2025 11:55:48 Asia/Bangkok] Resolved PO_ID: 1077
[18-Dec-2025 11:55:48 Asia/Bangkok] Generated GR Number: GR202512180001
[18-Dec-2025 11:55:48 Asia/Bangkok] Received Status ID: 2
[18-Dec-2025 11:55:48 Asia/Bangkok] SQL: INSERT INTO Goods_Receipt (
            gr_number, po_id, receipt_date, warehouse_id,
            total_amount, status, received_by, notes,
            invoice_number, receipt_type, created_date
        ) VALUES (?, ?, ?, ?, ?, 'PENDING', ?, ?, ?, 'PO', GETDATE())
[18-Dec-2025 11:55:48 Asia/Bangkok] Insert params: Array
(
    [0] => GR202512180001
    [1] => 1077
    [2] => 2025-12-18
    [3] => 1
    [4] => 100000.00
    [5] => 1
    [6] => 
    [7] => test-receiving-po-18-12-0001
)

[18-Dec-2025 11:55:48 Asia/Bangkok] GR_ID: 110
[18-Dec-2025 11:55:48 Asia/Bangkok] Processing item 0: Array
(
    [po_item_id] => 1083
    [product_id] => 12501
    [ordered_qty] => 0
    [receive_qty] => 0
    [unit_id] => 
    [recv_package_qty] => 
    [unit_price] => 0
    [total_price] => 0
    [lot_number] => test-receiving-po-18-12-0001
    [mfg_date] => 2025-12-18
    [exp_date] => 2025-12-18
    [pallet_count] => 0
    [locations] => Array
        (
            [0] => Array
                (
                    [location_id] => 128
                    [lot_number] => test-receiving-po-18-12-0001
                    [quantity] => 500
                    [pallet_count] => 0
                    [mfg_date] => 2025-12-18
                    [exp_date] => 2025-12-18
                    [condition] => ปกติ
                    [note] => 
                )

        )

)

[18-Dec-2025 11:55:48 Asia/Bangkok] Using location_id: 128
[18-Dec-2025 11:55:48 Asia/Bangkok] Item params: Array
(
    [0] => 110
    [1] => 1083
    [2] => 12501
    [3] => 0
    [4] => 0
    [5] => 0
    [6] => 
    [7] => 
    [8] => 1
    [9] => 0
    [10] => 0
    [11] => 0
    [12] => 1
    [13] => 128
    [14] => test-receiving-po-18-12-0001
    [15] => test-receiving-po-18-12-0001
    [16] => 2025-12-18
    [17] => 2025-12-18
    [18] => 2025-12-18
    [19] => 2
)

[18-Dec-2025 11:55:48 Asia/Bangkok] Transaction rolled back
[18-Dec-2025 11:55:48 Asia/Bangkok] Error in saveReceiptEnhanced: SQLSTATE[23000]: [Microsoft][ODBC Driver 17 for SQL Server][SQL Server]Cannot insert the value NULL into column 'received_unit_id', table 'Production.dbo.Goods_Receipt_Items'; column does not allow nulls. INSERT fails.
[18-Dec-2025 11:55:48 Asia/Bangkok] Stack trace: #0 C:\xampp\htdocs\PD\production\pages\po\receiving_po.php(933): PDOStatement->execute(Array)
#1 C:\xampp\htdocs\PD\production\pages\po\receiving_po.php(249): saveReceiptEnhanced(Array)
#2 {main}
[18-Dec-2025 11:55:48 Asia/Bangkok] Save result: Array
(
    [success] => 
    [message] => เกิดข้อผิดพลาด: SQLSTATE[23000]: [Microsoft][ODBC Driver 17 for SQL Server][SQL Server]Cannot insert the value NULL into column 'received_unit_id', table 'Production.dbo.Goods_Receipt_Items'; column does not allow nulls. INSERT fails.
    [error_detail] => SQLSTATE[23000]: [Microsoft][ODBC Driver 17 for SQL Server][SQL Server]Cannot insert the value NULL into column 'received_unit_id', table 'Production.dbo.Goods_Receipt_Items'; column does not allow nulls. INSERT fails.
)

[19-Dec-2025 10:22:34 Asia/Bangkok] PO Items count: 1
[19-Dec-2025 10:22:34 Asia/Bangkok] Item 0: quantity=500.0000, received=.0000, pending=.0000, unit_id=7
[19-Dec-2025 11:05:33 Asia/Bangkok] PO Items count: 1
[19-Dec-2025 11:05:33 Asia/Bangkok] Item 0: quantity=500.0000, received=.0000, pending=.0000, unit_id=7
[19-Dec-2025 11:06:37 Asia/Bangkok] PO Items count: 1
[19-Dec-2025 11:06:37 Asia/Bangkok] Item 0: quantity=500.0000, received=.0000, pending=.0000, unit_id=1
[19-Dec-2025 11:06:38 Asia/Bangkok] calculate_conversion: product=5614, from=1, to=4, qty=500
[19-Dec-2025 11:06:38 Asia/Bangkok] getConversionFactor called: product=5614, from=1, to=4
[19-Dec-2025 11:06:38 Asia/Bangkok] Unit codes: from=KG, to=SHEET
[19-Dec-2025 11:06:38 Asia/Bangkok] Paperboard calculation: W=750.00, L=648.00, GSM=350
[19-Dec-2025 11:06:38 Asia/Bangkok] Area: 0.486 m², kg/sheet: 0.1701, sheets/kg: 5.8788947677837
[19-Dec-2025 11:06:38 Asia/Bangkok] Returning KG→SHEET: 5.8788947677837
[19-Dec-2025 11:06:38 Asia/Bangkok] Conversion result: 500 × 5.8788947677837 = 2939.4473838918
[19-Dec-2025 11:06:42 Asia/Bangkok] calculate_conversion: product=5614, from=1, to=4, qty=500
[19-Dec-2025 11:06:42 Asia/Bangkok] getConversionFactor called: product=5614, from=1, to=4
[19-Dec-2025 11:06:42 Asia/Bangkok] Unit codes: from=KG, to=SHEET
[19-Dec-2025 11:06:42 Asia/Bangkok] Paperboard calculation: W=750.00, L=648.00, GSM=350
[19-Dec-2025 11:06:42 Asia/Bangkok] Area: 0.486 m², kg/sheet: 0.1701, sheets/kg: 5.8788947677837
[19-Dec-2025 11:06:42 Asia/Bangkok] Returning KG→SHEET: 5.8788947677837
[19-Dec-2025 11:06:42 Asia/Bangkok] Conversion result: 500 × 5.8788947677837 = 2939.4473838918
[19-Dec-2025 11:06:43 Asia/Bangkok] calculate_conversion: product=5614, from=4, to=1, qty=2939
[19-Dec-2025 11:06:43 Asia/Bangkok] getConversionFactor called: product=5614, from=4, to=1
[19-Dec-2025 11:06:43 Asia/Bangkok] Unit codes: from=SHEET, to=KG
[19-Dec-2025 11:06:43 Asia/Bangkok] Paperboard calculation: W=750.00, L=648.00, GSM=350
[19-Dec-2025 11:06:43 Asia/Bangkok] Area: 0.486 m², kg/sheet: 0.1701, sheets/kg: 5.8788947677837
[19-Dec-2025 11:06:43 Asia/Bangkok] Returning SHEET→KG: 0.1701
[19-Dec-2025 11:06:43 Asia/Bangkok] Conversion result: 2939 × 0.1701 = 499.9239
[19-Dec-2025 11:07:54 Asia/Bangkok] PO Items count: 1
[19-Dec-2025 11:07:54 Asia/Bangkok] Item 0: quantity=500.0000, received=.0000, pending=.0000, unit_id=7
[19-Dec-2025 11:28:28 Asia/Bangkok] PO Items count: 1
[19-Dec-2025 11:28:28 Asia/Bangkok] Item 0: quantity=500.0000, received=.0000, pending=.0000, unit_id=7
[19-Dec-2025 11:37:53 Asia/Bangkok] PO Items count: 1
[19-Dec-2025 11:37:53 Asia/Bangkok] Item 0: quantity=500.0000, received=.0000, pending=.0000, unit_id=7
[19-Dec-2025 11:38:28 Asia/Bangkok] Received POST data: Array
(
)

[19-Dec-2025 11:38:28 Asia/Bangkok] Raw input: {"po_data":{"po_id":"1077","po_number":"test-po-12-16-0003","po_date":"2025-12-16","total_amount":"100000.00","delivery_date":null,"notes":"","supplier_id":"95","supplier_name":"บริษัท โตโยอิ๊งค์ (ประเทศไทย) จำกัด","warehouse_id":"1","receipt_date":"2025-12-19","invoice_no":"test-po-12-19-0001","received_by":"admin"},"items_data":[{"po_item_id":"1083","product_id":"12501","ordered_qty":500,"receive_qty":500,"unit_id":7,"recv_package_qty":null,"unit_price":0,"total_price":0,"lot_number":"test-po-12-19-0001","mfg_date":"2025-12-19","exp_date":"2025-12-31","pallet_count":0,"locations":[{"location_id":"134","lot_number":"test-po-12-19-0001","quantity":500,"pallet_count":0,"mfg_date":"2025-12-19","exp_date":"2025-12-31","condition":"ปกติ","note":""}]}]}
[19-Dec-2025 11:38:28 Asia/Bangkok] Decoded data: Array
(
    [po_data] => Array
        (
            [po_id] => 1077
            [po_number] => test-po-12-16-0003
            [po_date] => 2025-12-16
            [total_amount] => 100000.00
            [delivery_date] => 
            [notes] => 
            [supplier_id] => 95
            [supplier_name] => บริษัท โตโยอิ๊งค์ (ประเทศไทย) จำกัด
            [warehouse_id] => 1
            [receipt_date] => 2025-12-19
            [invoice_no] => test-po-12-19-0001
            [received_by] => admin
        )

    [items_data] => Array
        (
            [0] => Array
                (
                    [po_item_id] => 1083
                    [product_id] => 12501
                    [ordered_qty] => 500
                    [receive_qty] => 500
                    [unit_id] => 7
                    [recv_package_qty] => 
                    [unit_price] => 0
                    [total_price] => 0
                    [lot_number] => test-po-12-19-0001
                    [mfg_date] => 2025-12-19
                    [exp_date] => 2025-12-31
                    [pallet_count] => 0
                    [locations] => Array
                        (
                            [0] => Array
                                (
                                    [location_id] => 134
                                    [lot_number] => test-po-12-19-0001
                                    [quantity] => 500
                                    [pallet_count] => 0
                                    [mfg_date] => 2025-12-19
                                    [exp_date] => 2025-12-31
                                    [condition] => ปกติ
                                    [note] => 
                                )

                        )

                )

        )

)

[19-Dec-2025 11:38:28 Asia/Bangkok] Starting saveReceiptEnhanced
[19-Dec-2025 11:38:28 Asia/Bangkok] Transaction started
[19-Dec-2025 11:38:28 Asia/Bangkok] PO Data: Array
(
    [po_id] => 1077
    [po_number] => test-po-12-16-0003
    [po_date] => 2025-12-16
    [total_amount] => 100000.00
    [delivery_date] => 
    [notes] => 
    [supplier_id] => 95
    [supplier_name] => บริษัท โตโยอิ๊งค์ (ประเทศไทย) จำกัด
    [warehouse_id] => 1
    [receipt_date] => 2025-12-19
    [invoice_no] => test-po-12-19-0001
    [received_by] => admin
)

[19-Dec-2025 11:38:28 Asia/Bangkok] Items: Array
(
    [0] => Array
        (
            [po_item_id] => 1083
            [product_id] => 12501
            [ordered_qty] => 500
            [receive_qty] => 500
            [unit_id] => 7
            [recv_package_qty] => 
            [unit_price] => 0
            [total_price] => 0
            [lot_number] => test-po-12-19-0001
            [mfg_date] => 2025-12-19
            [exp_date] => 2025-12-31
            [pallet_count] => 0
            [locations] => Array
                (
                    [0] => Array
                        (
                            [location_id] => 134
                            [lot_number] => test-po-12-19-0001
                            [quantity] => 500
                            [pallet_count] => 0
                            [mfg_date] => 2025-12-19
                            [exp_date] => 2025-12-31
                            [condition] => ปกติ
                            [note] => 
                        )

                )

        )

)

[19-Dec-2025 11:38:28 Asia/Bangkok] Resolved PO_ID: 1077
[19-Dec-2025 11:38:28 Asia/Bangkok] Generated GR Number: GR202512190001
[19-Dec-2025 11:38:28 Asia/Bangkok] Received Status ID: 2
[19-Dec-2025 11:38:28 Asia/Bangkok] SQL: INSERT INTO Goods_Receipt (
            gr_number, po_id, receipt_date, warehouse_id,
            total_amount, status, received_by, notes,
            invoice_number, receipt_type, created_date
        ) VALUES (?, ?, ?, ?, ?, 'PENDING', ?, ?, ?, 'PO', GETDATE())
[19-Dec-2025 11:38:28 Asia/Bangkok] Insert params: Array
(
    [0] => GR202512190001
    [1] => 1077
    [2] => 2025-12-19
    [3] => 1
    [4] => 100000.00
    [5] => 1
    [6] => 
    [7] => test-po-12-19-0001
)

[19-Dec-2025 11:38:29 Asia/Bangkok] GR_ID: 111
[19-Dec-2025 11:38:29 Asia/Bangkok] Processing item 0: Array
(
    [po_item_id] => 1083
    [product_id] => 12501
    [ordered_qty] => 500
    [receive_qty] => 500
    [unit_id] => 7
    [recv_package_qty] => 
    [unit_price] => 0
    [total_price] => 0
    [lot_number] => test-po-12-19-0001
    [mfg_date] => 2025-12-19
    [exp_date] => 2025-12-31
    [pallet_count] => 0
    [locations] => Array
        (
            [0] => Array
                (
                    [location_id] => 134
                    [lot_number] => test-po-12-19-0001
                    [quantity] => 500
                    [pallet_count] => 0
                    [mfg_date] => 2025-12-19
                    [exp_date] => 2025-12-31
                    [condition] => ปกติ
                    [note] => 
                )

        )

)

[19-Dec-2025 11:38:29 Asia/Bangkok] Using location_id: 134
[19-Dec-2025 11:38:29 Asia/Bangkok] Item params: Array
(
    [0] => 111
    [1] => 1083
    [2] => 12501
    [3] => 500
    [4] => 500
    [5] => 500
    [6] => 7
    [7] => 7
    [8] => 1
    [9] => 0
    [10] => 0
    [11] => 0
    [12] => 1
    [13] => 134
    [14] => test-po-12-19-0001
    [15] => test-po-12-19-0001
    [16] => 2025-12-19
    [17] => 2025-12-31
    [18] => 2025-12-31
    [19] => 2
)

[19-Dec-2025 11:38:29 Asia/Bangkok] GR_Item_ID: 106
[19-Dec-2025 11:38:29 Asia/Bangkok] Processing location 0: Array
(
    [location_id] => 134
    [lot_number] => test-po-12-19-0001
    [quantity] => 500
    [pallet_count] => 0
    [mfg_date] => 2025-12-19
    [exp_date] => 2025-12-31
    [condition] => ปกติ
    [note] => 
)

[19-Dec-2025 11:38:29 Asia/Bangkok] Transaction committed successfully
[19-Dec-2025 11:38:29 Asia/Bangkok] Save result: Array
(
    [success] => 1
    [message] => บันทึกใบรับสินค้าเรียบร้อยแล้ว
    [gr_number] => GR202512190001
    [gr_id] => 111
)

[22-Dec-2025 11:16:23 Asia/Bangkok] PO Items count: 1
[22-Dec-2025 11:16:23 Asia/Bangkok] Item 0: quantity=500.0000, received=500.0000, pending=.0000, unit_id=7
[22-Dec-2025 13:26:26 Asia/Bangkok] Received items: Array
(
    [0] => Array
        (
            [product_id] => 12581
            [quantity] => 500
            [unit_id] => 7
            [warehouse_id] => 1
            [location_id] => 155
            [supplier_lot_number] => test-receiving-12-22-0001
            [pallet_count] => 0
            [manufacturing_date] => 2025-12-22
            [expiry_date] => 2025-12-01
            [item_description] => FD K 45786 Light Pink-R
        )

)

[22-Dec-2025 13:26:26 Asia/Bangkok] GR ID created: 112
[22-Dec-2025 14:28:57 Asia/Bangkok] Received items: Array
(
    [0] => Array
        (
            [product_id] => 12567
            [quantity] => 100
            [unit_id] => 7
            [warehouse_id] => 1
            [location_id] => 330
            [supplier_lot_number] => test-receiving-12-22-0002
            [pallet_count] => 0
            [manufacturing_date] => 2025-12-03
            [expiry_date] => 2025-12-31
            [item_description] => TK ALPHA CYAN YZ ( 5 Kg )
        )

)

[22-Dec-2025 14:28:57 Asia/Bangkok] GR ID created: 113
[22-Dec-2025 14:43:26 Asia/Bangkok] Received items: Array
(
    [0] => Array
        (
            [product_id] => 12570
            [quantity] => 75
            [unit_id] => 7
            [warehouse_id] => 1
            [location_id] => 120
            [supplier_lot_number] => test-receiving-12-22-0003
            [pallet_count] => 0
            [manufacturing_date] => 2025-12-01
            [expiry_date] => 2025-12-31
            [item_description] => TK ALP BLACK YZ
        )

)

[22-Dec-2025 14:43:26 Asia/Bangkok] GR ID created: 114
[22-Dec-2025 14:43:26 Asia/Bangkok] ✅ Created Inventory: product_id=12570, quantity=75
[22-Dec-2025 15:00:28 Asia/Bangkok] Received items: Array
(
    [0] => Array
        (
            [product_id] => 12575
            [quantity] => 275
            [unit_id] => 7
            [warehouse_id] => 1
            [location_id] => 25
            [supplier_lot_number] => test-receiving-13-0003
            [pallet_count] => 0
            [manufacturing_date] => 
            [expiry_date] => 
            [item_description] => CK SP 44551 BLUE
        )

)

[22-Dec-2025 15:00:28 Asia/Bangkok] GR ID created: 115
[22-Dec-2025 15:00:28 Asia/Bangkok] ✅ Created Inventory: product_id=12575, quantity=275
[22-Dec-2025 15:34:57 Asia/Bangkok] Received items: Array
(
    [0] => Array
        (
            [product_id] => 12578
            [quantity] => 300
            [unit_id] => 7
            [warehouse_id] => 1
            [location_id] => 45
            [supplier_lot_number] => test-receiving-12-22-0004
            [pallet_count] => 0
            [manufacturing_date] => 2025-12-01
            [expiry_date] => 2025-12-31
            [item_description] => FD K 44666 Orange-R P.137 C
        )

)

[22-Dec-2025 15:34:57 Asia/Bangkok] GR ID created: 116
[22-Dec-2025 15:34:57 Asia/Bangkok] ✅ Created Inventory: product_id=12578, quantity=300
[23-Dec-2025 13:35:16 Asia/Bangkok] Received items: Array
(
    [0] => Array
        (
            [product_id] => 12580
            [quantity] => 120
            [unit_id] => 7
            [warehouse_id] => 1
            [location_id] => 129
            [supplier_lot_number] => test-receiving-12-23-0001
            [pallet_count] => 0
            [manufacturing_date] => 2025-12-01
            [expiry_date] => 2025-12-31
            [item_description] => FD K 45785 Light Orange-R
        )

)

[23-Dec-2025 13:35:16 Asia/Bangkok] GR ID created: 117
[23-Dec-2025 13:35:16 Asia/Bangkok] 📝 Created: quantity=120
[23-Dec-2025 14:00:40 Asia/Bangkok] Received items: Array
(
    [0] => Array
        (
            [product_id] => 12558
            [quantity] => 225
            [unit_id] => 7
            [warehouse_id] => 1
            [location_id] => 44
            [supplier_lot_number] => test-receiving-12-23-0002
            [pallet_count] => 0
            [manufacturing_date] => 2025-12-01
            [expiry_date] => 2025-12-31
            [item_description] => CK SP 23078 ORANGE - R*1
        )

)

[23-Dec-2025 14:00:40 Asia/Bangkok] GR ID created: 118
[23-Dec-2025 14:00:40 Asia/Bangkok] 📝 Using normal quantity: 225
[23-Dec-2025 14:00:40 Asia/Bangkok] ✅ Created Inventory: product_id=12558, quantity=225
[23-Dec-2025 14:02:25 Asia/Bangkok] PO Items count: 1
[23-Dec-2025 14:02:25 Asia/Bangkok] Item 0: quantity=150.0000, received=.0000, pending=.0000, unit_id=7
[23-Dec-2025 14:05:08 Asia/Bangkok] PO Items count: 1
[23-Dec-2025 14:05:08 Asia/Bangkok] Item 0: quantity=150.0000, received=.0000, pending=.0000, unit_id=7
[23-Dec-2025 14:15:07 Asia/Bangkok] Received items: Array
(
    [0] => Array
        (
            [product_id] => 12559
            [quantity] => 660
            [unit_id] => 7
            [warehouse_id] => 1
            [location_id] => 168
            [supplier_lot_number] => test-receiving-12-23-0003
            [pallet_count] => 0
            [manufacturing_date] => 2025-12-01
            [expiry_date] => 2025-12-31
            [item_description] => TK ALFHA BLACK
        )

)

[23-Dec-2025 14:15:07 Asia/Bangkok] GR ID created: 119
[23-Dec-2025 14:15:07 Asia/Bangkok] 📝 Using normal quantity: 660
[23-Dec-2025 14:15:08 Asia/Bangkok] ✅ Created Inventory: product_id=12559, quantity=660
[23-Dec-2025 14:21:37 Asia/Bangkok] Received items: Array
(
    [0] => Array
        (
            [product_id] => 12558
            [quantity] => 55
            [unit_id] => 7
            [warehouse_id] => 1
            [location_id] => 140
            [supplier_lot_number] => test-receiving-12-23-0004
            [pallet_count] => 0
            [manufacturing_date] => 2025-12-01
            [expiry_date] => 2025-12-31
            [item_description] => CK SP 23078 ORANGE - R*1
        )

)

[23-Dec-2025 14:21:37 Asia/Bangkok] GR ID created: 120
[23-Dec-2025 14:21:37 Asia/Bangkok] ========================================
[23-Dec-2025 14:21:37 Asia/Bangkok] 🔍 updateInventoryStock CALLED
[23-Dec-2025 14:21:37 Asia/Bangkok] Product ID: 12558
[23-Dec-2025 14:21:37 Asia/Bangkok] Quantity (weight): 55
[23-Dec-2025 14:21:37 Asia/Bangkok] Package Qty: NULL
[23-Dec-2025 14:21:37 Asia/Bangkok] ℹ️ USING WEIGHT/QTY: 55
[23-Dec-2025 14:21:37 Asia/Bangkok] 💾 Will save to current_stock: 55
[23-Dec-2025 14:21:37 Asia/Bangkok] 📝 Creating new inventory record
[23-Dec-2025 14:21:37 Asia/Bangkok] ✅ INSERT SUCCESS: product_id=12558, quantity=55
[23-Dec-2025 14:21:37 Asia/Bangkok] ========================================
[24-Dec-2025 11:20:50 Asia/Bangkok] Received items: Array
(
    [0] => Array
        (
            [product_id] => 12535
            [quantity] => 300
            [unit_id] => 7
            [warehouse_id] => 1
            [location_id] => 88
            [supplier_lot_number] => test-receiving-12-23-0001
            [pallet_count] => 0
            [manufacturing_date] => 2025-12-01
            [expiry_date] => 2025-12-24
            [item_description] => CK SP 20597 BRONZE RED-R
            [received_package_qty] => 60
            [weight_per_package] => 5
        )

)

[24-Dec-2025 11:20:50 Asia/Bangkok] GR ID created: 121
[24-Dec-2025 11:20:50 Asia/Bangkok] ========================================
[24-Dec-2025 11:20:50 Asia/Bangkok] 🔍 updateInventoryStock CALLED
[24-Dec-2025 11:20:50 Asia/Bangkok] Product ID: 12535
[24-Dec-2025 11:20:50 Asia/Bangkok] Quantity (weight): 300
[24-Dec-2025 11:20:50 Asia/Bangkok] Package Qty: 60
[24-Dec-2025 11:20:50 Asia/Bangkok] ✅ USING PACKAGE: 60 cans
[24-Dec-2025 11:20:50 Asia/Bangkok] 💾 Will save to current_stock: 60
[24-Dec-2025 11:20:50 Asia/Bangkok] 📝 Creating new inventory record
[24-Dec-2025 11:20:50 Asia/Bangkok] ✅ INSERT SUCCESS: product_id=12535, quantity=60
[24-Dec-2025 11:20:50 Asia/Bangkok] ========================================
[24-Dec-2025 15:12:42 Asia/Bangkok] PO Items count: 1
[24-Dec-2025 15:12:42 Asia/Bangkok] Item 0: quantity=240.0000, received=.0000, pending=.0000, unit_id=7
[24-Dec-2025 15:28:17 Asia/Bangkok] PO Items count: 1
[24-Dec-2025 15:28:17 Asia/Bangkok] Item 0: quantity=240.0000, received=.0000, pending=.0000, unit_id=7
[24-Dec-2025 15:38:28 Asia/Bangkok] PO Items count: 1
[24-Dec-2025 15:38:28 Asia/Bangkok] Item 0: quantity=240.0000, received=.0000, pending=.0000, unit_id=7
[24-Dec-2025 15:39:13 Asia/Bangkok] PO Items count: 1
[24-Dec-2025 15:39:13 Asia/Bangkok] Item 0: quantity=240.0000, received=.0000, pending=.0000, unit_id=7
[24-Dec-2025 15:48:30 Asia/Bangkok] PO Items count: 1
[24-Dec-2025 15:48:30 Asia/Bangkok] Item 0: quantity=240.0000, received=.0000, pending=.0000, unit_id=7
[24-Dec-2025 15:54:30 Asia/Bangkok] PO Items count: 1
[24-Dec-2025 15:54:30 Asia/Bangkok] Item 0: quantity=240.0000, received=.0000, pending=.0000, unit_id=7
[24-Dec-2025 16:01:12 Asia/Bangkok] PO Items count: 1
[24-Dec-2025 16:01:12 Asia/Bangkok] Item 0: quantity=240.0000, received=.0000, pending=.0000, unit_id=7
[24-Dec-2025 16:09:15 Asia/Bangkok] PO Items count: 1
[24-Dec-2025 16:09:15 Asia/Bangkok] Item 0: quantity=240.0000, received=.0000, pending=.0000, unit_id=7
[24-Dec-2025 16:10:27 Asia/Bangkok] PO Items count: 1
[24-Dec-2025 16:10:27 Asia/Bangkok] Item 0: quantity=240.0000, received=.0000, pending=.0000, unit_id=7
[24-Dec-2025 16:17:52 Asia/Bangkok] PO Items count: 1
[24-Dec-2025 16:17:52 Asia/Bangkok] Item 0: quantity=240.0000, received=.0000, pending=.0000, unit_id=7
[24-Dec-2025 16:22:51 Asia/Bangkok] PO Items count: 1
[24-Dec-2025 16:22:51 Asia/Bangkok] Item 0: quantity=240.0000, received=.0000, pending=.0000, unit_id=7
[24-Dec-2025 16:32:02 Asia/Bangkok] PO Items count: 1
[24-Dec-2025 16:32:02 Asia/Bangkok] Item 0: quantity=240.0000, received=.0000, pending=.0000, unit_id=7
[24-Dec-2025 16:33:33 Asia/Bangkok] Received POST data: Array
(
)

[24-Dec-2025 16:33:33 Asia/Bangkok] Raw input: {"po_data":{"po_id":"1079","po_number":"test-po-12-24-0001","po_date":"2025-12-24","total_amount":"192000.00","delivery_date":null,"notes":"","supplier_id":"95","supplier_name":"บริษัท โตโยอิ๊งค์ (ประเทศไทย) จำกัด","warehouse_id":"1","receipt_date":"2025-12-24","invoice_no":"test-po-12-24","received_by":"admin"},"items_data":[{"po_item_id":"1085","product_id":"12583","ordered_qty":240,"receive_qty":240,"unit_id":7,"recv_package_qty":20,"unit_price":0,"total_price":0,"lot_number":"test-po-12-24","mfg_date":"2025-12-01","exp_date":"2025-12-31","pallet_count":0,"locations":[{"location_id":"25","lot_number":"test-po-12-24","quantity":240,"pallet_count":0,"mfg_date":"2025-12-01","exp_date":"2025-12-31","condition":"ปกติ","note":""}]}]}
[24-Dec-2025 16:33:33 Asia/Bangkok] Decoded data: Array
(
    [po_data] => Array
        (
            [po_id] => 1079
            [po_number] => test-po-12-24-0001
            [po_date] => 2025-12-24
            [total_amount] => 192000.00
            [delivery_date] => 
            [notes] => 
            [supplier_id] => 95
            [supplier_name] => บริษัท โตโยอิ๊งค์ (ประเทศไทย) จำกัด
            [warehouse_id] => 1
            [receipt_date] => 2025-12-24
            [invoice_no] => test-po-12-24
            [received_by] => admin
        )

    [items_data] => Array
        (
            [0] => Array
                (
                    [po_item_id] => 1085
                    [product_id] => 12583
                    [ordered_qty] => 240
                    [receive_qty] => 240
                    [unit_id] => 7
                    [recv_package_qty] => 20
                    [unit_price] => 0
                    [total_price] => 0
                    [lot_number] => test-po-12-24
                    [mfg_date] => 2025-12-01
                    [exp_date] => 2025-12-31
                    [pallet_count] => 0
                    [locations] => Array
                        (
                            [0] => Array
                                (
                                    [location_id] => 25
                                    [lot_number] => test-po-12-24
                                    [quantity] => 240
                                    [pallet_count] => 0
                                    [mfg_date] => 2025-12-01
                                    [exp_date] => 2025-12-31
                                    [condition] => ปกติ
                                    [note] => 
                                )

                        )

                )

        )

)

[24-Dec-2025 16:33:33 Asia/Bangkok] Starting saveReceiptEnhanced
[24-Dec-2025 16:33:33 Asia/Bangkok] Transaction started
[24-Dec-2025 16:33:33 Asia/Bangkok] PO Data: Array
(
    [po_id] => 1079
    [po_number] => test-po-12-24-0001
    [po_date] => 2025-12-24
    [total_amount] => 192000.00
    [delivery_date] => 
    [notes] => 
    [supplier_id] => 95
    [supplier_name] => บริษัท โตโยอิ๊งค์ (ประเทศไทย) จำกัด
    [warehouse_id] => 1
    [receipt_date] => 2025-12-24
    [invoice_no] => test-po-12-24
    [received_by] => admin
)

[24-Dec-2025 16:33:33 Asia/Bangkok] Items: Array
(
    [0] => Array
        (
            [po_item_id] => 1085
            [product_id] => 12583
            [ordered_qty] => 240
            [receive_qty] => 240
            [unit_id] => 7
            [recv_package_qty] => 20
            [unit_price] => 0
            [total_price] => 0
            [lot_number] => test-po-12-24
            [mfg_date] => 2025-12-01
            [exp_date] => 2025-12-31
            [pallet_count] => 0
            [locations] => Array
                (
                    [0] => Array
                        (
                            [location_id] => 25
                            [lot_number] => test-po-12-24
                            [quantity] => 240
                            [pallet_count] => 0
                            [mfg_date] => 2025-12-01
                            [exp_date] => 2025-12-31
                            [condition] => ปกติ
                            [note] => 
                        )

                )

        )

)

[24-Dec-2025 16:33:33 Asia/Bangkok] Resolved PO_ID: 1079
[24-Dec-2025 16:33:33 Asia/Bangkok] Generated GR Number: GR202512240001
[24-Dec-2025 16:33:33 Asia/Bangkok] Received Status ID: 2
[24-Dec-2025 16:33:33 Asia/Bangkok] SQL: INSERT INTO Goods_Receipt (
            gr_number, po_id, receipt_date, warehouse_id,
            total_amount, status, received_by, notes,
            invoice_number, receipt_type, created_date
        ) VALUES (?, ?, ?, ?, ?, 'PENDING', ?, ?, ?, 'PO', GETDATE())
[24-Dec-2025 16:33:33 Asia/Bangkok] Insert params: Array
(
    [0] => GR202512240001
    [1] => 1079
    [2] => 2025-12-24
    [3] => 1
    [4] => 192000.00
    [5] => 1
    [6] => 
    [7] => test-po-12-24
)

[24-Dec-2025 16:33:33 Asia/Bangkok] GR_ID: 122
[24-Dec-2025 16:33:33 Asia/Bangkok] Processing item 0: Array
(
    [po_item_id] => 1085
    [product_id] => 12583
    [ordered_qty] => 240
    [receive_qty] => 240
    [unit_id] => 7
    [recv_package_qty] => 20
    [unit_price] => 0
    [total_price] => 0
    [lot_number] => test-po-12-24
    [mfg_date] => 2025-12-01
    [exp_date] => 2025-12-31
    [pallet_count] => 0
    [locations] => Array
        (
            [0] => Array
                (
                    [location_id] => 25
                    [lot_number] => test-po-12-24
                    [quantity] => 240
                    [pallet_count] => 0
                    [mfg_date] => 2025-12-01
                    [exp_date] => 2025-12-31
                    [condition] => ปกติ
                    [note] => 
                )

        )

)

[24-Dec-2025 16:33:33 Asia/Bangkok] Using location_id: 25
[24-Dec-2025 16:33:33 Asia/Bangkok] Item params: Array
(
    [0] => 122
    [1] => 1085
    [2] => 12583
    [3] => 240
    [4] => 240
    [5] => 240
    [6] => 7
    [7] => 7
    [8] => 1
    [9] => 0
    [10] => 0
    [11] => 0
    [12] => 1
    [13] => 25
    [14] => test-po-12-24
    [15] => test-po-12-24
    [16] => 2025-12-01
    [17] => 2025-12-31
    [18] => 2025-12-31
    [19] => 2
)

[24-Dec-2025 16:33:33 Asia/Bangkok] GR_Item_ID: 117
[24-Dec-2025 16:33:33 Asia/Bangkok] Processing location 0: Array
(
    [location_id] => 25
    [lot_number] => test-po-12-24
    [quantity] => 240
    [pallet_count] => 0
    [mfg_date] => 2025-12-01
    [exp_date] => 2025-12-31
    [condition] => ปกติ
    [note] => 
)

[24-Dec-2025 16:33:33 Asia/Bangkok] Transaction committed successfully
[24-Dec-2025 16:33:33 Asia/Bangkok] Save result: Array
(
    [success] => 1
    [message] => บันทึกใบรับสินค้าเรียบร้อยแล้ว
    [gr_number] => GR202512240001
    [gr_id] => 122
)

[24-Dec-2025 16:36:05 Asia/Bangkok] PO Items count: 1
[24-Dec-2025 16:36:05 Asia/Bangkok] Item 0: quantity=500.0000, received=.0000, pending=.0000, unit_id=1
[24-Dec-2025 16:36:06 Asia/Bangkok] calculate_conversion: product=5614, from=1, to=4, qty=500
[24-Dec-2025 16:36:06 Asia/Bangkok] getConversionFactor called: product=5614, from=1, to=4
[24-Dec-2025 16:36:06 Asia/Bangkok] Unit codes: from=KG, to=SHEET
[24-Dec-2025 16:36:06 Asia/Bangkok] Paperboard calculation: W=750.00, L=648.00, GSM=350
[24-Dec-2025 16:36:06 Asia/Bangkok] Area: 0.486 m², kg/sheet: 0.1701, sheets/kg: 5.8788947677837
[24-Dec-2025 16:36:06 Asia/Bangkok] Returning KG→SHEET: 5.8788947677837
[24-Dec-2025 16:36:06 Asia/Bangkok] Conversion result: 500 × 5.8788947677837 = 2939.4473838918
[24-Dec-2025 16:38:08 Asia/Bangkok] PO Items count: 1
[24-Dec-2025 16:38:08 Asia/Bangkok] Item 0: quantity=500.0000, received=.0000, pending=.0000, unit_id=1
[24-Dec-2025 16:38:09 Asia/Bangkok] calculate_conversion: product=5614, from=1, to=4, qty=500
[24-Dec-2025 16:38:09 Asia/Bangkok] getConversionFactor called: product=5614, from=1, to=4
[24-Dec-2025 16:38:09 Asia/Bangkok] Unit codes: from=KG, to=SHEET
[24-Dec-2025 16:38:09 Asia/Bangkok] Paperboard calculation: W=750.00, L=648.00, GSM=350
[24-Dec-2025 16:38:09 Asia/Bangkok] Area: 0.486 m², kg/sheet: 0.1701, sheets/kg: 5.8788947677837
[24-Dec-2025 16:38:09 Asia/Bangkok] Returning KG→SHEET: 5.8788947677837
[24-Dec-2025 16:38:09 Asia/Bangkok] Conversion result: 500 × 5.8788947677837 = 2939.4473838918
[24-Dec-2025 16:38:14 Asia/Bangkok] calculate_conversion: product=5614, from=1, to=4, qty=500
[24-Dec-2025 16:38:14 Asia/Bangkok] getConversionFactor called: product=5614, from=1, to=4
[24-Dec-2025 16:38:14 Asia/Bangkok] Unit codes: from=KG, to=SHEET
[24-Dec-2025 16:38:14 Asia/Bangkok] Paperboard calculation: W=750.00, L=648.00, GSM=350
[24-Dec-2025 16:38:14 Asia/Bangkok] Area: 0.486 m², kg/sheet: 0.1701, sheets/kg: 5.8788947677837
[24-Dec-2025 16:38:14 Asia/Bangkok] Returning KG→SHEET: 5.8788947677837
[24-Dec-2025 16:38:14 Asia/Bangkok] Conversion result: 500 × 5.8788947677837 = 2939.4473838918
[24-Dec-2025 16:38:14 Asia/Bangkok] calculate_conversion: product=5614, from=4, to=1, qty=2939
[24-Dec-2025 16:38:14 Asia/Bangkok] getConversionFactor called: product=5614, from=4, to=1
[24-Dec-2025 16:38:14 Asia/Bangkok] Unit codes: from=SHEET, to=KG
[24-Dec-2025 16:38:14 Asia/Bangkok] Paperboard calculation: W=750.00, L=648.00, GSM=350
[24-Dec-2025 16:38:14 Asia/Bangkok] Area: 0.486 m², kg/sheet: 0.1701, sheets/kg: 5.8788947677837
[24-Dec-2025 16:38:14 Asia/Bangkok] Returning SHEET→KG: 0.1701
[24-Dec-2025 16:38:14 Asia/Bangkok] Conversion result: 2939 × 0.1701 = 499.9239
[24-Dec-2025 16:40:50 Asia/Bangkok] calculate_conversion: product=5614, from=1, to=4, qty=500
[24-Dec-2025 16:40:50 Asia/Bangkok] getConversionFactor called: product=5614, from=1, to=4
[24-Dec-2025 16:40:50 Asia/Bangkok] Unit codes: from=KG, to=SHEET
[24-Dec-2025 16:40:50 Asia/Bangkok] Paperboard calculation: W=750.00, L=648.00, GSM=350
[24-Dec-2025 16:40:50 Asia/Bangkok] Area: 0.486 m², kg/sheet: 0.1701, sheets/kg: 5.8788947677837
[24-Dec-2025 16:40:50 Asia/Bangkok] Returning KG→SHEET: 5.8788947677837
[24-Dec-2025 16:40:50 Asia/Bangkok] Conversion result: 500 × 5.8788947677837 = 2939.4473838918
[24-Dec-2025 16:41:44 Asia/Bangkok] PO Items count: 1
[24-Dec-2025 16:41:44 Asia/Bangkok] Item 0: quantity=240.0000, received=240.0000, pending=.0000, unit_id=7
[24-Dec-2025 16:43:11 Asia/Bangkok] PO Items count: 1
[24-Dec-2025 16:43:11 Asia/Bangkok] Item 0: quantity=200.0000, received=.0000, pending=.0000, unit_id=7
[24-Dec-2025 16:43:20 Asia/Bangkok] PO Items count: 1
[24-Dec-2025 16:43:20 Asia/Bangkok] Item 0: quantity=200.0000, received=.0000, pending=.0000, unit_id=7
[24-Dec-2025 16:43:46 Asia/Bangkok] PO Items count: 1
[24-Dec-2025 16:43:46 Asia/Bangkok] Item 0: quantity=500.0000, received=.0000, pending=.0000, unit_id=1
[24-Dec-2025 16:43:47 Asia/Bangkok] calculate_conversion: product=5614, from=1, to=4, qty=500
[24-Dec-2025 16:43:47 Asia/Bangkok] getConversionFactor called: product=5614, from=1, to=4
[24-Dec-2025 16:43:47 Asia/Bangkok] Unit codes: from=KG, to=SHEET
[24-Dec-2025 16:43:47 Asia/Bangkok] Paperboard calculation: W=750.00, L=648.00, GSM=350
[24-Dec-2025 16:43:47 Asia/Bangkok] Area: 0.486 m², kg/sheet: 0.1701, sheets/kg: 5.8788947677837
[24-Dec-2025 16:43:47 Asia/Bangkok] Returning KG→SHEET: 5.8788947677837
[24-Dec-2025 16:43:47 Asia/Bangkok] Conversion result: 500 × 5.8788947677837 = 2939.4473838918
[24-Dec-2025 16:43:50 Asia/Bangkok] calculate_conversion: product=5614, from=1, to=4, qty=500
[24-Dec-2025 16:43:50 Asia/Bangkok] getConversionFactor called: product=5614, from=1, to=4
[24-Dec-2025 16:43:50 Asia/Bangkok] Unit codes: from=KG, to=SHEET
[24-Dec-2025 16:43:50 Asia/Bangkok] Paperboard calculation: W=750.00, L=648.00, GSM=350
[24-Dec-2025 16:43:50 Asia/Bangkok] Area: 0.486 m², kg/sheet: 0.1701, sheets/kg: 5.8788947677837
[24-Dec-2025 16:43:50 Asia/Bangkok] Returning KG→SHEET: 5.8788947677837
[24-Dec-2025 16:43:50 Asia/Bangkok] Conversion result: 500 × 5.8788947677837 = 2939.4473838918
[24-Dec-2025 16:43:50 Asia/Bangkok] calculate_conversion: product=5614, from=4, to=1, qty=2939
[24-Dec-2025 16:43:50 Asia/Bangkok] getConversionFactor called: product=5614, from=4, to=1
[24-Dec-2025 16:43:50 Asia/Bangkok] Unit codes: from=SHEET, to=KG
[24-Dec-2025 16:43:50 Asia/Bangkok] Paperboard calculation: W=750.00, L=648.00, GSM=350
[24-Dec-2025 16:43:50 Asia/Bangkok] Area: 0.486 m², kg/sheet: 0.1701, sheets/kg: 5.8788947677837
[24-Dec-2025 16:43:50 Asia/Bangkok] Returning SHEET→KG: 0.1701
[24-Dec-2025 16:43:50 Asia/Bangkok] Conversion result: 2939 × 0.1701 = 499.9239
[26-Dec-2025 09:24:53 Asia/Bangkok] PO Items count: 1
[26-Dec-2025 09:24:53 Asia/Bangkok] Item 0: quantity=240.0000, received=240.0000, pending=.0000, unit_id=7
[26-Dec-2025 09:25:18 Asia/Bangkok] PO Items count: 1
[26-Dec-2025 09:25:18 Asia/Bangkok] Item 0: quantity=500.0000, received=.0000, pending=.0000, unit_id=1
[26-Dec-2025 09:25:19 Asia/Bangkok] calculate_conversion: product=5614, from=1, to=4, qty=500
[26-Dec-2025 09:25:19 Asia/Bangkok] getConversionFactor called: product=5614, from=1, to=4
[26-Dec-2025 09:25:19 Asia/Bangkok] Unit codes: from=KG, to=SHEET
[26-Dec-2025 09:25:19 Asia/Bangkok] Paperboard calculation: W=750.00, L=648.00, GSM=350
[26-Dec-2025 09:25:19 Asia/Bangkok] Area: 0.486 m², kg/sheet: 0.1701, sheets/kg: 5.8788947677837
[26-Dec-2025 09:25:19 Asia/Bangkok] Returning KG→SHEET: 5.8788947677837
[26-Dec-2025 09:25:19 Asia/Bangkok] Conversion result: 500 × 5.8788947677837 = 2939.4473838918
[26-Dec-2025 09:25:25 Asia/Bangkok] calculate_conversion: product=5614, from=1, to=4, qty=500
[26-Dec-2025 09:25:25 Asia/Bangkok] getConversionFactor called: product=5614, from=1, to=4
[26-Dec-2025 09:25:25 Asia/Bangkok] Unit codes: from=KG, to=SHEET
[26-Dec-2025 09:25:25 Asia/Bangkok] Paperboard calculation: W=750.00, L=648.00, GSM=350
[26-Dec-2025 09:25:25 Asia/Bangkok] Area: 0.486 m², kg/sheet: 0.1701, sheets/kg: 5.8788947677837
[26-Dec-2025 09:25:25 Asia/Bangkok] Returning KG→SHEET: 5.8788947677837
[26-Dec-2025 09:25:25 Asia/Bangkok] Conversion result: 500 × 5.8788947677837 = 2939.4473838918
[26-Dec-2025 09:25:25 Asia/Bangkok] calculate_conversion: product=5614, from=4, to=1, qty=2939
[26-Dec-2025 09:25:25 Asia/Bangkok] getConversionFactor called: product=5614, from=4, to=1
[26-Dec-2025 09:25:25 Asia/Bangkok] Unit codes: from=SHEET, to=KG
[26-Dec-2025 09:25:25 Asia/Bangkok] Paperboard calculation: W=750.00, L=648.00, GSM=350
[26-Dec-2025 09:25:25 Asia/Bangkok] Area: 0.486 m², kg/sheet: 0.1701, sheets/kg: 5.8788947677837
[26-Dec-2025 09:25:25 Asia/Bangkok] Returning SHEET→KG: 0.1701
[26-Dec-2025 09:25:25 Asia/Bangkok] Conversion result: 2939 × 0.1701 = 499.9239
[26-Dec-2025 10:58:01 Asia/Bangkok] PO Items count: 1
[26-Dec-2025 10:58:01 Asia/Bangkok] Item 0: quantity=500.0000, received=.0000, pending=.0000, unit_id=1
[26-Dec-2025 10:58:02 Asia/Bangkok] calculate_conversion: product=5614, from=1, to=4, qty=500
[26-Dec-2025 10:58:02 Asia/Bangkok] getConversionFactor called: product=5614, from=1, to=4
[26-Dec-2025 10:58:02 Asia/Bangkok] Unit codes: from=KG, to=SHEET
[26-Dec-2025 10:58:02 Asia/Bangkok] Paperboard calculation: W=750.00, L=648.00, GSM=350
[26-Dec-2025 10:58:02 Asia/Bangkok] Area: 0.486 m², kg/sheet: 0.1701, sheets/kg: 5.8788947677837
[26-Dec-2025 10:58:02 Asia/Bangkok] Returning KG→SHEET: 5.8788947677837
[26-Dec-2025 10:58:02 Asia/Bangkok] Conversion result: 500 × 5.8788947677837 = 2939.4473838918
[26-Dec-2025 10:58:07 Asia/Bangkok] calculate_conversion: product=5614, from=1, to=4, qty=500
[26-Dec-2025 10:58:07 Asia/Bangkok] getConversionFactor called: product=5614, from=1, to=4
[26-Dec-2025 10:58:07 Asia/Bangkok] Unit codes: from=KG, to=SHEET
[26-Dec-2025 10:58:07 Asia/Bangkok] Paperboard calculation: W=750.00, L=648.00, GSM=350
[26-Dec-2025 10:58:07 Asia/Bangkok] Area: 0.486 m², kg/sheet: 0.1701, sheets/kg: 5.8788947677837
[26-Dec-2025 10:58:07 Asia/Bangkok] Returning KG→SHEET: 5.8788947677837
[26-Dec-2025 10:58:07 Asia/Bangkok] Conversion result: 500 × 5.8788947677837 = 2939.4473838918
[26-Dec-2025 10:58:07 Asia/Bangkok] calculate_conversion: product=5614, from=4, to=1, qty=2939
[26-Dec-2025 10:58:07 Asia/Bangkok] getConversionFactor called: product=5614, from=4, to=1
[26-Dec-2025 10:58:07 Asia/Bangkok] Unit codes: from=SHEET, to=KG
[26-Dec-2025 10:58:07 Asia/Bangkok] Paperboard calculation: W=750.00, L=648.00, GSM=350
[26-Dec-2025 10:58:07 Asia/Bangkok] Area: 0.486 m², kg/sheet: 0.1701, sheets/kg: 5.8788947677837
[26-Dec-2025 10:58:07 Asia/Bangkok] Returning SHEET→KG: 0.1701
[26-Dec-2025 10:58:07 Asia/Bangkok] Conversion result: 2939 × 0.1701 = 499.9239
[26-Dec-2025 10:58:25 Asia/Bangkok] PO Items count: 1
[26-Dec-2025 10:58:25 Asia/Bangkok] Item 0: quantity=240.0000, received=240.0000, pending=.0000, unit_id=7
[26-Dec-2025 10:59:18 Asia/Bangkok] PO Items count: 1
[26-Dec-2025 10:59:18 Asia/Bangkok] Item 0: quantity=500.0000, received=.0000, pending=.0000, unit_id=1
[26-Dec-2025 10:59:19 Asia/Bangkok] calculate_conversion: product=5614, from=1, to=4, qty=500
[26-Dec-2025 10:59:19 Asia/Bangkok] getConversionFactor called: product=5614, from=1, to=4
[26-Dec-2025 10:59:19 Asia/Bangkok] Unit codes: from=KG, to=SHEET
[26-Dec-2025 10:59:19 Asia/Bangkok] Paperboard calculation: W=750.00, L=648.00, GSM=350
[26-Dec-2025 10:59:19 Asia/Bangkok] Area: 0.486 m², kg/sheet: 0.1701, sheets/kg: 5.8788947677837
[26-Dec-2025 10:59:19 Asia/Bangkok] Returning KG→SHEET: 5.8788947677837
[26-Dec-2025 10:59:19 Asia/Bangkok] Conversion result: 500 × 5.8788947677837 = 2939.4473838918
[26-Dec-2025 10:59:35 Asia/Bangkok] PO Items count: 1
[26-Dec-2025 10:59:35 Asia/Bangkok] Item 0: quantity=500.0000, received=.0000, pending=.0000, unit_id=1
[26-Dec-2025 10:59:35 Asia/Bangkok] calculate_conversion: product=5614, from=1, to=4, qty=500
[26-Dec-2025 10:59:35 Asia/Bangkok] getConversionFactor called: product=5614, from=1, to=4
[26-Dec-2025 10:59:35 Asia/Bangkok] Unit codes: from=KG, to=SHEET
[26-Dec-2025 10:59:35 Asia/Bangkok] Paperboard calculation: W=750.00, L=648.00, GSM=350
[26-Dec-2025 10:59:35 Asia/Bangkok] Area: 0.486 m², kg/sheet: 0.1701, sheets/kg: 5.8788947677837
[26-Dec-2025 10:59:35 Asia/Bangkok] Returning KG→SHEET: 5.8788947677837
[26-Dec-2025 10:59:35 Asia/Bangkok] Conversion result: 500 × 5.8788947677837 = 2939.4473838918
[26-Dec-2025 10:59:40 Asia/Bangkok] calculate_conversion: product=5614, from=1, to=4, qty=500
[26-Dec-2025 10:59:40 Asia/Bangkok] getConversionFactor called: product=5614, from=1, to=4
[26-Dec-2025 10:59:40 Asia/Bangkok] Unit codes: from=KG, to=SHEET
[26-Dec-2025 10:59:40 Asia/Bangkok] Paperboard calculation: W=750.00, L=648.00, GSM=350
[26-Dec-2025 10:59:40 Asia/Bangkok] Area: 0.486 m², kg/sheet: 0.1701, sheets/kg: 5.8788947677837
[26-Dec-2025 10:59:40 Asia/Bangkok] Returning KG→SHEET: 5.8788947677837
[26-Dec-2025 10:59:40 Asia/Bangkok] Conversion result: 500 × 5.8788947677837 = 2939.4473838918
[26-Dec-2025 10:59:40 Asia/Bangkok] calculate_conversion: product=5614, from=4, to=1, qty=2939
[26-Dec-2025 10:59:40 Asia/Bangkok] getConversionFactor called: product=5614, from=4, to=1
[26-Dec-2025 10:59:40 Asia/Bangkok] Unit codes: from=SHEET, to=KG
[26-Dec-2025 10:59:40 Asia/Bangkok] Paperboard calculation: W=750.00, L=648.00, GSM=350
[26-Dec-2025 10:59:40 Asia/Bangkok] Area: 0.486 m², kg/sheet: 0.1701, sheets/kg: 5.8788947677837
[26-Dec-2025 10:59:40 Asia/Bangkok] Returning SHEET→KG: 0.1701
[26-Dec-2025 10:59:40 Asia/Bangkok] Conversion result: 2939 × 0.1701 = 499.9239
[26-Dec-2025 11:06:47 Asia/Bangkok] PO Items count: 1
[26-Dec-2025 11:06:47 Asia/Bangkok] Item 0: quantity=500.0000, received=.0000, pending=.0000, unit_id=1
[26-Dec-2025 11:06:48 Asia/Bangkok] calculate_conversion: product=5614, from=1, to=4, qty=500
[26-Dec-2025 11:06:48 Asia/Bangkok] getConversionFactor called: product=5614, from=1, to=4
[26-Dec-2025 11:06:48 Asia/Bangkok] Unit codes: from=KG, to=SHEET
[26-Dec-2025 11:06:48 Asia/Bangkok] Paperboard calculation: W=750.00, L=648.00, GSM=350
[26-Dec-2025 11:06:48 Asia/Bangkok] Area: 0.486 m², kg/sheet: 0.1701, sheets/kg: 5.8788947677837
[26-Dec-2025 11:06:48 Asia/Bangkok] Returning KG→SHEET: 5.8788947677837
[26-Dec-2025 11:06:48 Asia/Bangkok] Conversion result: 500 × 5.8788947677837 = 2939.4473838918
[26-Dec-2025 11:06:51 Asia/Bangkok] calculate_conversion: product=5614, from=1, to=4, qty=500
[26-Dec-2025 11:06:51 Asia/Bangkok] getConversionFactor called: product=5614, from=1, to=4
[26-Dec-2025 11:06:51 Asia/Bangkok] Unit codes: from=KG, to=SHEET
[26-Dec-2025 11:06:51 Asia/Bangkok] Paperboard calculation: W=750.00, L=648.00, GSM=350
[26-Dec-2025 11:06:51 Asia/Bangkok] Area: 0.486 m², kg/sheet: 0.1701, sheets/kg: 5.8788947677837
[26-Dec-2025 11:06:51 Asia/Bangkok] Returning KG→SHEET: 5.8788947677837
[26-Dec-2025 11:06:51 Asia/Bangkok] Conversion result: 500 × 5.8788947677837 = 2939.4473838918
[26-Dec-2025 11:06:51 Asia/Bangkok] calculate_conversion: product=5614, from=4, to=1, qty=2939
[26-Dec-2025 11:06:51 Asia/Bangkok] getConversionFactor called: product=5614, from=4, to=1
[26-Dec-2025 11:06:51 Asia/Bangkok] Unit codes: from=SHEET, to=KG
[26-Dec-2025 11:06:51 Asia/Bangkok] Paperboard calculation: W=750.00, L=648.00, GSM=350
[26-Dec-2025 11:06:51 Asia/Bangkok] Area: 0.486 m², kg/sheet: 0.1701, sheets/kg: 5.8788947677837
[26-Dec-2025 11:06:51 Asia/Bangkok] Returning SHEET→KG: 0.1701
[26-Dec-2025 11:06:51 Asia/Bangkok] Conversion result: 2939 × 0.1701 = 499.9239
[26-Dec-2025 11:18:35 Asia/Bangkok] PO Items count: 1
[26-Dec-2025 11:18:35 Asia/Bangkok] Item 0: quantity=500.0000, received=.0000, pending=.0000, unit_id=1
[26-Dec-2025 11:18:36 Asia/Bangkok] calculate_conversion: product=5614, from=1, to=4, qty=500
[26-Dec-2025 11:18:36 Asia/Bangkok] getConversionFactor called: product=5614, from=1, to=4
[26-Dec-2025 11:18:36 Asia/Bangkok] Unit codes: from=KG, to=SHEET
[26-Dec-2025 11:18:36 Asia/Bangkok] Paperboard calculation: W=750.00, L=648.00, GSM=350
[26-Dec-2025 11:18:36 Asia/Bangkok] Area: 0.486 m², kg/sheet: 0.1701, sheets/kg: 5.8788947677837
[26-Dec-2025 11:18:36 Asia/Bangkok] Returning KG→SHEET: 5.8788947677837
[26-Dec-2025 11:18:36 Asia/Bangkok] Conversion result: 500 × 5.8788947677837 = 2939.4473838918
[26-Dec-2025 11:18:49 Asia/Bangkok] PO Items count: 1
[26-Dec-2025 11:18:49 Asia/Bangkok] Item 0: quantity=500.0000, received=.0000, pending=.0000, unit_id=1
[26-Dec-2025 11:18:50 Asia/Bangkok] calculate_conversion: product=5614, from=1, to=4, qty=500
[26-Dec-2025 11:18:50 Asia/Bangkok] getConversionFactor called: product=5614, from=1, to=4
[26-Dec-2025 11:18:50 Asia/Bangkok] Unit codes: from=KG, to=SHEET
[26-Dec-2025 11:18:50 Asia/Bangkok] Paperboard calculation: W=750.00, L=648.00, GSM=350
[26-Dec-2025 11:18:50 Asia/Bangkok] Area: 0.486 m², kg/sheet: 0.1701, sheets/kg: 5.8788947677837
[26-Dec-2025 11:18:50 Asia/Bangkok] Returning KG→SHEET: 5.8788947677837
[26-Dec-2025 11:18:50 Asia/Bangkok] Conversion result: 500 × 5.8788947677837 = 2939.4473838918
[26-Dec-2025 11:19:01 Asia/Bangkok] PO Items count: 1
[26-Dec-2025 11:19:01 Asia/Bangkok] Item 0: quantity=500.0000, received=.0000, pending=.0000, unit_id=1
[26-Dec-2025 11:19:02 Asia/Bangkok] calculate_conversion: product=5614, from=1, to=4, qty=500
[26-Dec-2025 11:19:02 Asia/Bangkok] getConversionFactor called: product=5614, from=1, to=4
[26-Dec-2025 11:19:02 Asia/Bangkok] Unit codes: from=KG, to=SHEET
[26-Dec-2025 11:19:02 Asia/Bangkok] Paperboard calculation: W=750.00, L=648.00, GSM=350
[26-Dec-2025 11:19:02 Asia/Bangkok] Area: 0.486 m², kg/sheet: 0.1701, sheets/kg: 5.8788947677837
[26-Dec-2025 11:19:02 Asia/Bangkok] Returning KG→SHEET: 5.8788947677837
[26-Dec-2025 11:19:02 Asia/Bangkok] Conversion result: 500 × 5.8788947677837 = 2939.4473838918
[26-Dec-2025 11:19:06 Asia/Bangkok] PO Items count: 1
[26-Dec-2025 11:19:06 Asia/Bangkok] Item 0: quantity=500.0000, received=.0000, pending=.0000, unit_id=1
[26-Dec-2025 11:19:06 Asia/Bangkok] calculate_conversion: product=5614, from=1, to=4, qty=500
[26-Dec-2025 11:19:06 Asia/Bangkok] getConversionFactor called: product=5614, from=1, to=4
[26-Dec-2025 11:19:06 Asia/Bangkok] Unit codes: from=KG, to=SHEET
[26-Dec-2025 11:19:06 Asia/Bangkok] Paperboard calculation: W=750.00, L=648.00, GSM=350
[26-Dec-2025 11:19:06 Asia/Bangkok] Area: 0.486 m², kg/sheet: 0.1701, sheets/kg: 5.8788947677837
[26-Dec-2025 11:19:06 Asia/Bangkok] Returning KG→SHEET: 5.8788947677837
[26-Dec-2025 11:19:06 Asia/Bangkok] Conversion result: 500 × 5.8788947677837 = 2939.4473838918
[26-Dec-2025 11:19:21 Asia/Bangkok] PO Items count: 1
[26-Dec-2025 11:19:21 Asia/Bangkok] Item 0: quantity=500.0000, received=.0000, pending=.0000, unit_id=1
[26-Dec-2025 11:19:22 Asia/Bangkok] calculate_conversion: product=5614, from=1, to=4, qty=500
[26-Dec-2025 11:19:22 Asia/Bangkok] getConversionFactor called: product=5614, from=1, to=4
[26-Dec-2025 11:19:22 Asia/Bangkok] Unit codes: from=KG, to=SHEET
[26-Dec-2025 11:19:22 Asia/Bangkok] Paperboard calculation: W=750.00, L=648.00, GSM=350
[26-Dec-2025 11:19:22 Asia/Bangkok] Area: 0.486 m², kg/sheet: 0.1701, sheets/kg: 5.8788947677837
[26-Dec-2025 11:19:22 Asia/Bangkok] Returning KG→SHEET: 5.8788947677837
[26-Dec-2025 11:19:22 Asia/Bangkok] Conversion result: 500 × 5.8788947677837 = 2939.4473838918
[26-Dec-2025 11:19:26 Asia/Bangkok] calculate_conversion: product=5614, from=1, to=4, qty=500
[26-Dec-2025 11:19:26 Asia/Bangkok] getConversionFactor called: product=5614, from=1, to=4
[26-Dec-2025 11:19:26 Asia/Bangkok] Unit codes: from=KG, to=SHEET
[26-Dec-2025 11:19:26 Asia/Bangkok] Paperboard calculation: W=750.00, L=648.00, GSM=350
[26-Dec-2025 11:19:26 Asia/Bangkok] Area: 0.486 m², kg/sheet: 0.1701, sheets/kg: 5.8788947677837
[26-Dec-2025 11:19:26 Asia/Bangkok] Returning KG→SHEET: 5.8788947677837
[26-Dec-2025 11:19:26 Asia/Bangkok] Conversion result: 500 × 5.8788947677837 = 2939.4473838918
[26-Dec-2025 11:19:26 Asia/Bangkok] calculate_conversion: product=5614, from=4, to=1, qty=2939
[26-Dec-2025 11:19:26 Asia/Bangkok] getConversionFactor called: product=5614, from=4, to=1
[26-Dec-2025 11:19:26 Asia/Bangkok] Unit codes: from=SHEET, to=KG
[26-Dec-2025 11:19:26 Asia/Bangkok] Paperboard calculation: W=750.00, L=648.00, GSM=350
[26-Dec-2025 11:19:26 Asia/Bangkok] Area: 0.486 m², kg/sheet: 0.1701, sheets/kg: 5.8788947677837
[26-Dec-2025 11:19:26 Asia/Bangkok] Returning SHEET→KG: 0.1701
[26-Dec-2025 11:19:26 Asia/Bangkok] Conversion result: 2939 × 0.1701 = 499.9239
[26-Dec-2025 11:26:09 Asia/Bangkok] PO Items count: 1
[26-Dec-2025 11:26:09 Asia/Bangkok] Item 0: quantity=500.0000, received=.0000, pending=.0000, unit_id=1
[26-Dec-2025 11:26:10 Asia/Bangkok] calculate_conversion: product=5614, from=1, to=4, qty=500
[26-Dec-2025 11:26:10 Asia/Bangkok] getConversionFactor called: product=5614, from=1, to=4
[26-Dec-2025 11:26:10 Asia/Bangkok] Unit codes: from=KG, to=SHEET
[26-Dec-2025 11:26:10 Asia/Bangkok] Paperboard calculation: W=750.00, L=648.00, GSM=350
[26-Dec-2025 11:26:10 Asia/Bangkok] Area: 0.486 m², kg/sheet: 0.1701, sheets/kg: 5.8788947677837
[26-Dec-2025 11:26:10 Asia/Bangkok] Returning KG→SHEET: 5.8788947677837
[26-Dec-2025 11:26:10 Asia/Bangkok] Conversion result: 500 × 5.8788947677837 = 2939.4473838918
[26-Dec-2025 11:26:13 Asia/Bangkok] calculate_conversion: product=5614, from=1, to=4, qty=500
[26-Dec-2025 11:26:13 Asia/Bangkok] getConversionFactor called: product=5614, from=1, to=4
[26-Dec-2025 11:26:13 Asia/Bangkok] Unit codes: from=KG, to=SHEET
[26-Dec-2025 11:26:13 Asia/Bangkok] Paperboard calculation: W=750.00, L=648.00, GSM=350
[26-Dec-2025 11:26:13 Asia/Bangkok] Area: 0.486 m², kg/sheet: 0.1701, sheets/kg: 5.8788947677837
[26-Dec-2025 11:26:13 Asia/Bangkok] Returning KG→SHEET: 5.8788947677837
[26-Dec-2025 11:26:13 Asia/Bangkok] Conversion result: 500 × 5.8788947677837 = 2939.4473838918
[26-Dec-2025 11:26:13 Asia/Bangkok] calculate_conversion: product=5614, from=4, to=1, qty=2939
[26-Dec-2025 11:26:13 Asia/Bangkok] getConversionFactor called: product=5614, from=4, to=1
[26-Dec-2025 11:26:13 Asia/Bangkok] Unit codes: from=SHEET, to=KG
[26-Dec-2025 11:26:13 Asia/Bangkok] Paperboard calculation: W=750.00, L=648.00, GSM=350
[26-Dec-2025 11:26:13 Asia/Bangkok] Area: 0.486 m², kg/sheet: 0.1701, sheets/kg: 5.8788947677837
[26-Dec-2025 11:26:13 Asia/Bangkok] Returning SHEET→KG: 0.1701
[26-Dec-2025 11:26:13 Asia/Bangkok] Conversion result: 2939 × 0.1701 = 499.9239
[26-Dec-2025 11:26:26 Asia/Bangkok] PO Items count: 1
[26-Dec-2025 11:26:26 Asia/Bangkok] Item 0: quantity=500.0000, received=500.0000, pending=.0000, unit_id=7
[26-Dec-2025 11:26:48 Asia/Bangkok] PO Items count: 1
[26-Dec-2025 11:26:48 Asia/Bangkok] Item 0: quantity=500.0000, received=.0000, pending=.0000, unit_id=1
[26-Dec-2025 11:26:49 Asia/Bangkok] calculate_conversion: product=5614, from=1, to=4, qty=500
[26-Dec-2025 11:26:49 Asia/Bangkok] getConversionFactor called: product=5614, from=1, to=4
[26-Dec-2025 11:26:49 Asia/Bangkok] Unit codes: from=KG, to=SHEET
[26-Dec-2025 11:26:49 Asia/Bangkok] Paperboard calculation: W=750.00, L=648.00, GSM=350
[26-Dec-2025 11:26:49 Asia/Bangkok] Area: 0.486 m², kg/sheet: 0.1701, sheets/kg: 5.8788947677837
[26-Dec-2025 11:26:49 Asia/Bangkok] Returning KG→SHEET: 5.8788947677837
[26-Dec-2025 11:26:49 Asia/Bangkok] Conversion result: 500 × 5.8788947677837 = 2939.4473838918
[26-Dec-2025 11:27:01 Asia/Bangkok] calculate_conversion: product=5614, from=1, to=4, qty=500
[26-Dec-2025 11:27:01 Asia/Bangkok] getConversionFactor called: product=5614, from=1, to=4
[26-Dec-2025 11:27:01 Asia/Bangkok] Unit codes: from=KG, to=SHEET
[26-Dec-2025 11:27:01 Asia/Bangkok] Paperboard calculation: W=750.00, L=648.00, GSM=350
[26-Dec-2025 11:27:01 Asia/Bangkok] Area: 0.486 m², kg/sheet: 0.1701, sheets/kg: 5.8788947677837
[26-Dec-2025 11:27:01 Asia/Bangkok] Returning KG→SHEET: 5.8788947677837
[26-Dec-2025 11:27:01 Asia/Bangkok] Conversion result: 500 × 5.8788947677837 = 2939.4473838918
[26-Dec-2025 11:27:01 Asia/Bangkok] calculate_conversion: product=5614, from=4, to=1, qty=2939
[26-Dec-2025 11:27:01 Asia/Bangkok] getConversionFactor called: product=5614, from=4, to=1
[26-Dec-2025 11:27:01 Asia/Bangkok] Unit codes: from=SHEET, to=KG
[26-Dec-2025 11:27:01 Asia/Bangkok] Paperboard calculation: W=750.00, L=648.00, GSM=350
[26-Dec-2025 11:27:01 Asia/Bangkok] Area: 0.486 m², kg/sheet: 0.1701, sheets/kg: 5.8788947677837
[26-Dec-2025 11:27:01 Asia/Bangkok] Returning SHEET→KG: 0.1701
[26-Dec-2025 11:27:01 Asia/Bangkok] Conversion result: 2939 × 0.1701 = 499.9239
[26-Dec-2025 11:27:48 Asia/Bangkok] Received POST data: Array
(
)

[26-Dec-2025 11:27:48 Asia/Bangkok] Raw input: {"po_data":{"po_id":"1075","po_number":"test-po-12-16-0001","po_date":"2025-12-16","total_amount":"25000.00","delivery_date":null,"notes":"","supplier_id":"9","supplier_name":"\"Hansol Paper Co.,Ltd.\"","warehouse_id":"1","receipt_date":"2025-12-26","invoice_no":"test-12-26","received_by":"admin"},"items_data":[{"po_item_id":"1081","product_id":"5614","ordered_qty":2939,"receive_qty":2939,"unit_id":4,"recv_package_qty":null,"unit_price":0,"total_price":0,"lot_number":"test-12-26","mfg_date":"2025-12-01","exp_date":"2025-12-31","pallet_count":5,"locations":[{"location_id":"75","lot_number":"test-12-26","quantity":2939,"pallet_count":5,"mfg_date":"2025-12-01","exp_date":"2025-12-31","condition":"ปกติ","note":""}]}]}
[26-Dec-2025 11:27:48 Asia/Bangkok] Decoded data: Array
(
    [po_data] => Array
        (
            [po_id] => 1075
            [po_number] => test-po-12-16-0001
            [po_date] => 2025-12-16
            [total_amount] => 25000.00
            [delivery_date] => 
            [notes] => 
            [supplier_id] => 9
            [supplier_name] => "Hansol Paper Co.,Ltd."
            [warehouse_id] => 1
            [receipt_date] => 2025-12-26
            [invoice_no] => test-12-26
            [received_by] => admin
        )

    [items_data] => Array
        (
            [0] => Array
                (
                    [po_item_id] => 1081
                    [product_id] => 5614
                    [ordered_qty] => 2939
                    [receive_qty] => 2939
                    [unit_id] => 4
                    [recv_package_qty] => 
                    [unit_price] => 0
                    [total_price] => 0
                    [lot_number] => test-12-26
                    [mfg_date] => 2025-12-01
                    [exp_date] => 2025-12-31
                    [pallet_count] => 5
                    [locations] => Array
                        (
                            [0] => Array
                                (
                                    [location_id] => 75
                                    [lot_number] => test-12-26
                                    [quantity] => 2939
                                    [pallet_count] => 5
                                    [mfg_date] => 2025-12-01
                                    [exp_date] => 2025-12-31
                                    [condition] => ปกติ
                                    [note] => 
                                )

                        )

                )

        )

)

[26-Dec-2025 11:27:48 Asia/Bangkok] Starting saveReceiptEnhanced
[26-Dec-2025 11:27:48 Asia/Bangkok] Transaction started
[26-Dec-2025 11:27:48 Asia/Bangkok] PO Data: Array
(
    [po_id] => 1075
    [po_number] => test-po-12-16-0001
    [po_date] => 2025-12-16
    [total_amount] => 25000.00
    [delivery_date] => 
    [notes] => 
    [supplier_id] => 9
    [supplier_name] => "Hansol Paper Co.,Ltd."
    [warehouse_id] => 1
    [receipt_date] => 2025-12-26
    [invoice_no] => test-12-26
    [received_by] => admin
)

[26-Dec-2025 11:27:48 Asia/Bangkok] Items: Array
(
    [0] => Array
        (
            [po_item_id] => 1081
            [product_id] => 5614
            [ordered_qty] => 2939
            [receive_qty] => 2939
            [unit_id] => 4
            [recv_package_qty] => 
            [unit_price] => 0
            [total_price] => 0
            [lot_number] => test-12-26
            [mfg_date] => 2025-12-01
            [exp_date] => 2025-12-31
            [pallet_count] => 5
            [locations] => Array
                (
                    [0] => Array
                        (
                            [location_id] => 75
                            [lot_number] => test-12-26
                            [quantity] => 2939
                            [pallet_count] => 5
                            [mfg_date] => 2025-12-01
                            [exp_date] => 2025-12-31
                            [condition] => ปกติ
                            [note] => 
                        )

                )

        )

)

[26-Dec-2025 11:27:48 Asia/Bangkok] Resolved PO_ID: 1075
[26-Dec-2025 11:27:48 Asia/Bangkok] Generated GR Number: GR202512260001
[26-Dec-2025 11:27:48 Asia/Bangkok] Received Status ID: 2
[26-Dec-2025 11:27:48 Asia/Bangkok] SQL: INSERT INTO Goods_Receipt (
            gr_number, po_id, receipt_date, warehouse_id,
            total_amount, status, received_by, notes,
            invoice_number, receipt_type, created_date
        ) VALUES (?, ?, ?, ?, ?, 'PENDING', ?, ?, ?, 'PO', GETDATE())
[26-Dec-2025 11:27:48 Asia/Bangkok] Insert params: Array
(
    [0] => GR202512260001
    [1] => 1075
    [2] => 2025-12-26
    [3] => 1
    [4] => 25000.00
    [5] => 1
    [6] => 
    [7] => test-12-26
)

[26-Dec-2025 11:27:48 Asia/Bangkok] GR_ID: 123
[26-Dec-2025 11:27:48 Asia/Bangkok] Processing item 0: Array
(
    [po_item_id] => 1081
    [product_id] => 5614
    [ordered_qty] => 2939
    [receive_qty] => 2939
    [unit_id] => 4
    [recv_package_qty] => 
    [unit_price] => 0
    [total_price] => 0
    [lot_number] => test-12-26
    [mfg_date] => 2025-12-01
    [exp_date] => 2025-12-31
    [pallet_count] => 5
    [locations] => Array
        (
            [0] => Array
                (
                    [location_id] => 75
                    [lot_number] => test-12-26
                    [quantity] => 2939
                    [pallet_count] => 5
                    [mfg_date] => 2025-12-01
                    [exp_date] => 2025-12-31
                    [condition] => ปกติ
                    [note] => 
                )

        )

)

[26-Dec-2025 11:27:48 Asia/Bangkok] Using location_id: 75
[26-Dec-2025 11:27:48 Asia/Bangkok] Item params: Array
(
    [0] => 123
    [1] => 1081
    [2] => 5614
    [3] => 2939
    [4] => 2939
    [5] => 2939
    [6] => 4
    [7] => 4
    [8] => 1
    [9] => 5
    [10] => 0
    [11] => 0
    [12] => 1
    [13] => 75
    [14] => test-12-26
    [15] => test-12-26
    [16] => 2025-12-01
    [17] => 2025-12-31
    [18] => 2025-12-31
    [19] => 2
)

[26-Dec-2025 11:27:48 Asia/Bangkok] GR_Item_ID: 118
[26-Dec-2025 11:27:48 Asia/Bangkok] Processing location 0: Array
(
    [location_id] => 75
    [lot_number] => test-12-26
    [quantity] => 2939
    [pallet_count] => 5
    [mfg_date] => 2025-12-01
    [exp_date] => 2025-12-31
    [condition] => ปกติ
    [note] => 
)

[26-Dec-2025 11:27:48 Asia/Bangkok] Transaction committed successfully
[26-Dec-2025 11:27:48 Asia/Bangkok] Save result: Array
(
    [success] => 1
    [message] => บันทึกใบรับสินค้าเรียบร้อยแล้ว
    [gr_number] => GR202512260001
    [gr_id] => 123
)

[29-Dec-2025 10:05:59 Asia/Bangkok] PO Items count: 1
[29-Dec-2025 10:05:59 Asia/Bangkok] Item 0: quantity=500.0000, received=2939.0000, pending=.0000, unit_id=1
[29-Dec-2025 10:05:59 Asia/Bangkok] calculate_conversion: product=5614, from=1, to=4, qty=500
[29-Dec-2025 10:05:59 Asia/Bangkok] getConversionFactor called: product=5614, from=1, to=4
[29-Dec-2025 10:05:59 Asia/Bangkok] Unit codes: from=KG, to=SHEET
[29-Dec-2025 10:05:59 Asia/Bangkok] Paperboard calculation: W=750.00, L=648.00, GSM=350
[29-Dec-2025 10:05:59 Asia/Bangkok] Area: 0.486 m², kg/sheet: 0.1701, sheets/kg: 5.8788947677837
[29-Dec-2025 10:05:59 Asia/Bangkok] Returning KG→SHEET: 5.8788947677837
[29-Dec-2025 10:05:59 Asia/Bangkok] Conversion result: 500 × 5.8788947677837 = 2939.4473838918
[29-Dec-2025 10:06:02 Asia/Bangkok] calculate_conversion: product=5614, from=1, to=4, qty=500
[29-Dec-2025 10:06:02 Asia/Bangkok] getConversionFactor called: product=5614, from=1, to=4
[29-Dec-2025 10:06:02 Asia/Bangkok] Unit codes: from=KG, to=SHEET
[29-Dec-2025 10:06:02 Asia/Bangkok] Paperboard calculation: W=750.00, L=648.00, GSM=350
[29-Dec-2025 10:06:02 Asia/Bangkok] Area: 0.486 m², kg/sheet: 0.1701, sheets/kg: 5.8788947677837
[29-Dec-2025 10:06:02 Asia/Bangkok] Returning KG→SHEET: 5.8788947677837
[29-Dec-2025 10:06:02 Asia/Bangkok] Conversion result: 500 × 5.8788947677837 = 2939.4473838918
[29-Dec-2025 10:06:02 Asia/Bangkok] calculate_conversion: product=5614, from=4, to=1, qty=2939
[29-Dec-2025 10:06:02 Asia/Bangkok] getConversionFactor called: product=5614, from=4, to=1
[29-Dec-2025 10:06:02 Asia/Bangkok] Unit codes: from=SHEET, to=KG
[29-Dec-2025 10:06:02 Asia/Bangkok] Paperboard calculation: W=750.00, L=648.00, GSM=350
[29-Dec-2025 10:06:02 Asia/Bangkok] Area: 0.486 m², kg/sheet: 0.1701, sheets/kg: 5.8788947677837
[29-Dec-2025 10:06:02 Asia/Bangkok] Returning SHEET→KG: 0.1701
[29-Dec-2025 10:06:02 Asia/Bangkok] Conversion result: 2939 × 0.1701 = 499.9239
[29-Dec-2025 10:23:03 Asia/Bangkok] PO Items count: 1
[29-Dec-2025 10:23:03 Asia/Bangkok] Item 0: quantity=500.0000, received=.0000, pending=.0000, unit_id=1
[29-Dec-2025 10:23:04 Asia/Bangkok] calculate_conversion: product=5665, from=1, to=4, qty=500
[29-Dec-2025 10:23:04 Asia/Bangkok] getConversionFactor called: product=5665, from=1, to=4
[29-Dec-2025 10:23:04 Asia/Bangkok] Unit codes: from=KG, to=SHEET
[29-Dec-2025 10:23:04 Asia/Bangkok] Paperboard calculation: W=790.00, L=825.00, GSM=350
[29-Dec-2025 10:23:04 Asia/Bangkok] Area: 0.65175 m², kg/sheet: 0.2281125, sheets/kg: 4.3838018521563
[29-Dec-2025 10:23:04 Asia/Bangkok] Returning KG→SHEET: 4.3838018521563
[29-Dec-2025 10:23:04 Asia/Bangkok] Conversion result: 500 × 4.3838018521563 = 2191.9009260781
[29-Dec-2025 10:26:54 Asia/Bangkok] calculate_conversion: product=5665, from=1, to=4, qty=500
[29-Dec-2025 10:26:54 Asia/Bangkok] getConversionFactor called: product=5665, from=1, to=4
[29-Dec-2025 10:26:54 Asia/Bangkok] Unit codes: from=KG, to=SHEET
[29-Dec-2025 10:26:54 Asia/Bangkok] Paperboard calculation: W=790.00, L=825.00, GSM=350
[29-Dec-2025 10:26:54 Asia/Bangkok] Area: 0.65175 m², kg/sheet: 0.2281125, sheets/kg: 4.3838018521563
[29-Dec-2025 10:26:54 Asia/Bangkok] Returning KG→SHEET: 4.3838018521563
[29-Dec-2025 10:26:54 Asia/Bangkok] Conversion result: 500 × 4.3838018521563 = 2191.9009260781
[29-Dec-2025 10:26:54 Asia/Bangkok] calculate_conversion: product=5665, from=4, to=1, qty=2192
[29-Dec-2025 10:26:54 Asia/Bangkok] getConversionFactor called: product=5665, from=4, to=1
[29-Dec-2025 10:26:54 Asia/Bangkok] Unit codes: from=SHEET, to=KG
[29-Dec-2025 10:26:54 Asia/Bangkok] Paperboard calculation: W=790.00, L=825.00, GSM=350
[29-Dec-2025 10:26:54 Asia/Bangkok] Area: 0.65175 m², kg/sheet: 0.2281125, sheets/kg: 4.3838018521563
[29-Dec-2025 10:26:54 Asia/Bangkok] Returning SHEET→KG: 0.2281125
[29-Dec-2025 10:26:54 Asia/Bangkok] Conversion result: 2192 × 0.2281125 = 500.0226
[29-Dec-2025 10:28:10 Asia/Bangkok] PO Items count: 1
[29-Dec-2025 10:28:10 Asia/Bangkok] Item 0: quantity=1000.0000, received=.0000, pending=.0000, unit_id=1
[29-Dec-2025 10:28:11 Asia/Bangkok] calculate_conversion: product=5665, from=1, to=4, qty=1000
[29-Dec-2025 10:28:11 Asia/Bangkok] getConversionFactor called: product=5665, from=1, to=4
[29-Dec-2025 10:28:11 Asia/Bangkok] Unit codes: from=KG, to=SHEET
[29-Dec-2025 10:28:11 Asia/Bangkok] Paperboard calculation: W=790.00, L=825.00, GSM=350
[29-Dec-2025 10:28:11 Asia/Bangkok] Area: 0.65175 m², kg/sheet: 0.2281125, sheets/kg: 4.3838018521563
[29-Dec-2025 10:28:11 Asia/Bangkok] Returning KG→SHEET: 4.3838018521563
[29-Dec-2025 10:28:11 Asia/Bangkok] Conversion result: 1000 × 4.3838018521563 = 4383.8018521563
[29-Dec-2025 10:28:14 Asia/Bangkok] calculate_conversion: product=5665, from=1, to=4, qty=1000
[29-Dec-2025 10:28:14 Asia/Bangkok] getConversionFactor called: product=5665, from=1, to=4
[29-Dec-2025 10:28:14 Asia/Bangkok] Unit codes: from=KG, to=SHEET
[29-Dec-2025 10:28:14 Asia/Bangkok] Paperboard calculation: W=790.00, L=825.00, GSM=350
[29-Dec-2025 10:28:14 Asia/Bangkok] Area: 0.65175 m², kg/sheet: 0.2281125, sheets/kg: 4.3838018521563
[29-Dec-2025 10:28:14 Asia/Bangkok] Returning KG→SHEET: 4.3838018521563
[29-Dec-2025 10:28:14 Asia/Bangkok] Conversion result: 1000 × 4.3838018521563 = 4383.8018521563
[29-Dec-2025 10:28:14 Asia/Bangkok] calculate_conversion: product=5665, from=4, to=1, qty=4384
[29-Dec-2025 10:28:14 Asia/Bangkok] getConversionFactor called: product=5665, from=4, to=1
[29-Dec-2025 10:28:14 Asia/Bangkok] Unit codes: from=SHEET, to=KG
[29-Dec-2025 10:28:14 Asia/Bangkok] Paperboard calculation: W=790.00, L=825.00, GSM=350
[29-Dec-2025 10:28:14 Asia/Bangkok] Area: 0.65175 m², kg/sheet: 0.2281125, sheets/kg: 4.3838018521563
[29-Dec-2025 10:28:14 Asia/Bangkok] Returning SHEET→KG: 0.2281125
[29-Dec-2025 10:28:14 Asia/Bangkok] Conversion result: 4384 × 0.2281125 = 1000.0452
[29-Dec-2025 10:49:28 Asia/Bangkok] PO Items count: 1
[29-Dec-2025 10:49:28 Asia/Bangkok] Item 0: quantity=1000.0000, received=.0000, pending=.0000, unit_id=1
[29-Dec-2025 10:49:29 Asia/Bangkok] calculate_conversion: product=5665, from=1, to=4, qty=1000
[29-Dec-2025 10:49:29 Asia/Bangkok] getConversionFactor called: product=5665, from=1, to=4
[29-Dec-2025 10:49:29 Asia/Bangkok] Unit codes: from=KG, to=SHEET
[29-Dec-2025 10:49:29 Asia/Bangkok] Paperboard calculation: W=790.00, L=825.00, GSM=350
[29-Dec-2025 10:49:29 Asia/Bangkok] Area: 0.65175 m², kg/sheet: 0.2281125, sheets/kg: 4.3838018521563
[29-Dec-2025 10:49:29 Asia/Bangkok] Returning KG→SHEET: 4.3838018521563
[29-Dec-2025 10:49:29 Asia/Bangkok] Conversion result: 1000 × 4.3838018521563 = 4383.8018521563
[29-Dec-2025 10:49:39 Asia/Bangkok] calculate_conversion: product=5665, from=1, to=4, qty=1000
[29-Dec-2025 10:49:39 Asia/Bangkok] getConversionFactor called: product=5665, from=1, to=4
[29-Dec-2025 10:49:39 Asia/Bangkok] Unit codes: from=KG, to=SHEET
[29-Dec-2025 10:49:39 Asia/Bangkok] Paperboard calculation: W=790.00, L=825.00, GSM=350
[29-Dec-2025 10:49:39 Asia/Bangkok] Area: 0.65175 m², kg/sheet: 0.2281125, sheets/kg: 4.3838018521563
[29-Dec-2025 10:49:39 Asia/Bangkok] Returning KG→SHEET: 4.3838018521563
[29-Dec-2025 10:49:39 Asia/Bangkok] Conversion result: 1000 × 4.3838018521563 = 4383.8018521563
[29-Dec-2025 10:49:39 Asia/Bangkok] calculate_conversion: product=5665, from=4, to=1, qty=4384
[29-Dec-2025 10:49:39 Asia/Bangkok] getConversionFactor called: product=5665, from=4, to=1
[29-Dec-2025 10:49:39 Asia/Bangkok] Unit codes: from=SHEET, to=KG
[29-Dec-2025 10:49:39 Asia/Bangkok] Paperboard calculation: W=790.00, L=825.00, GSM=350
[29-Dec-2025 10:49:39 Asia/Bangkok] Area: 0.65175 m², kg/sheet: 0.2281125, sheets/kg: 4.3838018521563
[29-Dec-2025 10:49:39 Asia/Bangkok] Returning SHEET→KG: 0.2281125
[29-Dec-2025 10:49:39 Asia/Bangkok] Conversion result: 4384 × 0.2281125 = 1000.0452
[29-Dec-2025 10:53:53 Asia/Bangkok] Received POST data: Array
(
)

[29-Dec-2025 10:53:53 Asia/Bangkok] Raw input: {"po_data":{"po_id":"1080","po_number":"test-po-12-29-0001","po_date":"2025-12-29","total_amount":"200000.00","delivery_date":null,"notes":"","supplier_id":"9","supplier_name":"\"Hansol Paper Co.,Ltd.\"","warehouse_id":"1","receipt_date":"2025-12-29","invoice_no":"test-12-29-0001","received_by":"admin"},"items_data":[{"po_item_id":"1087","product_id":"5665","ordered_qty":4384,"receive_qty":4384,"unit_id":4,"recv_package_qty":null,"unit_price":0,"total_price":0,"lot_number":"test-12-29-0001","mfg_date":"2025-12-01","exp_date":"2026-01-14","pallet_count":0,"locations":[{"location_id":"137","lot_number":"test-12-29-0001","quantity":4384,"pallet_count":0,"mfg_date":"2025-12-01","exp_date":"2026-01-14","condition":"ปกติ","note":""}]}]}
[29-Dec-2025 10:53:53 Asia/Bangkok] Decoded data: Array
(
    [po_data] => Array
        (
            [po_id] => 1080
            [po_number] => test-po-12-29-0001
            [po_date] => 2025-12-29
            [total_amount] => 200000.00
            [delivery_date] => 
            [notes] => 
            [supplier_id] => 9
            [supplier_name] => "Hansol Paper Co.,Ltd."
            [warehouse_id] => 1
            [receipt_date] => 2025-12-29
            [invoice_no] => test-12-29-0001
            [received_by] => admin
        )

    [items_data] => Array
        (
            [0] => Array
                (
                    [po_item_id] => 1087
                    [product_id] => 5665
                    [ordered_qty] => 4384
                    [receive_qty] => 4384
                    [unit_id] => 4
                    [recv_package_qty] => 
                    [unit_price] => 0
                    [total_price] => 0
                    [lot_number] => test-12-29-0001
                    [mfg_date] => 2025-12-01
                    [exp_date] => 2026-01-14
                    [pallet_count] => 0
                    [locations] => Array
                        (
                            [0] => Array
                                (
                                    [location_id] => 137
                                    [lot_number] => test-12-29-0001
                                    [quantity] => 4384
                                    [pallet_count] => 0
                                    [mfg_date] => 2025-12-01
                                    [exp_date] => 2026-01-14
                                    [condition] => ปกติ
                                    [note] => 
                                )

                        )

                )

        )

)

[29-Dec-2025 10:53:53 Asia/Bangkok] Starting saveReceiptEnhanced
[29-Dec-2025 10:53:53 Asia/Bangkok] Transaction started
[29-Dec-2025 10:53:53 Asia/Bangkok] PO Data: Array
(
    [po_id] => 1080
    [po_number] => test-po-12-29-0001
    [po_date] => 2025-12-29
    [total_amount] => 200000.00
    [delivery_date] => 
    [notes] => 
    [supplier_id] => 9
    [supplier_name] => "Hansol Paper Co.,Ltd."
    [warehouse_id] => 1
    [receipt_date] => 2025-12-29
    [invoice_no] => test-12-29-0001
    [received_by] => admin
)

[29-Dec-2025 10:53:53 Asia/Bangkok] Items: Array
(
    [0] => Array
        (
            [po_item_id] => 1087
            [product_id] => 5665
            [ordered_qty] => 4384
            [receive_qty] => 4384
            [unit_id] => 4
            [recv_package_qty] => 
            [unit_price] => 0
            [total_price] => 0
            [lot_number] => test-12-29-0001
            [mfg_date] => 2025-12-01
            [exp_date] => 2026-01-14
            [pallet_count] => 0
            [locations] => Array
                (
                    [0] => Array
                        (
                            [location_id] => 137
                            [lot_number] => test-12-29-0001
                            [quantity] => 4384
                            [pallet_count] => 0
                            [mfg_date] => 2025-12-01
                            [exp_date] => 2026-01-14
                            [condition] => ปกติ
                            [note] => 
                        )

                )

        )

)

[29-Dec-2025 10:53:53 Asia/Bangkok] Resolved PO_ID: 1080
[29-Dec-2025 10:53:53 Asia/Bangkok] Generated GR Number: GR202512290001
[29-Dec-2025 10:53:53 Asia/Bangkok] Received Status ID: 2
[29-Dec-2025 10:53:53 Asia/Bangkok] SQL: INSERT INTO Goods_Receipt (
            gr_number, po_id, receipt_date, warehouse_id,
            total_amount, status, received_by, notes,
            invoice_number, receipt_type, created_date
        ) VALUES (?, ?, ?, ?, ?, 'PENDING', ?, ?, ?, 'PO', GETDATE())
[29-Dec-2025 10:53:53 Asia/Bangkok] Insert params: Array
(
    [0] => GR202512290001
    [1] => 1080
    [2] => 2025-12-29
    [3] => 1
    [4] => 200000.00
    [5] => 1
    [6] => 
    [7] => test-12-29-0001
)

[29-Dec-2025 10:53:53 Asia/Bangkok] GR_ID: 124
[29-Dec-2025 10:53:53 Asia/Bangkok] Processing item 0: Array
(
    [po_item_id] => 1087
    [product_id] => 5665
    [ordered_qty] => 4384
    [receive_qty] => 4384
    [unit_id] => 4
    [recv_package_qty] => 
    [unit_price] => 0
    [total_price] => 0
    [lot_number] => test-12-29-0001
    [mfg_date] => 2025-12-01
    [exp_date] => 2026-01-14
    [pallet_count] => 0
    [locations] => Array
        (
            [0] => Array
                (
                    [location_id] => 137
                    [lot_number] => test-12-29-0001
                    [quantity] => 4384
                    [pallet_count] => 0
                    [mfg_date] => 2025-12-01
                    [exp_date] => 2026-01-14
                    [condition] => ปกติ
                    [note] => 
                )

        )

)

[29-Dec-2025 10:53:53 Asia/Bangkok] Using location_id: 137
[29-Dec-2025 10:53:53 Asia/Bangkok] Item params: Array
(
    [0] => 124
    [1] => 1087
    [2] => 5665
    [3] => 4384
    [4] => 4384
    [5] => 4384
    [6] => 4
    [7] => 4
    [8] => 1
    [9] => 0
    [10] => 0
    [11] => 0
    [12] => 1
    [13] => 137
    [14] => test-12-29-0001
    [15] => test-12-29-0001
    [16] => 2025-12-01
    [17] => 2026-01-14
    [18] => 2026-01-14
    [19] => 2
)

[29-Dec-2025 10:53:53 Asia/Bangkok] GR_Item_ID: 119
[29-Dec-2025 10:53:53 Asia/Bangkok] Processing location 0: Array
(
    [location_id] => 137
    [lot_number] => test-12-29-0001
    [quantity] => 4384
    [pallet_count] => 0
    [mfg_date] => 2025-12-01
    [exp_date] => 2026-01-14
    [condition] => ปกติ
    [note] => 
)

[29-Dec-2025 10:53:53 Asia/Bangkok] Transaction committed successfully
[29-Dec-2025 10:53:53 Asia/Bangkok] Save result: Array
(
    [success] => 1
    [message] => บันทึกใบรับสินค้าเรียบร้อยแล้ว
    [gr_number] => GR202512290001
    [gr_id] => 124
)

[29-Dec-2025 10:59:15 Asia/Bangkok] PO Items count: 1
[29-Dec-2025 10:59:15 Asia/Bangkok] Item 0: quantity=250.0000, received=.0000, pending=.0000, unit_id=7
[29-Dec-2025 11:00:27 Asia/Bangkok] Received POST data: Array
(
)

[29-Dec-2025 11:00:27 Asia/Bangkok] Raw input: {"po_data":{"po_id":"1081","po_number":"test-po-12-29-0002","po_date":"2025-12-29","total_amount":"50000.00","delivery_date":null,"notes":"","supplier_id":"95","supplier_name":"บริษัท โตโยอิ๊งค์ (ประเทศไทย) จำกัด","warehouse_id":"1","receipt_date":"2025-12-29","invoice_no":"test-12-29-0002","received_by":"admin"},"items_data":[{"po_item_id":"1088","product_id":"12547","ordered_qty":250,"receive_qty":250,"unit_id":7,"recv_package_qty":50,"unit_price":0,"total_price":0,"lot_number":"test-12-29-0002","mfg_date":"2025-12-02","exp_date":"2025-12-31","pallet_count":0,"locations":[{"location_id":"136","lot_number":"test-12-29-0002","quantity":250,"pallet_count":0,"mfg_date":"2025-12-02","exp_date":"2025-12-31","condition":"ปกติ","note":""}]}]}
[29-Dec-2025 11:00:27 Asia/Bangkok] Decoded data: Array
(
    [po_data] => Array
        (
            [po_id] => 1081
            [po_number] => test-po-12-29-0002
            [po_date] => 2025-12-29
            [total_amount] => 50000.00
            [delivery_date] => 
            [notes] => 
            [supplier_id] => 95
            [supplier_name] => บริษัท โตโยอิ๊งค์ (ประเทศไทย) จำกัด
            [warehouse_id] => 1
            [receipt_date] => 2025-12-29
            [invoice_no] => test-12-29-0002
            [received_by] => admin
        )

    [items_data] => Array
        (
            [0] => Array
                (
                    [po_item_id] => 1088
                    [product_id] => 12547
                    [ordered_qty] => 250
                    [receive_qty] => 250
                    [unit_id] => 7
                    [recv_package_qty] => 50
                    [unit_price] => 0
                    [total_price] => 0
                    [lot_number] => test-12-29-0002
                    [mfg_date] => 2025-12-02
                    [exp_date] => 2025-12-31
                    [pallet_count] => 0
                    [locations] => Array
                        (
                            [0] => Array
                                (
                                    [location_id] => 136
                                    [lot_number] => test-12-29-0002
                                    [quantity] => 250
                                    [pallet_count] => 0
                                    [mfg_date] => 2025-12-02
                                    [exp_date] => 2025-12-31
                                    [condition] => ปกติ
                                    [note] => 
                                )

                        )

                )

        )

)

[29-Dec-2025 11:00:27 Asia/Bangkok] Starting saveReceiptEnhanced
[29-Dec-2025 11:00:27 Asia/Bangkok] Transaction started
[29-Dec-2025 11:00:27 Asia/Bangkok] PO Data: Array
(
    [po_id] => 1081
    [po_number] => test-po-12-29-0002
    [po_date] => 2025-12-29
    [total_amount] => 50000.00
    [delivery_date] => 
    [notes] => 
    [supplier_id] => 95
    [supplier_name] => บริษัท โตโยอิ๊งค์ (ประเทศไทย) จำกัด
    [warehouse_id] => 1
    [receipt_date] => 2025-12-29
    [invoice_no] => test-12-29-0002
    [received_by] => admin
)

[29-Dec-2025 11:00:27 Asia/Bangkok] Items: Array
(
    [0] => Array
        (
            [po_item_id] => 1088
            [product_id] => 12547
            [ordered_qty] => 250
            [receive_qty] => 250
            [unit_id] => 7
            [recv_package_qty] => 50
            [unit_price] => 0
            [total_price] => 0
            [lot_number] => test-12-29-0002
            [mfg_date] => 2025-12-02
            [exp_date] => 2025-12-31
            [pallet_count] => 0
            [locations] => Array
                (
                    [0] => Array
                        (
                            [location_id] => 136
                            [lot_number] => test-12-29-0002
                            [quantity] => 250
                            [pallet_count] => 0
                            [mfg_date] => 2025-12-02
                            [exp_date] => 2025-12-31
                            [condition] => ปกติ
                            [note] => 
                        )

                )

        )

)

[29-Dec-2025 11:00:27 Asia/Bangkok] Resolved PO_ID: 1081
[29-Dec-2025 11:00:27 Asia/Bangkok] Generated GR Number: GR202512290002
[29-Dec-2025 11:00:27 Asia/Bangkok] Received Status ID: 2
[29-Dec-2025 11:00:27 Asia/Bangkok] SQL: INSERT INTO Goods_Receipt (
            gr_number, po_id, receipt_date, warehouse_id,
            total_amount, status, received_by, notes,
            invoice_number, receipt_type, created_date
        ) VALUES (?, ?, ?, ?, ?, 'PENDING', ?, ?, ?, 'PO', GETDATE())
[29-Dec-2025 11:00:27 Asia/Bangkok] Insert params: Array
(
    [0] => GR202512290002
    [1] => 1081
    [2] => 2025-12-29
    [3] => 1
    [4] => 50000.00
    [5] => 1
    [6] => 
    [7] => test-12-29-0002
)

[29-Dec-2025 11:00:27 Asia/Bangkok] GR_ID: 125
[29-Dec-2025 11:00:27 Asia/Bangkok] Processing item 0: Array
(
    [po_item_id] => 1088
    [product_id] => 12547
    [ordered_qty] => 250
    [receive_qty] => 250
    [unit_id] => 7
    [recv_package_qty] => 50
    [unit_price] => 0
    [total_price] => 0
    [lot_number] => test-12-29-0002
    [mfg_date] => 2025-12-02
    [exp_date] => 2025-12-31
    [pallet_count] => 0
    [locations] => Array
        (
            [0] => Array
                (
                    [location_id] => 136
                    [lot_number] => test-12-29-0002
                    [quantity] => 250
                    [pallet_count] => 0
                    [mfg_date] => 2025-12-02
                    [exp_date] => 2025-12-31
                    [condition] => ปกติ
                    [note] => 
                )

        )

)

[29-Dec-2025 11:00:27 Asia/Bangkok] Using location_id: 136
[29-Dec-2025 11:00:27 Asia/Bangkok] Item params: Array
(
    [0] => 125
    [1] => 1088
    [2] => 12547
    [3] => 250
    [4] => 250
    [5] => 250
    [6] => 7
    [7] => 7
    [8] => 1
    [9] => 0
    [10] => 0
    [11] => 0
    [12] => 1
    [13] => 136
    [14] => test-12-29-0002
    [15] => test-12-29-0002
    [16] => 2025-12-02
    [17] => 2025-12-31
    [18] => 2025-12-31
    [19] => 2
)

[29-Dec-2025 11:00:27 Asia/Bangkok] GR_Item_ID: 120
[29-Dec-2025 11:00:27 Asia/Bangkok] Processing location 0: Array
(
    [location_id] => 136
    [lot_number] => test-12-29-0002
    [quantity] => 250
    [pallet_count] => 0
    [mfg_date] => 2025-12-02
    [exp_date] => 2025-12-31
    [condition] => ปกติ
    [note] => 
)

[29-Dec-2025 11:00:27 Asia/Bangkok] Transaction committed successfully
[29-Dec-2025 11:00:27 Asia/Bangkok] Save result: Array
(
    [success] => 1
    [message] => บันทึกใบรับสินค้าเรียบร้อยแล้ว
    [gr_number] => GR202512290002
    [gr_id] => 125
)

[07-Jan-2026 11:14:51 Asia/Bangkok] PO Items count: 1
[07-Jan-2026 11:14:51 Asia/Bangkok] Item 0: quantity=500.0000, received=.0000, pending=.0000, unit_id=1
[07-Jan-2026 11:14:52 Asia/Bangkok] calculate_conversion: product=5637, from=1, to=4, qty=500
[07-Jan-2026 11:14:52 Asia/Bangkok] getConversionFactor called: product=5637, from=1, to=4
[07-Jan-2026 11:14:52 Asia/Bangkok] Unit codes: from=KG, to=SHEET
[07-Jan-2026 11:14:52 Asia/Bangkok] Paperboard calculation: W=625.00, L=605.00, GSM=310
[07-Jan-2026 11:14:52 Asia/Bangkok] Area: 0.378125 m², kg/sheet: 0.11721875, sheets/kg: 8.5310583844308
[07-Jan-2026 11:14:52 Asia/Bangkok] Returning KG→SHEET: 8.5310583844308
[07-Jan-2026 11:14:52 Asia/Bangkok] Conversion result: 500 × 8.5310583844308 = 4265.5291922154
[07-Jan-2026 11:48:56 Asia/Bangkok] calculate_conversion: product=5637, from=1, to=4, qty=500
[07-Jan-2026 11:48:56 Asia/Bangkok] getConversionFactor called: product=5637, from=1, to=4
[07-Jan-2026 11:48:56 Asia/Bangkok] Unit codes: from=KG, to=SHEET
[07-Jan-2026 11:48:56 Asia/Bangkok] Paperboard calculation: W=625.00, L=605.00, GSM=310
[07-Jan-2026 11:48:56 Asia/Bangkok] Area: 0.378125 m², kg/sheet: 0.11721875, sheets/kg: 8.5310583844308
[07-Jan-2026 11:48:56 Asia/Bangkok] Returning KG→SHEET: 8.5310583844308
[07-Jan-2026 11:48:56 Asia/Bangkok] Conversion result: 500 × 8.5310583844308 = 4265.5291922154
[07-Jan-2026 11:48:56 Asia/Bangkok] calculate_conversion: product=5637, from=4, to=1, qty=4266
[07-Jan-2026 11:48:56 Asia/Bangkok] getConversionFactor called: product=5637, from=4, to=1
[07-Jan-2026 11:48:56 Asia/Bangkok] Unit codes: from=SHEET, to=KG
[07-Jan-2026 11:48:56 Asia/Bangkok] Paperboard calculation: W=625.00, L=605.00, GSM=310
[07-Jan-2026 11:48:56 Asia/Bangkok] Area: 0.378125 m², kg/sheet: 0.11721875, sheets/kg: 8.5310583844308
[07-Jan-2026 11:48:56 Asia/Bangkok] Returning SHEET→KG: 0.11721875
[07-Jan-2026 11:48:56 Asia/Bangkok] Conversion result: 4266 × 0.11721875 = 500.0551875
[07-Jan-2026 11:49:41 Asia/Bangkok] Received POST data: Array
(
)

[07-Jan-2026 11:49:41 Asia/Bangkok] Raw input: {"po_data":{"po_id":"1082","po_number":"test-po-07-01-0001","po_date":"2026-01-07","total_amount":"2500.00","delivery_date":null,"notes":"","supplier_id":"9","supplier_name":"\"Hansol Paper Co.,Ltd.\"","warehouse_id":"1","receipt_date":"2026-01-07","invoice_no":"test-receiving-po-07-01-0001","received_by":"admin"},"items_data":[{"po_item_id":"1089","product_id":"5637","ordered_qty":4266,"receive_qty":4266,"unit_id":4,"recv_package_qty":null,"unit_price":0,"total_price":0,"lot_number":"test-receiving-po-07-01-0001","mfg_date":"2026-01-07","exp_date":"2026-01-31","pallet_count":5,"locations":[{"location_id":"74","lot_number":"test-receiving-po-07-01-0001","quantity":4266,"pallet_count":5,"mfg_date":"2026-01-07","exp_date":"2026-01-31","condition":"ปกติ","note":""}]}]}
[07-Jan-2026 11:49:41 Asia/Bangkok] Decoded data: Array
(
    [po_data] => Array
        (
            [po_id] => 1082
            [po_number] => test-po-07-01-0001
            [po_date] => 2026-01-07
            [total_amount] => 2500.00
            [delivery_date] => 
            [notes] => 
            [supplier_id] => 9
            [supplier_name] => "Hansol Paper Co.,Ltd."
            [warehouse_id] => 1
            [receipt_date] => 2026-01-07
            [invoice_no] => test-receiving-po-07-01-0001
            [received_by] => admin
        )

    [items_data] => Array
        (
            [0] => Array
                (
                    [po_item_id] => 1089
                    [product_id] => 5637
                    [ordered_qty] => 4266
                    [receive_qty] => 4266
                    [unit_id] => 4
                    [recv_package_qty] => 
                    [unit_price] => 0
                    [total_price] => 0
                    [lot_number] => test-receiving-po-07-01-0001
                    [mfg_date] => 2026-01-07
                    [exp_date] => 2026-01-31
                    [pallet_count] => 5
                    [locations] => Array
                        (
                            [0] => Array
                                (
                                    [location_id] => 74
                                    [lot_number] => test-receiving-po-07-01-0001
                                    [quantity] => 4266
                                    [pallet_count] => 5
                                    [mfg_date] => 2026-01-07
                                    [exp_date] => 2026-01-31
                                    [condition] => ปกติ
                                    [note] => 
                                )

                        )

                )

        )

)

[07-Jan-2026 11:49:41 Asia/Bangkok] Starting saveReceiptEnhanced
[07-Jan-2026 11:49:41 Asia/Bangkok] Transaction started
[07-Jan-2026 11:49:41 Asia/Bangkok] PO Data: Array
(
    [po_id] => 1082
    [po_number] => test-po-07-01-0001
    [po_date] => 2026-01-07
    [total_amount] => 2500.00
    [delivery_date] => 
    [notes] => 
    [supplier_id] => 9
    [supplier_name] => "Hansol Paper Co.,Ltd."
    [warehouse_id] => 1
    [receipt_date] => 2026-01-07
    [invoice_no] => test-receiving-po-07-01-0001
    [received_by] => admin
)

[07-Jan-2026 11:49:41 Asia/Bangkok] Items: Array
(
    [0] => Array
        (
            [po_item_id] => 1089
            [product_id] => 5637
            [ordered_qty] => 4266
            [receive_qty] => 4266
            [unit_id] => 4
            [recv_package_qty] => 
            [unit_price] => 0
            [total_price] => 0
            [lot_number] => test-receiving-po-07-01-0001
            [mfg_date] => 2026-01-07
            [exp_date] => 2026-01-31
            [pallet_count] => 5
            [locations] => Array
                (
                    [0] => Array
                        (
                            [location_id] => 74
                            [lot_number] => test-receiving-po-07-01-0001
                            [quantity] => 4266
                            [pallet_count] => 5
                            [mfg_date] => 2026-01-07
                            [exp_date] => 2026-01-31
                            [condition] => ปกติ
                            [note] => 
                        )

                )

        )

)

[07-Jan-2026 11:49:41 Asia/Bangkok] Resolved PO_ID: 1082
[07-Jan-2026 11:49:41 Asia/Bangkok] Generated GR Number: GR202601070001
[07-Jan-2026 11:49:41 Asia/Bangkok] Received Status ID: 2
[07-Jan-2026 11:49:41 Asia/Bangkok] SQL: INSERT INTO Goods_Receipt (
            gr_number, po_id, receipt_date, warehouse_id,
            total_amount, status, received_by, notes,
            invoice_number, receipt_type, created_date
        ) VALUES (?, ?, ?, ?, ?, 'PENDING', ?, ?, ?, 'PO', GETDATE())
[07-Jan-2026 11:49:41 Asia/Bangkok] Insert params: Array
(
    [0] => GR202601070001
    [1] => 1082
    [2] => 2026-01-07
    [3] => 1
    [4] => 2500.00
    [5] => 1
    [6] => 
    [7] => test-receiving-po-07-01-0001
)

[07-Jan-2026 11:49:41 Asia/Bangkok] GR_ID: 126
[07-Jan-2026 11:49:41 Asia/Bangkok] Processing item 0: Array
(
    [po_item_id] => 1089
    [product_id] => 5637
    [ordered_qty] => 4266
    [receive_qty] => 4266
    [unit_id] => 4
    [recv_package_qty] => 
    [unit_price] => 0
    [total_price] => 0
    [lot_number] => test-receiving-po-07-01-0001
    [mfg_date] => 2026-01-07
    [exp_date] => 2026-01-31
    [pallet_count] => 5
    [locations] => Array
        (
            [0] => Array
                (
                    [location_id] => 74
                    [lot_number] => test-receiving-po-07-01-0001
                    [quantity] => 4266
                    [pallet_count] => 5
                    [mfg_date] => 2026-01-07
                    [exp_date] => 2026-01-31
                    [condition] => ปกติ
                    [note] => 
                )

        )

)

[07-Jan-2026 11:49:41 Asia/Bangkok] Using location_id: 74
[07-Jan-2026 11:49:41 Asia/Bangkok] Item params: Array
(
    [0] => 126
    [1] => 1089
    [2] => 5637
    [3] => 4266
    [4] => 4266
    [5] => 4266
    [6] => 4
    [7] => 4
    [8] => 1
    [9] => 5
    [10] => 0
    [11] => 0
    [12] => 1
    [13] => 74
    [14] => test-receiving-po-07-01-0001
    [15] => test-receiving-po-07-01-0001
    [16] => 2026-01-07
    [17] => 2026-01-31
    [18] => 2026-01-31
    [19] => 2
)

[07-Jan-2026 11:49:41 Asia/Bangkok] GR_Item_ID: 121
[07-Jan-2026 11:49:41 Asia/Bangkok] Processing location 0: Array
(
    [location_id] => 74
    [lot_number] => test-receiving-po-07-01-0001
    [quantity] => 4266
    [pallet_count] => 5
    [mfg_date] => 2026-01-07
    [exp_date] => 2026-01-31
    [condition] => ปกติ
    [note] => 
)

[07-Jan-2026 11:49:41 Asia/Bangkok] Transaction committed successfully
[07-Jan-2026 11:49:41 Asia/Bangkok] Save result: Array
(
    [success] => 1
    [message] => บันทึกใบรับสินค้าเรียบร้อยแล้ว
    [gr_number] => GR202601070001
    [gr_id] => 126
)

[07-Jan-2026 11:50:09 Asia/Bangkok] PO Items count: 1
[07-Jan-2026 11:50:09 Asia/Bangkok] Item 0: quantity=50000.0000, received=.0000, pending=.0000, unit_id=4
[07-Jan-2026 11:50:09 Asia/Bangkok] calculate_conversion: product=5666, from=4, to=1, qty=50000
[07-Jan-2026 11:50:09 Asia/Bangkok] getConversionFactor called: product=5666, from=4, to=1
[07-Jan-2026 11:50:09 Asia/Bangkok] Unit codes: from=SHEET, to=KG
[07-Jan-2026 11:50:09 Asia/Bangkok] Paperboard calculation: W=815.00, L=890.00, GSM=350
[07-Jan-2026 11:50:09 Asia/Bangkok] Area: 0.72535 m², kg/sheet: 0.2538725, sheets/kg: 3.9389851204837
[07-Jan-2026 11:50:09 Asia/Bangkok] Returning SHEET→KG: 0.2538725
[07-Jan-2026 11:50:09 Asia/Bangkok] Conversion result: 50000 × 0.2538725 = 12693.625
[07-Jan-2026 11:50:10 Asia/Bangkok] calculate_conversion: product=5666, from=1, to=4, qty=12693.625
[07-Jan-2026 11:50:10 Asia/Bangkok] getConversionFactor called: product=5666, from=1, to=4
[07-Jan-2026 11:50:10 Asia/Bangkok] Unit codes: from=KG, to=SHEET
[07-Jan-2026 11:50:10 Asia/Bangkok] Paperboard calculation: W=815.00, L=890.00, GSM=350
[07-Jan-2026 11:50:10 Asia/Bangkok] Area: 0.72535 m², kg/sheet: 0.2538725, sheets/kg: 3.9389851204837
[07-Jan-2026 11:50:10 Asia/Bangkok] Returning KG→SHEET: 3.9389851204837
[07-Jan-2026 11:50:10 Asia/Bangkok] Conversion result: 12693.625 × 3.9389851204837 = 50000
[07-Jan-2026 11:50:33 Asia/Bangkok] calculate_conversion: product=5666, from=4, to=1, qty=50000
[07-Jan-2026 11:50:33 Asia/Bangkok] getConversionFactor called: product=5666, from=4, to=1
[07-Jan-2026 11:50:33 Asia/Bangkok] Unit codes: from=SHEET, to=KG
[07-Jan-2026 11:50:33 Asia/Bangkok] Paperboard calculation: W=815.00, L=890.00, GSM=350
[07-Jan-2026 11:50:33 Asia/Bangkok] Area: 0.72535 m², kg/sheet: 0.2538725, sheets/kg: 3.9389851204837
[07-Jan-2026 11:50:33 Asia/Bangkok] Returning SHEET→KG: 0.2538725
[07-Jan-2026 11:50:33 Asia/Bangkok] Conversion result: 50000 × 0.2538725 = 12693.625
[07-Jan-2026 14:01:20 Asia/Bangkok] PO Items count: 1
[07-Jan-2026 14:01:20 Asia/Bangkok] Item 0: quantity=50000.0000, received=.0000, pending=.0000, unit_id=4
[07-Jan-2026 14:01:20 Asia/Bangkok] calculate_conversion: product=5666, from=4, to=1, qty=50000
[07-Jan-2026 14:01:20 Asia/Bangkok] getConversionFactor called: product=5666, from=4, to=1
[07-Jan-2026 14:01:20 Asia/Bangkok] Unit codes: from=SHEET, to=KG
[07-Jan-2026 14:01:20 Asia/Bangkok] Paperboard calculation: W=815.00, L=890.00, GSM=350
[07-Jan-2026 14:01:20 Asia/Bangkok] Area: 0.72535 m², kg/sheet: 0.2538725, sheets/kg: 3.9389851204837
[07-Jan-2026 14:01:20 Asia/Bangkok] Returning SHEET→KG: 0.2538725
[07-Jan-2026 14:01:20 Asia/Bangkok] Conversion result: 50000 × 0.2538725 = 12693.625
[07-Jan-2026 14:01:21 Asia/Bangkok] calculate_conversion: product=5666, from=1, to=4, qty=12693.625
[07-Jan-2026 14:01:21 Asia/Bangkok] getConversionFactor called: product=5666, from=1, to=4
[07-Jan-2026 14:01:21 Asia/Bangkok] Unit codes: from=KG, to=SHEET
[07-Jan-2026 14:01:21 Asia/Bangkok] Paperboard calculation: W=815.00, L=890.00, GSM=350
[07-Jan-2026 14:01:21 Asia/Bangkok] Area: 0.72535 m², kg/sheet: 0.2538725, sheets/kg: 3.9389851204837
[07-Jan-2026 14:01:21 Asia/Bangkok] Returning KG→SHEET: 3.9389851204837
[07-Jan-2026 14:01:21 Asia/Bangkok] Conversion result: 12693.625 × 3.9389851204837 = 50000
[07-Jan-2026 14:01:25 Asia/Bangkok] calculate_conversion: product=5666, from=4, to=1, qty=50000
[07-Jan-2026 14:01:25 Asia/Bangkok] getConversionFactor called: product=5666, from=4, to=1
[07-Jan-2026 14:01:25 Asia/Bangkok] Unit codes: from=SHEET, to=KG
[07-Jan-2026 14:01:25 Asia/Bangkok] Paperboard calculation: W=815.00, L=890.00, GSM=350
[07-Jan-2026 14:01:25 Asia/Bangkok] Area: 0.72535 m², kg/sheet: 0.2538725, sheets/kg: 3.9389851204837
[07-Jan-2026 14:01:25 Asia/Bangkok] Returning SHEET→KG: 0.2538725
[07-Jan-2026 14:01:25 Asia/Bangkok] Conversion result: 50000 × 0.2538725 = 12693.625
[07-Jan-2026 14:55:10 Asia/Bangkok] PO Items count: 1
[07-Jan-2026 14:55:10 Asia/Bangkok] Item 0: quantity=400.0000, received=.0000, pending=.0000, unit_id=1
[07-Jan-2026 14:55:11 Asia/Bangkok] calculate_conversion: product=5612, from=1, to=4, qty=400
[07-Jan-2026 14:55:11 Asia/Bangkok] getConversionFactor called: product=5612, from=1, to=4
[07-Jan-2026 14:55:11 Asia/Bangkok] Unit codes: from=KG, to=SHEET
[07-Jan-2026 14:55:11 Asia/Bangkok] Paperboard calculation: W=800.00, L=675.00, GSM=400
[07-Jan-2026 14:55:11 Asia/Bangkok] Area: 0.54 m², kg/sheet: 0.216, sheets/kg: 4.6296296296296
[07-Jan-2026 14:55:11 Asia/Bangkok] Returning KG→SHEET: 4.6296296296296
[07-Jan-2026 14:55:11 Asia/Bangkok] Conversion result: 400 × 4.6296296296296 = 1851.8518518519
[07-Jan-2026 14:55:15 Asia/Bangkok] calculate_conversion: product=5612, from=1, to=4, qty=400
[07-Jan-2026 14:55:15 Asia/Bangkok] getConversionFactor called: product=5612, from=1, to=4
[07-Jan-2026 14:55:15 Asia/Bangkok] Unit codes: from=KG, to=SHEET
[07-Jan-2026 14:55:15 Asia/Bangkok] Paperboard calculation: W=800.00, L=675.00, GSM=400
[07-Jan-2026 14:55:15 Asia/Bangkok] Area: 0.54 m², kg/sheet: 0.216, sheets/kg: 4.6296296296296
[07-Jan-2026 14:55:15 Asia/Bangkok] Returning KG→SHEET: 4.6296296296296
[07-Jan-2026 14:55:15 Asia/Bangkok] Conversion result: 400 × 4.6296296296296 = 1851.8518518519
[07-Jan-2026 14:55:15 Asia/Bangkok] calculate_conversion: product=5612, from=4, to=1, qty=1852
[07-Jan-2026 14:55:15 Asia/Bangkok] getConversionFactor called: product=5612, from=4, to=1
[07-Jan-2026 14:55:15 Asia/Bangkok] Unit codes: from=SHEET, to=KG
[07-Jan-2026 14:55:15 Asia/Bangkok] Paperboard calculation: W=800.00, L=675.00, GSM=400
[07-Jan-2026 14:55:15 Asia/Bangkok] Area: 0.54 m², kg/sheet: 0.216, sheets/kg: 4.6296296296296
[07-Jan-2026 14:55:15 Asia/Bangkok] Returning SHEET→KG: 0.216
[07-Jan-2026 14:55:15 Asia/Bangkok] Conversion result: 1852 × 0.216 = 400.032
[07-Jan-2026 15:46:20 Asia/Bangkok] PO Items count: 1
[07-Jan-2026 15:46:20 Asia/Bangkok] Item 0: quantity=50000.0000, received=.0000, pending=.0000, unit_id=4
[07-Jan-2026 15:46:20 Asia/Bangkok] calculate_conversion: product=5666, from=4, to=1, qty=50000
[07-Jan-2026 15:46:20 Asia/Bangkok] getConversionFactor called: product=5666, from=4, to=1
[07-Jan-2026 15:46:20 Asia/Bangkok] Unit codes: from=SHEET, to=KG
[07-Jan-2026 15:46:20 Asia/Bangkok] Paperboard calculation: W=815.00, L=890.00, GSM=350
[07-Jan-2026 15:46:20 Asia/Bangkok] Area: 0.72535 m², kg/sheet: 0.2538725, sheets/kg: 3.9389851204837
[07-Jan-2026 15:46:20 Asia/Bangkok] Returning SHEET→KG: 0.2538725
[07-Jan-2026 15:46:20 Asia/Bangkok] Conversion result: 50000 × 0.2538725 = 12693.625
[07-Jan-2026 15:46:20 Asia/Bangkok] calculate_conversion: product=5666, from=1, to=4, qty=12693.625
[07-Jan-2026 15:46:20 Asia/Bangkok] getConversionFactor called: product=5666, from=1, to=4
[07-Jan-2026 15:46:20 Asia/Bangkok] Unit codes: from=KG, to=SHEET
[07-Jan-2026 15:46:20 Asia/Bangkok] Paperboard calculation: W=815.00, L=890.00, GSM=350
[07-Jan-2026 15:46:20 Asia/Bangkok] Area: 0.72535 m², kg/sheet: 0.2538725, sheets/kg: 3.9389851204837
[07-Jan-2026 15:46:20 Asia/Bangkok] Returning KG→SHEET: 3.9389851204837
[07-Jan-2026 15:46:20 Asia/Bangkok] Conversion result: 12693.625 × 3.9389851204837 = 50000
[07-Jan-2026 16:45:58 Asia/Bangkok] PO Items count: 1
[07-Jan-2026 16:45:58 Asia/Bangkok] Item 0: quantity=50000.0000, received=.0000, pending=.0000, unit_id=4
[07-Jan-2026 16:45:58 Asia/Bangkok] calculate_conversion: product=5666, from=4, to=1, qty=50000
[07-Jan-2026 16:45:58 Asia/Bangkok] getConversionFactor called: product=5666, from=4, to=1
[07-Jan-2026 16:45:58 Asia/Bangkok] Unit codes: from=SHEET, to=KG
[07-Jan-2026 16:45:58 Asia/Bangkok] Paperboard calculation: W=815.00, L=890.00, GSM=350
[07-Jan-2026 16:45:58 Asia/Bangkok] Area: 0.72535 m², kg/sheet: 0.2538725, sheets/kg: 3.9389851204837
[07-Jan-2026 16:45:58 Asia/Bangkok] Returning SHEET→KG: 0.2538725
[07-Jan-2026 16:45:58 Asia/Bangkok] Conversion result: 50000 × 0.2538725 = 12693.625
[07-Jan-2026 16:45:59 Asia/Bangkok] calculate_conversion: product=5666, from=1, to=4, qty=12693.625
[07-Jan-2026 16:45:59 Asia/Bangkok] getConversionFactor called: product=5666, from=1, to=4
[07-Jan-2026 16:45:59 Asia/Bangkok] Unit codes: from=KG, to=SHEET
[07-Jan-2026 16:45:59 Asia/Bangkok] Paperboard calculation: W=815.00, L=890.00, GSM=350
[07-Jan-2026 16:45:59 Asia/Bangkok] Area: 0.72535 m², kg/sheet: 0.2538725, sheets/kg: 3.9389851204837
[07-Jan-2026 16:45:59 Asia/Bangkok] Returning KG→SHEET: 3.9389851204837
[07-Jan-2026 16:45:59 Asia/Bangkok] Conversion result: 12693.625 × 3.9389851204837 = 50000
[07-Jan-2026 16:46:30 Asia/Bangkok] calculate_conversion: product=5666, from=4, to=1, qty=50000
[07-Jan-2026 16:46:30 Asia/Bangkok] getConversionFactor called: product=5666, from=4, to=1
[07-Jan-2026 16:46:30 Asia/Bangkok] Unit codes: from=SHEET, to=KG
[07-Jan-2026 16:46:30 Asia/Bangkok] Paperboard calculation: W=815.00, L=890.00, GSM=350
[07-Jan-2026 16:46:30 Asia/Bangkok] Area: 0.72535 m², kg/sheet: 0.2538725, sheets/kg: 3.9389851204837
[07-Jan-2026 16:46:30 Asia/Bangkok] Returning SHEET→KG: 0.2538725
[07-Jan-2026 16:46:30 Asia/Bangkok] Conversion result: 50000 × 0.2538725 = 12693.625
[07-Jan-2026 16:46:39 Asia/Bangkok] PO Items count: 1
[07-Jan-2026 16:46:39 Asia/Bangkok] Item 0: quantity=50000.0000, received=.0000, pending=.0000, unit_id=4
[07-Jan-2026 16:46:40 Asia/Bangkok] calculate_conversion: product=5666, from=4, to=1, qty=50000
[07-Jan-2026 16:46:40 Asia/Bangkok] getConversionFactor called: product=5666, from=4, to=1
[07-Jan-2026 16:46:40 Asia/Bangkok] Unit codes: from=SHEET, to=KG
[07-Jan-2026 16:46:40 Asia/Bangkok] Paperboard calculation: W=815.00, L=890.00, GSM=350
[07-Jan-2026 16:46:40 Asia/Bangkok] Area: 0.72535 m², kg/sheet: 0.2538725, sheets/kg: 3.9389851204837
[07-Jan-2026 16:46:40 Asia/Bangkok] Returning SHEET→KG: 0.2538725
[07-Jan-2026 16:46:40 Asia/Bangkok] Conversion result: 50000 × 0.2538725 = 12693.625
[07-Jan-2026 16:46:40 Asia/Bangkok] calculate_conversion: product=5666, from=1, to=4, qty=12693.625
[07-Jan-2026 16:46:40 Asia/Bangkok] getConversionFactor called: product=5666, from=1, to=4
[07-Jan-2026 16:46:40 Asia/Bangkok] Unit codes: from=KG, to=SHEET
[07-Jan-2026 16:46:40 Asia/Bangkok] Paperboard calculation: W=815.00, L=890.00, GSM=350
[07-Jan-2026 16:46:40 Asia/Bangkok] Area: 0.72535 m², kg/sheet: 0.2538725, sheets/kg: 3.9389851204837
[07-Jan-2026 16:46:40 Asia/Bangkok] Returning KG→SHEET: 3.9389851204837
[07-Jan-2026 16:46:40 Asia/Bangkok] Conversion result: 12693.625 × 3.9389851204837 = 50000
[07-Jan-2026 16:46:43 Asia/Bangkok] calculate_conversion: product=5666, from=4, to=1, qty=50000
[07-Jan-2026 16:46:43 Asia/Bangkok] getConversionFactor called: product=5666, from=4, to=1
[07-Jan-2026 16:46:43 Asia/Bangkok] Unit codes: from=SHEET, to=KG
[07-Jan-2026 16:46:43 Asia/Bangkok] Paperboard calculation: W=815.00, L=890.00, GSM=350
[07-Jan-2026 16:46:43 Asia/Bangkok] Area: 0.72535 m², kg/sheet: 0.2538725, sheets/kg: 3.9389851204837
[07-Jan-2026 16:46:43 Asia/Bangkok] Returning SHEET→KG: 0.2538725
[07-Jan-2026 16:46:43 Asia/Bangkok] Conversion result: 50000 × 0.2538725 = 12693.625
[07-Jan-2026 16:47:08 Asia/Bangkok] PO Items count: 1
[07-Jan-2026 16:47:08 Asia/Bangkok] Item 0: quantity=400.0000, received=.0000, pending=.0000, unit_id=1
[07-Jan-2026 16:47:09 Asia/Bangkok] calculate_conversion: product=5612, from=1, to=4, qty=400
[07-Jan-2026 16:47:09 Asia/Bangkok] getConversionFactor called: product=5612, from=1, to=4
[07-Jan-2026 16:47:09 Asia/Bangkok] Unit codes: from=KG, to=SHEET
[07-Jan-2026 16:47:09 Asia/Bangkok] Paperboard calculation: W=800.00, L=675.00, GSM=400
[07-Jan-2026 16:47:09 Asia/Bangkok] Area: 0.54 m², kg/sheet: 0.216, sheets/kg: 4.6296296296296
[07-Jan-2026 16:47:09 Asia/Bangkok] Returning KG→SHEET: 4.6296296296296
[07-Jan-2026 16:47:09 Asia/Bangkok] Conversion result: 400 × 4.6296296296296 = 1851.8518518519
[07-Jan-2026 16:47:13 Asia/Bangkok] calculate_conversion: product=5612, from=1, to=4, qty=400
[07-Jan-2026 16:47:13 Asia/Bangkok] getConversionFactor called: product=5612, from=1, to=4
[07-Jan-2026 16:47:13 Asia/Bangkok] Unit codes: from=KG, to=SHEET
[07-Jan-2026 16:47:13 Asia/Bangkok] Paperboard calculation: W=800.00, L=675.00, GSM=400
[07-Jan-2026 16:47:13 Asia/Bangkok] Area: 0.54 m², kg/sheet: 0.216, sheets/kg: 4.6296296296296
[07-Jan-2026 16:47:13 Asia/Bangkok] Returning KG→SHEET: 4.6296296296296
[07-Jan-2026 16:47:13 Asia/Bangkok] Conversion result: 400 × 4.6296296296296 = 1851.8518518519
[07-Jan-2026 16:47:13 Asia/Bangkok] calculate_conversion: product=5612, from=4, to=1, qty=1852
[07-Jan-2026 16:47:13 Asia/Bangkok] getConversionFactor called: product=5612, from=4, to=1
[07-Jan-2026 16:47:13 Asia/Bangkok] Unit codes: from=SHEET, to=KG
[07-Jan-2026 16:47:13 Asia/Bangkok] Paperboard calculation: W=800.00, L=675.00, GSM=400
[07-Jan-2026 16:47:13 Asia/Bangkok] Area: 0.54 m², kg/sheet: 0.216, sheets/kg: 4.6296296296296
[07-Jan-2026 16:47:13 Asia/Bangkok] Returning SHEET→KG: 0.216
[07-Jan-2026 16:47:13 Asia/Bangkok] Conversion result: 1852 × 0.216 = 400.032
[08-Jan-2026 09:23:53 Asia/Bangkok] PO Items count: 1
[08-Jan-2026 09:23:53 Asia/Bangkok] Item 0: quantity=400.0000, received=.0000, pending=.0000, unit_id=1
[08-Jan-2026 09:25:35 Asia/Bangkok] PO Items count: 1
[08-Jan-2026 09:25:35 Asia/Bangkok] Item 0: quantity=400.0000, received=.0000, pending=.0000, unit_id=1
[08-Jan-2026 09:25:45 Asia/Bangkok] PO Items count: 1
[08-Jan-2026 09:25:45 Asia/Bangkok] Item 0: quantity=400.0000, received=.0000, pending=.0000, unit_id=1
[08-Jan-2026 09:25:46 Asia/Bangkok] calculate_conversion: product=5612, from=1, to=4, qty=400
[08-Jan-2026 09:25:46 Asia/Bangkok] getConversionFactor called: product=5612, from=1, to=4
[08-Jan-2026 09:25:46 Asia/Bangkok] Unit codes: from=KG, to=SHEET
[08-Jan-2026 09:25:46 Asia/Bangkok] Paperboard calculation: W=800.00, L=675.00, GSM=400
[08-Jan-2026 09:25:46 Asia/Bangkok] Area: 0.54 m², kg/sheet: 0.216, sheets/kg: 4.6296296296296
[08-Jan-2026 09:25:46 Asia/Bangkok] Returning KG→SHEET: 4.6296296296296
[08-Jan-2026 09:25:46 Asia/Bangkok] Conversion result: 400 × 4.6296296296296 = 1851.8518518519
[08-Jan-2026 09:25:49 Asia/Bangkok] calculate_conversion: product=5612, from=1, to=4, qty=400
[08-Jan-2026 09:25:49 Asia/Bangkok] getConversionFactor called: product=5612, from=1, to=4
[08-Jan-2026 09:25:49 Asia/Bangkok] Unit codes: from=KG, to=SHEET
[08-Jan-2026 09:25:49 Asia/Bangkok] Paperboard calculation: W=800.00, L=675.00, GSM=400
[08-Jan-2026 09:25:49 Asia/Bangkok] Area: 0.54 m², kg/sheet: 0.216, sheets/kg: 4.6296296296296
[08-Jan-2026 09:25:49 Asia/Bangkok] Returning KG→SHEET: 4.6296296296296
[08-Jan-2026 09:25:49 Asia/Bangkok] Conversion result: 400 × 4.6296296296296 = 1851.8518518519
[08-Jan-2026 09:25:49 Asia/Bangkok] calculate_conversion: product=5612, from=4, to=1, qty=1852
[08-Jan-2026 09:25:49 Asia/Bangkok] getConversionFactor called: product=5612, from=4, to=1
[08-Jan-2026 09:25:49 Asia/Bangkok] Unit codes: from=SHEET, to=KG
[08-Jan-2026 09:25:49 Asia/Bangkok] Paperboard calculation: W=800.00, L=675.00, GSM=400
[08-Jan-2026 09:25:49 Asia/Bangkok] Area: 0.54 m², kg/sheet: 0.216, sheets/kg: 4.6296296296296
[08-Jan-2026 09:25:49 Asia/Bangkok] Returning SHEET→KG: 0.216
[08-Jan-2026 09:25:49 Asia/Bangkok] Conversion result: 1852 × 0.216 = 400.032
[08-Jan-2026 09:26:51 Asia/Bangkok] PO Items count: 1
[08-Jan-2026 09:26:51 Asia/Bangkok] Item 0: quantity=400.0000, received=.0000, pending=.0000, unit_id=1
[08-Jan-2026 09:29:19 Asia/Bangkok] PO Items count: 1
[08-Jan-2026 09:29:19 Asia/Bangkok] Item 0: quantity=400.0000, received=.0000, pending=.0000, unit_id=1
[08-Jan-2026 09:29:20 Asia/Bangkok] calculate_conversion: product=5612, from=1, to=4, qty=400
[08-Jan-2026 09:29:20 Asia/Bangkok] getConversionFactor called: product=5612, from=1, to=4
[08-Jan-2026 09:29:20 Asia/Bangkok] Unit codes: from=KG, to=SHEET
[08-Jan-2026 09:29:20 Asia/Bangkok] Paperboard calculation: W=800.00, L=675.00, GSM=400
[08-Jan-2026 09:29:20 Asia/Bangkok] Area: 0.54 m², kg/sheet: 0.216, sheets/kg: 4.6296296296296
[08-Jan-2026 09:29:20 Asia/Bangkok] Returning KG→SHEET: 4.6296296296296
[08-Jan-2026 09:29:20 Asia/Bangkok] Conversion result: 400 × 4.6296296296296 = 1851.8518518519
[08-Jan-2026 09:29:24 Asia/Bangkok] calculate_conversion: product=5612, from=1, to=4, qty=400
[08-Jan-2026 09:29:24 Asia/Bangkok] getConversionFactor called: product=5612, from=1, to=4
[08-Jan-2026 09:29:24 Asia/Bangkok] Unit codes: from=KG, to=SHEET
[08-Jan-2026 09:29:24 Asia/Bangkok] Paperboard calculation: W=800.00, L=675.00, GSM=400
[08-Jan-2026 09:29:24 Asia/Bangkok] Area: 0.54 m², kg/sheet: 0.216, sheets/kg: 4.6296296296296
[08-Jan-2026 09:29:24 Asia/Bangkok] Returning KG→SHEET: 4.6296296296296
[08-Jan-2026 09:29:24 Asia/Bangkok] Conversion result: 400 × 4.6296296296296 = 1851.8518518519
[08-Jan-2026 09:29:24 Asia/Bangkok] calculate_conversion: product=5612, from=4, to=1, qty=1852
[08-Jan-2026 09:29:24 Asia/Bangkok] getConversionFactor called: product=5612, from=4, to=1
[08-Jan-2026 09:29:24 Asia/Bangkok] Unit codes: from=SHEET, to=KG
[08-Jan-2026 09:29:24 Asia/Bangkok] Paperboard calculation: W=800.00, L=675.00, GSM=400
[08-Jan-2026 09:29:24 Asia/Bangkok] Area: 0.54 m², kg/sheet: 0.216, sheets/kg: 4.6296296296296
[08-Jan-2026 09:29:24 Asia/Bangkok] Returning SHEET→KG: 0.216
[08-Jan-2026 09:29:24 Asia/Bangkok] Conversion result: 1852 × 0.216 = 400.032
[08-Jan-2026 09:35:11 Asia/Bangkok] PO Items count: 1
[08-Jan-2026 09:35:11 Asia/Bangkok] Item 0: quantity=400.0000, received=.0000, pending=.0000, unit_id=1
[08-Jan-2026 09:35:12 Asia/Bangkok] calculate_conversion: product=5612, from=1, to=4, qty=400
[08-Jan-2026 09:35:12 Asia/Bangkok] getConversionFactor called: product=5612, from=1, to=4
[08-Jan-2026 09:35:12 Asia/Bangkok] Unit codes: from=KG, to=SHEET
[08-Jan-2026 09:35:12 Asia/Bangkok] Paperboard calculation: W=800.00, L=675.00, GSM=400
[08-Jan-2026 09:35:12 Asia/Bangkok] Area: 0.54 m², kg/sheet: 0.216, sheets/kg: 4.6296296296296
[08-Jan-2026 09:35:12 Asia/Bangkok] Returning KG→SHEET: 4.6296296296296
[08-Jan-2026 09:35:12 Asia/Bangkok] Conversion result: 400 × 4.6296296296296 = 1851.8518518519
[08-Jan-2026 09:35:15 Asia/Bangkok] calculate_conversion: product=5612, from=1, to=4, qty=400
[08-Jan-2026 09:35:15 Asia/Bangkok] getConversionFactor called: product=5612, from=1, to=4
[08-Jan-2026 09:35:15 Asia/Bangkok] Unit codes: from=KG, to=SHEET
[08-Jan-2026 09:35:15 Asia/Bangkok] Paperboard calculation: W=800.00, L=675.00, GSM=400
[08-Jan-2026 09:35:15 Asia/Bangkok] Area: 0.54 m², kg/sheet: 0.216, sheets/kg: 4.6296296296296
[08-Jan-2026 09:35:15 Asia/Bangkok] Returning KG→SHEET: 4.6296296296296
[08-Jan-2026 09:35:15 Asia/Bangkok] Conversion result: 400 × 4.6296296296296 = 1851.8518518519
[08-Jan-2026 09:35:15 Asia/Bangkok] calculate_conversion: product=5612, from=4, to=1, qty=1852
[08-Jan-2026 09:35:15 Asia/Bangkok] getConversionFactor called: product=5612, from=4, to=1
[08-Jan-2026 09:35:15 Asia/Bangkok] Unit codes: from=SHEET, to=KG
[08-Jan-2026 09:35:15 Asia/Bangkok] Paperboard calculation: W=800.00, L=675.00, GSM=400
[08-Jan-2026 09:35:15 Asia/Bangkok] Area: 0.54 m², kg/sheet: 0.216, sheets/kg: 4.6296296296296
[08-Jan-2026 09:35:15 Asia/Bangkok] Returning SHEET→KG: 0.216
[08-Jan-2026 09:35:15 Asia/Bangkok] Conversion result: 1852 × 0.216 = 400.032
[08-Jan-2026 09:56:11 Asia/Bangkok] calculate_conversion: product=5612, from=1, to=4, qty=400
[08-Jan-2026 09:56:11 Asia/Bangkok] getConversionFactor called: product=5612, from=1, to=4
[08-Jan-2026 09:56:11 Asia/Bangkok] Unit codes: from=KG, to=SHEET
[08-Jan-2026 09:56:11 Asia/Bangkok] Paperboard calculation: W=800.00, L=675.00, GSM=400
[08-Jan-2026 09:56:11 Asia/Bangkok] Area: 0.54 m², kg/sheet: 0.216, sheets/kg: 4.6296296296296
[08-Jan-2026 09:56:11 Asia/Bangkok] Returning KG→SHEET: 4.6296296296296
[08-Jan-2026 09:56:11 Asia/Bangkok] Conversion result: 400 × 4.6296296296296 = 1851.8518518519
[08-Jan-2026 09:56:13 Asia/Bangkok] calculate_conversion: product=5612, from=1, to=4, qty=400
[08-Jan-2026 09:56:13 Asia/Bangkok] getConversionFactor called: product=5612, from=1, to=4
[08-Jan-2026 09:56:13 Asia/Bangkok] Unit codes: from=KG, to=SHEET
[08-Jan-2026 09:56:13 Asia/Bangkok] Paperboard calculation: W=800.00, L=675.00, GSM=400
[08-Jan-2026 09:56:13 Asia/Bangkok] Area: 0.54 m², kg/sheet: 0.216, sheets/kg: 4.6296296296296
[08-Jan-2026 09:56:13 Asia/Bangkok] Returning KG→SHEET: 4.6296296296296
[08-Jan-2026 09:56:13 Asia/Bangkok] Conversion result: 400 × 4.6296296296296 = 1851.8518518519
[08-Jan-2026 09:56:13 Asia/Bangkok] calculate_conversion: product=5612, from=4, to=1, qty=1852
[08-Jan-2026 09:56:13 Asia/Bangkok] getConversionFactor called: product=5612, from=4, to=1
[08-Jan-2026 09:56:13 Asia/Bangkok] Unit codes: from=SHEET, to=KG
[08-Jan-2026 09:56:13 Asia/Bangkok] Paperboard calculation: W=800.00, L=675.00, GSM=400
[08-Jan-2026 09:56:13 Asia/Bangkok] Area: 0.54 m², kg/sheet: 0.216, sheets/kg: 4.6296296296296
[08-Jan-2026 09:56:13 Asia/Bangkok] Returning SHEET→KG: 0.216
[08-Jan-2026 09:56:13 Asia/Bangkok] Conversion result: 1852 × 0.216 = 400.032
[08-Jan-2026 14:39:12 Asia/Bangkok] PO Items count: 1
[08-Jan-2026 14:39:12 Asia/Bangkok] Item 0: quantity=400.0000, received=.0000, pending=.0000, unit_id=1
[08-Jan-2026 14:39:13 Asia/Bangkok] calculate_conversion: product=5612, from=1, to=4, qty=400
[08-Jan-2026 14:39:13 Asia/Bangkok] getConversionFactor called: product=5612, from=1, to=4
[08-Jan-2026 14:39:13 Asia/Bangkok] Unit codes: from=KG, to=SHEET
[08-Jan-2026 14:39:13 Asia/Bangkok] Paperboard calculation: W=800.00, L=675.00, GSM=400
[08-Jan-2026 14:39:13 Asia/Bangkok] Area: 0.54 m², kg/sheet: 0.216, sheets/kg: 4.6296296296296
[08-Jan-2026 14:39:13 Asia/Bangkok] Returning KG→SHEET: 4.6296296296296
[08-Jan-2026 14:39:13 Asia/Bangkok] Conversion result: 400 × 4.6296296296296 = 1851.8518518519
[08-Jan-2026 14:39:15 Asia/Bangkok] calculate_conversion: product=5612, from=1, to=4, qty=400
[08-Jan-2026 14:39:15 Asia/Bangkok] getConversionFactor called: product=5612, from=1, to=4
[08-Jan-2026 14:39:15 Asia/Bangkok] Unit codes: from=KG, to=SHEET
[08-Jan-2026 14:39:15 Asia/Bangkok] Paperboard calculation: W=800.00, L=675.00, GSM=400
[08-Jan-2026 14:39:15 Asia/Bangkok] Area: 0.54 m², kg/sheet: 0.216, sheets/kg: 4.6296296296296
[08-Jan-2026 14:39:15 Asia/Bangkok] Returning KG→SHEET: 4.6296296296296
[08-Jan-2026 14:39:15 Asia/Bangkok] Conversion result: 400 × 4.6296296296296 = 1851.8518518519
[08-Jan-2026 14:39:15 Asia/Bangkok] calculate_conversion: product=5612, from=4, to=1, qty=1852
[08-Jan-2026 14:39:15 Asia/Bangkok] getConversionFactor called: product=5612, from=4, to=1
[08-Jan-2026 14:39:15 Asia/Bangkok] Unit codes: from=SHEET, to=KG
[08-Jan-2026 14:39:15 Asia/Bangkok] Paperboard calculation: W=800.00, L=675.00, GSM=400
[08-Jan-2026 14:39:15 Asia/Bangkok] Area: 0.54 m², kg/sheet: 0.216, sheets/kg: 4.6296296296296
[08-Jan-2026 14:39:15 Asia/Bangkok] Returning SHEET→KG: 0.216
[08-Jan-2026 14:39:15 Asia/Bangkok] Conversion result: 1852 × 0.216 = 400.032
[08-Jan-2026 14:47:42 Asia/Bangkok] PO Items count: 1
[08-Jan-2026 14:47:42 Asia/Bangkok] Item 0: quantity=400.0000, received=.0000, pending=.0000, unit_id=1
[08-Jan-2026 14:47:43 Asia/Bangkok] calculate_conversion: product=5612, from=1, to=4, qty=400
[08-Jan-2026 14:47:43 Asia/Bangkok] getConversionFactor called: product=5612, from=1, to=4
[08-Jan-2026 14:47:43 Asia/Bangkok] Unit codes: from=KG, to=SHEET
[08-Jan-2026 14:47:43 Asia/Bangkok] Paperboard calculation: W=800.00, L=675.00, GSM=400
[08-Jan-2026 14:47:43 Asia/Bangkok] Area: 0.54 m², kg/sheet: 0.216, sheets/kg: 4.6296296296296
[08-Jan-2026 14:47:43 Asia/Bangkok] Returning KG→SHEET: 4.6296296296296
[08-Jan-2026 14:47:43 Asia/Bangkok] Conversion result: 400 × 4.6296296296296 = 1851.8518518519
[08-Jan-2026 14:47:48 Asia/Bangkok] PO Items count: 1
[08-Jan-2026 14:47:48 Asia/Bangkok] Item 0: quantity=400.0000, received=.0000, pending=.0000, unit_id=1
[08-Jan-2026 14:47:49 Asia/Bangkok] calculate_conversion: product=5612, from=1, to=4, qty=400
[08-Jan-2026 14:47:49 Asia/Bangkok] getConversionFactor called: product=5612, from=1, to=4
[08-Jan-2026 14:47:49 Asia/Bangkok] Unit codes: from=KG, to=SHEET
[08-Jan-2026 14:47:49 Asia/Bangkok] Paperboard calculation: W=800.00, L=675.00, GSM=400
[08-Jan-2026 14:47:49 Asia/Bangkok] Area: 0.54 m², kg/sheet: 0.216, sheets/kg: 4.6296296296296
[08-Jan-2026 14:47:49 Asia/Bangkok] Returning KG→SHEET: 4.6296296296296
[08-Jan-2026 14:47:49 Asia/Bangkok] Conversion result: 400 × 4.6296296296296 = 1851.8518518519
[08-Jan-2026 14:47:52 Asia/Bangkok] calculate_conversion: product=5612, from=1, to=4, qty=400
[08-Jan-2026 14:47:52 Asia/Bangkok] getConversionFactor called: product=5612, from=1, to=4
[08-Jan-2026 14:47:52 Asia/Bangkok] Unit codes: from=KG, to=SHEET
[08-Jan-2026 14:47:52 Asia/Bangkok] Paperboard calculation: W=800.00, L=675.00, GSM=400
[08-Jan-2026 14:47:52 Asia/Bangkok] Area: 0.54 m², kg/sheet: 0.216, sheets/kg: 4.6296296296296
[08-Jan-2026 14:47:52 Asia/Bangkok] Returning KG→SHEET: 4.6296296296296
[08-Jan-2026 14:47:52 Asia/Bangkok] Conversion result: 400 × 4.6296296296296 = 1851.8518518519
[08-Jan-2026 14:47:52 Asia/Bangkok] calculate_conversion: product=5612, from=4, to=1, qty=1852
[08-Jan-2026 14:47:52 Asia/Bangkok] getConversionFactor called: product=5612, from=4, to=1
[08-Jan-2026 14:47:52 Asia/Bangkok] Unit codes: from=SHEET, to=KG
[08-Jan-2026 14:47:52 Asia/Bangkok] Paperboard calculation: W=800.00, L=675.00, GSM=400
[08-Jan-2026 14:47:52 Asia/Bangkok] Area: 0.54 m², kg/sheet: 0.216, sheets/kg: 4.6296296296296
[08-Jan-2026 14:47:52 Asia/Bangkok] Returning SHEET→KG: 0.216
[08-Jan-2026 14:47:52 Asia/Bangkok] Conversion result: 1852 × 0.216 = 400.032
[08-Jan-2026 15:19:34 Asia/Bangkok] PO Items count: 1
[08-Jan-2026 15:19:34 Asia/Bangkok] Item 0: quantity=400.0000, received=.0000, pending=.0000, unit_id=1
[08-Jan-2026 15:19:35 Asia/Bangkok] calculate_conversion: product=5612, from=1, to=4, qty=400
[08-Jan-2026 15:19:35 Asia/Bangkok] getConversionFactor called: product=5612, from=1, to=4
[08-Jan-2026 15:19:35 Asia/Bangkok] Unit codes: from=KG, to=SHEET
[08-Jan-2026 15:19:35 Asia/Bangkok] Paperboard calculation: W=800.00, L=675.00, GSM=400
[08-Jan-2026 15:19:35 Asia/Bangkok] Area: 0.54 m², kg/sheet: 0.216, sheets/kg: 4.6296296296296
[08-Jan-2026 15:19:35 Asia/Bangkok] Returning KG→SHEET: 4.6296296296296
[08-Jan-2026 15:19:35 Asia/Bangkok] Conversion result: 400 × 4.6296296296296 = 1851.8518518519
[08-Jan-2026 15:19:37 Asia/Bangkok] calculate_conversion: product=5612, from=1, to=4, qty=400
[08-Jan-2026 15:19:37 Asia/Bangkok] getConversionFactor called: product=5612, from=1, to=4
[08-Jan-2026 15:19:37 Asia/Bangkok] Unit codes: from=KG, to=SHEET
[08-Jan-2026 15:19:37 Asia/Bangkok] Paperboard calculation: W=800.00, L=675.00, GSM=400
[08-Jan-2026 15:19:37 Asia/Bangkok] Area: 0.54 m², kg/sheet: 0.216, sheets/kg: 4.6296296296296
[08-Jan-2026 15:19:37 Asia/Bangkok] Returning KG→SHEET: 4.6296296296296
[08-Jan-2026 15:19:37 Asia/Bangkok] Conversion result: 400 × 4.6296296296296 = 1851.8518518519
[08-Jan-2026 15:19:37 Asia/Bangkok] calculate_conversion: product=5612, from=4, to=1, qty=1852
[08-Jan-2026 15:19:37 Asia/Bangkok] getConversionFactor called: product=5612, from=4, to=1
[08-Jan-2026 15:19:37 Asia/Bangkok] Unit codes: from=SHEET, to=KG
[08-Jan-2026 15:19:37 Asia/Bangkok] Paperboard calculation: W=800.00, L=675.00, GSM=400
[08-Jan-2026 15:19:37 Asia/Bangkok] Area: 0.54 m², kg/sheet: 0.216, sheets/kg: 4.6296296296296
[08-Jan-2026 15:19:37 Asia/Bangkok] Returning SHEET→KG: 0.216
[08-Jan-2026 15:19:37 Asia/Bangkok] Conversion result: 1852 × 0.216 = 400.032
[08-Jan-2026 15:19:50 Asia/Bangkok] PO Items count: 1
[08-Jan-2026 15:19:50 Asia/Bangkok] Item 0: quantity=400.0000, received=.0000, pending=.0000, unit_id=1
[08-Jan-2026 15:19:51 Asia/Bangkok] calculate_conversion: product=5612, from=1, to=4, qty=400
[08-Jan-2026 15:19:51 Asia/Bangkok] getConversionFactor called: product=5612, from=1, to=4
[08-Jan-2026 15:19:51 Asia/Bangkok] Unit codes: from=KG, to=SHEET
[08-Jan-2026 15:19:51 Asia/Bangkok] Paperboard calculation: W=800.00, L=675.00, GSM=400
[08-Jan-2026 15:19:51 Asia/Bangkok] Area: 0.54 m², kg/sheet: 0.216, sheets/kg: 4.6296296296296
[08-Jan-2026 15:19:51 Asia/Bangkok] Returning KG→SHEET: 4.6296296296296
[08-Jan-2026 15:19:51 Asia/Bangkok] Conversion result: 400 × 4.6296296296296 = 1851.8518518519
[08-Jan-2026 15:19:53 Asia/Bangkok] calculate_conversion: product=5612, from=1, to=4, qty=400
[08-Jan-2026 15:19:53 Asia/Bangkok] getConversionFactor called: product=5612, from=1, to=4
[08-Jan-2026 15:19:53 Asia/Bangkok] Unit codes: from=KG, to=SHEET
[08-Jan-2026 15:19:53 Asia/Bangkok] Paperboard calculation: W=800.00, L=675.00, GSM=400
[08-Jan-2026 15:19:53 Asia/Bangkok] Area: 0.54 m², kg/sheet: 0.216, sheets/kg: 4.6296296296296
[08-Jan-2026 15:19:53 Asia/Bangkok] Returning KG→SHEET: 4.6296296296296
[08-Jan-2026 15:19:53 Asia/Bangkok] Conversion result: 400 × 4.6296296296296 = 1851.8518518519
[08-Jan-2026 15:19:53 Asia/Bangkok] calculate_conversion: product=5612, from=4, to=1, qty=1852
[08-Jan-2026 15:19:53 Asia/Bangkok] getConversionFactor called: product=5612, from=4, to=1
[08-Jan-2026 15:19:53 Asia/Bangkok] Unit codes: from=SHEET, to=KG
[08-Jan-2026 15:19:53 Asia/Bangkok] Paperboard calculation: W=800.00, L=675.00, GSM=400
[08-Jan-2026 15:19:53 Asia/Bangkok] Area: 0.54 m², kg/sheet: 0.216, sheets/kg: 4.6296296296296
[08-Jan-2026 15:19:53 Asia/Bangkok] Returning SHEET→KG: 0.216
[08-Jan-2026 15:19:53 Asia/Bangkok] Conversion result: 1852 × 0.216 = 400.032
[08-Jan-2026 15:20:23 Asia/Bangkok] PO Items count: 1
[08-Jan-2026 15:20:23 Asia/Bangkok] Item 0: quantity=50000.0000, received=.0000, pending=.0000, unit_id=4
[08-Jan-2026 15:20:23 Asia/Bangkok] calculate_conversion: product=5666, from=4, to=1, qty=50000
[08-Jan-2026 15:20:23 Asia/Bangkok] getConversionFactor called: product=5666, from=4, to=1
[08-Jan-2026 15:20:23 Asia/Bangkok] Unit codes: from=SHEET, to=KG
[08-Jan-2026 15:20:23 Asia/Bangkok] Paperboard calculation: W=815.00, L=890.00, GSM=350
[08-Jan-2026 15:20:23 Asia/Bangkok] Area: 0.72535 m², kg/sheet: 0.2538725, sheets/kg: 3.9389851204837
[08-Jan-2026 15:20:23 Asia/Bangkok] Returning SHEET→KG: 0.2538725
[08-Jan-2026 15:20:23 Asia/Bangkok] Conversion result: 50000 × 0.2538725 = 12693.625
[08-Jan-2026 15:20:24 Asia/Bangkok] calculate_conversion: product=5666, from=1, to=4, qty=12693.625
[08-Jan-2026 15:20:24 Asia/Bangkok] getConversionFactor called: product=5666, from=1, to=4
[08-Jan-2026 15:20:24 Asia/Bangkok] Unit codes: from=KG, to=SHEET
[08-Jan-2026 15:20:24 Asia/Bangkok] Paperboard calculation: W=815.00, L=890.00, GSM=350
[08-Jan-2026 15:20:24 Asia/Bangkok] Area: 0.72535 m², kg/sheet: 0.2538725, sheets/kg: 3.9389851204837
[08-Jan-2026 15:20:24 Asia/Bangkok] Returning KG→SHEET: 3.9389851204837
[08-Jan-2026 15:20:24 Asia/Bangkok] Conversion result: 12693.625 × 3.9389851204837 = 50000
[08-Jan-2026 15:20:27 Asia/Bangkok] calculate_conversion: product=5666, from=4, to=1, qty=50000
[08-Jan-2026 15:20:27 Asia/Bangkok] getConversionFactor called: product=5666, from=4, to=1
[08-Jan-2026 15:20:27 Asia/Bangkok] Unit codes: from=SHEET, to=KG
[08-Jan-2026 15:20:27 Asia/Bangkok] Paperboard calculation: W=815.00, L=890.00, GSM=350
[08-Jan-2026 15:20:27 Asia/Bangkok] Area: 0.72535 m², kg/sheet: 0.2538725, sheets/kg: 3.9389851204837
[08-Jan-2026 15:20:27 Asia/Bangkok] Returning SHEET→KG: 0.2538725
[08-Jan-2026 15:20:27 Asia/Bangkok] Conversion result: 50000 × 0.2538725 = 12693.625
[08-Jan-2026 15:20:46 Asia/Bangkok] PO Items count: 1
[08-Jan-2026 15:20:46 Asia/Bangkok] Item 0: quantity=125.0000, received=.0000, pending=.0000, unit_id=7
[08-Jan-2026 16:33:35 Asia/Bangkok] PO Items count: 1
[08-Jan-2026 16:33:35 Asia/Bangkok] Item 0: quantity=400.0000, received=.0000, pending=.0000, unit_id=1
[08-Jan-2026 16:33:36 Asia/Bangkok] calculate_conversion: product=5612, from=1, to=4, qty=400
[08-Jan-2026 16:33:36 Asia/Bangkok] getConversionFactor called: product=5612, from=1, to=4
[08-Jan-2026 16:33:36 Asia/Bangkok] Unit codes: from=KG, to=SHEET
[08-Jan-2026 16:33:36 Asia/Bangkok] Paperboard calculation: W=800.00, L=675.00, GSM=400
[08-Jan-2026 16:33:36 Asia/Bangkok] Area: 0.54 m², kg/sheet: 0.216, sheets/kg: 4.6296296296296
[08-Jan-2026 16:33:36 Asia/Bangkok] Returning KG→SHEET: 4.6296296296296
[08-Jan-2026 16:33:36 Asia/Bangkok] Conversion result: 400 × 4.6296296296296 = 1851.8518518519
[08-Jan-2026 16:33:39 Asia/Bangkok] calculate_conversion: product=5612, from=1, to=4, qty=400
[08-Jan-2026 16:33:39 Asia/Bangkok] getConversionFactor called: product=5612, from=1, to=4
[08-Jan-2026 16:33:39 Asia/Bangkok] Unit codes: from=KG, to=SHEET
[08-Jan-2026 16:33:39 Asia/Bangkok] Paperboard calculation: W=800.00, L=675.00, GSM=400
[08-Jan-2026 16:33:39 Asia/Bangkok] Area: 0.54 m², kg/sheet: 0.216, sheets/kg: 4.6296296296296
[08-Jan-2026 16:33:39 Asia/Bangkok] Returning KG→SHEET: 4.6296296296296
[08-Jan-2026 16:33:39 Asia/Bangkok] Conversion result: 400 × 4.6296296296296 = 1851.8518518519
[08-Jan-2026 16:33:39 Asia/Bangkok] calculate_conversion: product=5612, from=4, to=1, qty=1852
[08-Jan-2026 16:33:39 Asia/Bangkok] getConversionFactor called: product=5612, from=4, to=1
[08-Jan-2026 16:33:39 Asia/Bangkok] Unit codes: from=SHEET, to=KG
[08-Jan-2026 16:33:39 Asia/Bangkok] Paperboard calculation: W=800.00, L=675.00, GSM=400
[08-Jan-2026 16:33:39 Asia/Bangkok] Area: 0.54 m², kg/sheet: 0.216, sheets/kg: 4.6296296296296
[08-Jan-2026 16:33:39 Asia/Bangkok] Returning SHEET→KG: 0.216
[08-Jan-2026 16:33:39 Asia/Bangkok] Conversion result: 1852 × 0.216 = 400.032
[08-Jan-2026 16:41:02 Asia/Bangkok] PO Items count: 1
[08-Jan-2026 16:41:02 Asia/Bangkok] Item 0: quantity=400.0000, received=.0000, pending=.0000, unit_id=1
[08-Jan-2026 16:41:03 Asia/Bangkok] calculate_conversion: product=5612, from=1, to=4, qty=400
[08-Jan-2026 16:41:03 Asia/Bangkok] getConversionFactor called: product=5612, from=1, to=4
[08-Jan-2026 16:41:03 Asia/Bangkok] Unit codes: from=KG, to=SHEET
[08-Jan-2026 16:41:03 Asia/Bangkok] Paperboard calculation: W=800.00, L=675.00, GSM=400
[08-Jan-2026 16:41:03 Asia/Bangkok] Area: 0.54 m², kg/sheet: 0.216, sheets/kg: 4.6296296296296
[08-Jan-2026 16:41:03 Asia/Bangkok] Returning KG→SHEET: 4.6296296296296
[08-Jan-2026 16:41:03 Asia/Bangkok] Conversion result: 400 × 4.6296296296296 = 1851.8518518519
[08-Jan-2026 16:41:18 Asia/Bangkok] calculate_conversion: product=5612, from=1, to=4, qty=400
[08-Jan-2026 16:41:18 Asia/Bangkok] getConversionFactor called: product=5612, from=1, to=4
[08-Jan-2026 16:41:18 Asia/Bangkok] Unit codes: from=KG, to=SHEET
[08-Jan-2026 16:41:18 Asia/Bangkok] Paperboard calculation: W=800.00, L=675.00, GSM=400
[08-Jan-2026 16:41:18 Asia/Bangkok] Area: 0.54 m², kg/sheet: 0.216, sheets/kg: 4.6296296296296
[08-Jan-2026 16:41:18 Asia/Bangkok] Returning KG→SHEET: 4.6296296296296
[08-Jan-2026 16:41:18 Asia/Bangkok] Conversion result: 400 × 4.6296296296296 = 1851.8518518519
[08-Jan-2026 16:41:18 Asia/Bangkok] calculate_conversion: product=5612, from=4, to=1, qty=1852
[08-Jan-2026 16:41:18 Asia/Bangkok] getConversionFactor called: product=5612, from=4, to=1
[08-Jan-2026 16:41:18 Asia/Bangkok] Unit codes: from=SHEET, to=KG
[08-Jan-2026 16:41:18 Asia/Bangkok] Paperboard calculation: W=800.00, L=675.00, GSM=400
[08-Jan-2026 16:41:18 Asia/Bangkok] Area: 0.54 m², kg/sheet: 0.216, sheets/kg: 4.6296296296296
[08-Jan-2026 16:41:18 Asia/Bangkok] Returning SHEET→KG: 0.216
[08-Jan-2026 16:41:18 Asia/Bangkok] Conversion result: 1852 × 0.216 = 400.032
[09-Jan-2026 10:58:00 Asia/Bangkok] PO Items count: 1
[09-Jan-2026 10:58:00 Asia/Bangkok] Item 0: quantity=50000.0000, received=.0000, pending=.0000, unit_id=4
[09-Jan-2026 10:58:01 Asia/Bangkok] calculate_conversion: product=5666, from=4, to=1, qty=50000
[09-Jan-2026 10:58:01 Asia/Bangkok] getConversionFactor called: product=5666, from=4, to=1
[09-Jan-2026 10:58:01 Asia/Bangkok] Unit codes: from=SHEET, to=KG
[09-Jan-2026 10:58:01 Asia/Bangkok] Paperboard calculation: W=815.00, L=890.00, GSM=350
[09-Jan-2026 10:58:01 Asia/Bangkok] Area: 0.72535 m², kg/sheet: 0.2538725, sheets/kg: 3.9389851204837
[09-Jan-2026 10:58:01 Asia/Bangkok] Returning SHEET→KG: 0.2538725
[09-Jan-2026 10:58:01 Asia/Bangkok] Conversion result: 50000 × 0.2538725 = 12693.625
[09-Jan-2026 10:58:01 Asia/Bangkok] calculate_conversion: product=5666, from=1, to=4, qty=12693.625
[09-Jan-2026 10:58:01 Asia/Bangkok] getConversionFactor called: product=5666, from=1, to=4
[09-Jan-2026 10:58:01 Asia/Bangkok] Unit codes: from=KG, to=SHEET
[09-Jan-2026 10:58:01 Asia/Bangkok] Paperboard calculation: W=815.00, L=890.00, GSM=350
[09-Jan-2026 10:58:01 Asia/Bangkok] Area: 0.72535 m², kg/sheet: 0.2538725, sheets/kg: 3.9389851204837
[09-Jan-2026 10:58:01 Asia/Bangkok] Returning KG→SHEET: 3.9389851204837
[09-Jan-2026 10:58:01 Asia/Bangkok] Conversion result: 12693.625 × 3.9389851204837 = 50000
[09-Jan-2026 10:58:03 Asia/Bangkok] calculate_conversion: product=5666, from=4, to=1, qty=50000
[09-Jan-2026 10:58:03 Asia/Bangkok] getConversionFactor called: product=5666, from=4, to=1
[09-Jan-2026 10:58:03 Asia/Bangkok] Unit codes: from=SHEET, to=KG
[09-Jan-2026 10:58:03 Asia/Bangkok] Paperboard calculation: W=815.00, L=890.00, GSM=350
[09-Jan-2026 10:58:03 Asia/Bangkok] Area: 0.72535 m², kg/sheet: 0.2538725, sheets/kg: 3.9389851204837
[09-Jan-2026 10:58:03 Asia/Bangkok] Returning SHEET→KG: 0.2538725
[09-Jan-2026 10:58:03 Asia/Bangkok] Conversion result: 50000 × 0.2538725 = 12693.625
[09-Jan-2026 14:06:49 Asia/Bangkok] PO Items count: 1
[09-Jan-2026 14:06:49 Asia/Bangkok] Item 0: quantity=50000.0000, received=.0000, pending=.0000, unit_id=4
[09-Jan-2026 14:06:49 Asia/Bangkok] calculate_conversion: product=5666, from=4, to=1, qty=50000
[09-Jan-2026 14:06:49 Asia/Bangkok] getConversionFactor called: product=5666, from=4, to=1
[09-Jan-2026 14:06:49 Asia/Bangkok] Unit codes: from=SHEET, to=KG
[09-Jan-2026 14:06:49 Asia/Bangkok] Paperboard calculation: W=815.00, L=890.00, GSM=350
[09-Jan-2026 14:06:49 Asia/Bangkok] Area: 0.72535 m², kg/sheet: 0.2538725, sheets/kg: 3.9389851204837
[09-Jan-2026 14:06:49 Asia/Bangkok] Returning SHEET→KG: 0.2538725
[09-Jan-2026 14:06:49 Asia/Bangkok] Conversion result: 50000 × 0.2538725 = 12693.625
[09-Jan-2026 14:06:49 Asia/Bangkok] calculate_conversion: product=5666, from=1, to=4, qty=12693.625
[09-Jan-2026 14:06:49 Asia/Bangkok] getConversionFactor called: product=5666, from=1, to=4
[09-Jan-2026 14:06:49 Asia/Bangkok] Unit codes: from=KG, to=SHEET
[09-Jan-2026 14:06:49 Asia/Bangkok] Paperboard calculation: W=815.00, L=890.00, GSM=350
[09-Jan-2026 14:06:49 Asia/Bangkok] Area: 0.72535 m², kg/sheet: 0.2538725, sheets/kg: 3.9389851204837
[09-Jan-2026 14:06:49 Asia/Bangkok] Returning KG→SHEET: 3.9389851204837
[09-Jan-2026 14:06:49 Asia/Bangkok] Conversion result: 12693.625 × 3.9389851204837 = 50000
[09-Jan-2026 14:07:05 Asia/Bangkok] calculate_conversion: product=5666, from=4, to=1, qty=50000
[09-Jan-2026 14:07:05 Asia/Bangkok] getConversionFactor called: product=5666, from=4, to=1
[09-Jan-2026 14:07:05 Asia/Bangkok] Unit codes: from=SHEET, to=KG
[09-Jan-2026 14:07:05 Asia/Bangkok] Paperboard calculation: W=815.00, L=890.00, GSM=350
[09-Jan-2026 14:07:05 Asia/Bangkok] Area: 0.72535 m², kg/sheet: 0.2538725, sheets/kg: 3.9389851204837
[09-Jan-2026 14:07:05 Asia/Bangkok] Returning SHEET→KG: 0.2538725
[09-Jan-2026 14:07:05 Asia/Bangkok] Conversion result: 50000 × 0.2538725 = 12693.625
[09-Jan-2026 14:08:19 Asia/Bangkok] Received POST data: Array
(
)

[09-Jan-2026 14:08:19 Asia/Bangkok] Raw input: {"po_data":{"po_id":"1083","po_number":"test-po-07-01-0002","po_date":"2026-01-07","total_amount":"50000.00","delivery_date":null,"notes":"","supplier_id":"9","supplier_name":"\"Hansol Paper Co.,Ltd.\"","warehouse_id":"1","receipt_date":"2026-01-09","invoice_no":"test-po-07-01-0002","received_by":"admin"},"items_data":[{"po_item_id":"1090","product_id":"5666","ordered_qty":50000,"receive_qty":50000,"unit_id":4,"recv_package_qty":null,"unit_price":0,"total_price":0,"lot_number":"test-po-07-01-0002","mfg_date":"2026-01-01","exp_date":"2026-01-31","pallet_count":5,"locations":[{"location_id":"6","lot_number":"test-po-07-01-0002","quantity":50000,"pallet_count":5,"mfg_date":"2026-01-01","exp_date":"2026-01-31","condition":"ปกติ","note":""}]}]}
[09-Jan-2026 14:08:19 Asia/Bangkok] Decoded data: Array
(
    [po_data] => Array
        (
            [po_id] => 1083
            [po_number] => test-po-07-01-0002
            [po_date] => 2026-01-07
            [total_amount] => 50000.00
            [delivery_date] => 
            [notes] => 
            [supplier_id] => 9
            [supplier_name] => "Hansol Paper Co.,Ltd."
            [warehouse_id] => 1
            [receipt_date] => 2026-01-09
            [invoice_no] => test-po-07-01-0002
            [received_by] => admin
        )

    [items_data] => Array
        (
            [0] => Array
                (
                    [po_item_id] => 1090
                    [product_id] => 5666
                    [ordered_qty] => 50000
                    [receive_qty] => 50000
                    [unit_id] => 4
                    [recv_package_qty] => 
                    [unit_price] => 0
                    [total_price] => 0
                    [lot_number] => test-po-07-01-0002
                    [mfg_date] => 2026-01-01
                    [exp_date] => 2026-01-31
                    [pallet_count] => 5
                    [locations] => Array
                        (
                            [0] => Array
                                (
                                    [location_id] => 6
                                    [lot_number] => test-po-07-01-0002
                                    [quantity] => 50000
                                    [pallet_count] => 5
                                    [mfg_date] => 2026-01-01
                                    [exp_date] => 2026-01-31
                                    [condition] => ปกติ
                                    [note] => 
                                )

                        )

                )

        )

)

[09-Jan-2026 14:08:19 Asia/Bangkok] Starting saveReceiptEnhanced
[09-Jan-2026 14:08:19 Asia/Bangkok] Transaction started
[09-Jan-2026 14:08:19 Asia/Bangkok] PO Data: Array
(
    [po_id] => 1083
    [po_number] => test-po-07-01-0002
    [po_date] => 2026-01-07
    [total_amount] => 50000.00
    [delivery_date] => 
    [notes] => 
    [supplier_id] => 9
    [supplier_name] => "Hansol Paper Co.,Ltd."
    [warehouse_id] => 1
    [receipt_date] => 2026-01-09
    [invoice_no] => test-po-07-01-0002
    [received_by] => admin
)

[09-Jan-2026 14:08:19 Asia/Bangkok] Items: Array
(
    [0] => Array
        (
            [po_item_id] => 1090
            [product_id] => 5666
            [ordered_qty] => 50000
            [receive_qty] => 50000
            [unit_id] => 4
            [recv_package_qty] => 
            [unit_price] => 0
            [total_price] => 0
            [lot_number] => test-po-07-01-0002
            [mfg_date] => 2026-01-01
            [exp_date] => 2026-01-31
            [pallet_count] => 5
            [locations] => Array
                (
                    [0] => Array
                        (
                            [location_id] => 6
                            [lot_number] => test-po-07-01-0002
                            [quantity] => 50000
                            [pallet_count] => 5
                            [mfg_date] => 2026-01-01
                            [exp_date] => 2026-01-31
                            [condition] => ปกติ
                            [note] => 
                        )

                )

        )

)

[09-Jan-2026 14:08:19 Asia/Bangkok] Resolved PO_ID: 1083
[09-Jan-2026 14:08:19 Asia/Bangkok] Generated GR Number: GR202601090001
[09-Jan-2026 14:08:19 Asia/Bangkok] Received Status ID: 2
[09-Jan-2026 14:08:19 Asia/Bangkok] SQL: INSERT INTO Goods_Receipt (
            gr_number, po_id, receipt_date, warehouse_id,
            total_amount, status, received_by, notes,
            invoice_number, receipt_type, created_date
        ) VALUES (?, ?, ?, ?, ?, 'PENDING', ?, ?, ?, 'PO', GETDATE())
[09-Jan-2026 14:08:19 Asia/Bangkok] Insert params: Array
(
    [0] => GR202601090001
    [1] => 1083
    [2] => 2026-01-09
    [3] => 1
    [4] => 50000.00
    [5] => 1
    [6] => 
    [7] => test-po-07-01-0002
)

[09-Jan-2026 14:08:19 Asia/Bangkok] GR_ID: 127
[09-Jan-2026 14:08:19 Asia/Bangkok] Processing item 0: Array
(
    [po_item_id] => 1090
    [product_id] => 5666
    [ordered_qty] => 50000
    [receive_qty] => 50000
    [unit_id] => 4
    [recv_package_qty] => 
    [unit_price] => 0
    [total_price] => 0
    [lot_number] => test-po-07-01-0002
    [mfg_date] => 2026-01-01
    [exp_date] => 2026-01-31
    [pallet_count] => 5
    [locations] => Array
        (
            [0] => Array
                (
                    [location_id] => 6
                    [lot_number] => test-po-07-01-0002
                    [quantity] => 50000
                    [pallet_count] => 5
                    [mfg_date] => 2026-01-01
                    [exp_date] => 2026-01-31
                    [condition] => ปกติ
                    [note] => 
                )

        )

)

[09-Jan-2026 14:08:19 Asia/Bangkok] Using location_id: 6
[09-Jan-2026 14:08:19 Asia/Bangkok] Item params: Array
(
    [0] => 127
    [1] => 1090
    [2] => 5666
    [3] => 50000
    [4] => 50000
    [5] => 50000
    [6] => 4
    [7] => 4
    [8] => 1
    [9] => 5
    [10] => 0
    [11] => 0
    [12] => 1
    [13] => 6
    [14] => test-po-07-01-0002
    [15] => test-po-07-01-0002
    [16] => 2026-01-01
    [17] => 2026-01-31
    [18] => 2026-01-31
    [19] => 2
)

[09-Jan-2026 14:08:19 Asia/Bangkok] GR_Item_ID: 122
[09-Jan-2026 14:08:19 Asia/Bangkok] Processing location 0: Array
(
    [location_id] => 6
    [lot_number] => test-po-07-01-0002
    [quantity] => 50000
    [pallet_count] => 5
    [mfg_date] => 2026-01-01
    [exp_date] => 2026-01-31
    [condition] => ปกติ
    [note] => 
)

[09-Jan-2026 14:08:19 Asia/Bangkok] PO Unit Check - PO Item ID: 1090
[09-Jan-2026 14:08:19 Asia/Bangkok]   Purchase Unit ID: 4
[09-Jan-2026 14:08:19 Asia/Bangkok]   Stock Unit ID: 4
[09-Jan-2026 14:08:19 Asia/Bangkok]   Received in Unit ID: 4
[09-Jan-2026 14:08:19 Asia/Bangkok]   Receive Qty: 50000
[09-Jan-2026 14:08:19 Asia/Bangkok]   Conversion Factor: 1.000000
[09-Jan-2026 14:08:19 Asia/Bangkok]   ✅ Units match - no conversion needed
[09-Jan-2026 14:08:19 Asia/Bangkok]   Final receiveQtyForPO: 50000
[09-Jan-2026 14:08:19 Asia/Bangkok] ✅ PO_Items updated successfully
[09-Jan-2026 14:08:19 Asia/Bangkok] Transaction committed successfully
[09-Jan-2026 14:08:19 Asia/Bangkok] Save result: Array
(
    [success] => 1
    [message] => บันทึกใบรับสินค้าเรียบร้อยแล้ว
    [gr_number] => GR202601090001
    [gr_id] => 127
)

[09-Jan-2026 14:10:08 Asia/Bangkok] PO Items count: 1
[09-Jan-2026 14:10:08 Asia/Bangkok] Item 0: quantity=125.0000, received=.0000, pending=.0000, unit_id=7
[09-Jan-2026 14:10:43 Asia/Bangkok] Received POST data: Array
(
)

[09-Jan-2026 14:10:43 Asia/Bangkok] Raw input: {"po_data":{"po_id":"1084","po_number":"test-po-07-01-0003","po_date":"2026-01-07","total_amount":"250000.00","delivery_date":null,"notes":"","supplier_id":"95","supplier_name":"บริษัท โตโยอิ๊งค์ (ประเทศไทย) จำกัด","warehouse_id":"1","receipt_date":"2026-01-09","invoice_no":"test-po-07-01-0003","received_by":"admin"},"items_data":[{"po_item_id":"1091","product_id":"12531","ordered_qty":125,"receive_qty":125,"unit_id":7,"recv_package_qty":25,"unit_price":0,"total_price":0,"lot_number":"test-po-07-01-0003","mfg_date":"2026-01-01","exp_date":"2026-01-31","pallet_count":0,"locations":[{"location_id":"46","lot_number":"test-po-07-01-0003","quantity":125,"pallet_count":0,"mfg_date":"2026-01-01","exp_date":"2026-01-31","condition":"ปกติ","note":""}]}]}
[09-Jan-2026 14:10:43 Asia/Bangkok] Decoded data: Array
(
    [po_data] => Array
        (
            [po_id] => 1084
            [po_number] => test-po-07-01-0003
            [po_date] => 2026-01-07
            [total_amount] => 250000.00
            [delivery_date] => 
            [notes] => 
            [supplier_id] => 95
            [supplier_name] => บริษัท โตโยอิ๊งค์ (ประเทศไทย) จำกัด
            [warehouse_id] => 1
            [receipt_date] => 2026-01-09
            [invoice_no] => test-po-07-01-0003
            [received_by] => admin
        )

    [items_data] => Array
        (
            [0] => Array
                (
                    [po_item_id] => 1091
                    [product_id] => 12531
                    [ordered_qty] => 125
                    [receive_qty] => 125
                    [unit_id] => 7
                    [recv_package_qty] => 25
                    [unit_price] => 0
                    [total_price] => 0
                    [lot_number] => test-po-07-01-0003
                    [mfg_date] => 2026-01-01
                    [exp_date] => 2026-01-31
                    [pallet_count] => 0
                    [locations] => Array
                        (
                            [0] => Array
                                (
                                    [location_id] => 46
                                    [lot_number] => test-po-07-01-0003
                                    [quantity] => 125
                                    [pallet_count] => 0
                                    [mfg_date] => 2026-01-01
                                    [exp_date] => 2026-01-31
                                    [condition] => ปกติ
                                    [note] => 
                                )

                        )

                )

        )

)

[09-Jan-2026 14:10:43 Asia/Bangkok] Starting saveReceiptEnhanced
[09-Jan-2026 14:10:43 Asia/Bangkok] Transaction started
[09-Jan-2026 14:10:43 Asia/Bangkok] PO Data: Array
(
    [po_id] => 1084
    [po_number] => test-po-07-01-0003
    [po_date] => 2026-01-07
    [total_amount] => 250000.00
    [delivery_date] => 
    [notes] => 
    [supplier_id] => 95
    [supplier_name] => บริษัท โตโยอิ๊งค์ (ประเทศไทย) จำกัด
    [warehouse_id] => 1
    [receipt_date] => 2026-01-09
    [invoice_no] => test-po-07-01-0003
    [received_by] => admin
)

[09-Jan-2026 14:10:43 Asia/Bangkok] Items: Array
(
    [0] => Array
        (
            [po_item_id] => 1091
            [product_id] => 12531
            [ordered_qty] => 125
            [receive_qty] => 125
            [unit_id] => 7
            [recv_package_qty] => 25
            [unit_price] => 0
            [total_price] => 0
            [lot_number] => test-po-07-01-0003
            [mfg_date] => 2026-01-01
            [exp_date] => 2026-01-31
            [pallet_count] => 0
            [locations] => Array
                (
                    [0] => Array
                        (
                            [location_id] => 46
                            [lot_number] => test-po-07-01-0003
                            [quantity] => 125
                            [pallet_count] => 0
                            [mfg_date] => 2026-01-01
                            [exp_date] => 2026-01-31
                            [condition] => ปกติ
                            [note] => 
                        )

                )

        )

)

[09-Jan-2026 14:10:43 Asia/Bangkok] Resolved PO_ID: 1084
[09-Jan-2026 14:10:43 Asia/Bangkok] Generated GR Number: GR202601090002
[09-Jan-2026 14:10:43 Asia/Bangkok] Received Status ID: 2
[09-Jan-2026 14:10:43 Asia/Bangkok] SQL: INSERT INTO Goods_Receipt (
            gr_number, po_id, receipt_date, warehouse_id,
            total_amount, status, received_by, notes,
            invoice_number, receipt_type, created_date
        ) VALUES (?, ?, ?, ?, ?, 'PENDING', ?, ?, ?, 'PO', GETDATE())
[09-Jan-2026 14:10:43 Asia/Bangkok] Insert params: Array
(
    [0] => GR202601090002
    [1] => 1084
    [2] => 2026-01-09
    [3] => 1
    [4] => 250000.00
    [5] => 1
    [6] => 
    [7] => test-po-07-01-0003
)

[09-Jan-2026 14:10:43 Asia/Bangkok] GR_ID: 128
[09-Jan-2026 14:10:43 Asia/Bangkok] Processing item 0: Array
(
    [po_item_id] => 1091
    [product_id] => 12531
    [ordered_qty] => 125
    [receive_qty] => 125
    [unit_id] => 7
    [recv_package_qty] => 25
    [unit_price] => 0
    [total_price] => 0
    [lot_number] => test-po-07-01-0003
    [mfg_date] => 2026-01-01
    [exp_date] => 2026-01-31
    [pallet_count] => 0
    [locations] => Array
        (
            [0] => Array
                (
                    [location_id] => 46
                    [lot_number] => test-po-07-01-0003
                    [quantity] => 125
                    [pallet_count] => 0
                    [mfg_date] => 2026-01-01
                    [exp_date] => 2026-01-31
                    [condition] => ปกติ
                    [note] => 
                )

        )

)

[09-Jan-2026 14:10:43 Asia/Bangkok] Using location_id: 46
[09-Jan-2026 14:10:43 Asia/Bangkok] Item params: Array
(
    [0] => 128
    [1] => 1091
    [2] => 12531
    [3] => 125
    [4] => 125
    [5] => 125
    [6] => 7
    [7] => 7
    [8] => 1
    [9] => 0
    [10] => 0
    [11] => 0
    [12] => 1
    [13] => 46
    [14] => test-po-07-01-0003
    [15] => test-po-07-01-0003
    [16] => 2026-01-01
    [17] => 2026-01-31
    [18] => 2026-01-31
    [19] => 2
)

[09-Jan-2026 14:10:43 Asia/Bangkok] GR_Item_ID: 123
[09-Jan-2026 14:10:43 Asia/Bangkok] Processing location 0: Array
(
    [location_id] => 46
    [lot_number] => test-po-07-01-0003
    [quantity] => 125
    [pallet_count] => 0
    [mfg_date] => 2026-01-01
    [exp_date] => 2026-01-31
    [condition] => ปกติ
    [note] => 
)

[09-Jan-2026 14:10:43 Asia/Bangkok] PO Unit Check - PO Item ID: 1091
[09-Jan-2026 14:10:43 Asia/Bangkok]   Purchase Unit ID: 7
[09-Jan-2026 14:10:43 Asia/Bangkok]   Stock Unit ID: 7
[09-Jan-2026 14:10:43 Asia/Bangkok]   Received in Unit ID: 7
[09-Jan-2026 14:10:43 Asia/Bangkok]   Receive Qty: 125
[09-Jan-2026 14:10:43 Asia/Bangkok]   Conversion Factor: 1.000000
[09-Jan-2026 14:10:43 Asia/Bangkok]   ✅ Units match - no conversion needed
[09-Jan-2026 14:10:43 Asia/Bangkok]   Final receiveQtyForPO: 125
[09-Jan-2026 14:10:43 Asia/Bangkok] ✅ PO_Items updated successfully
[09-Jan-2026 14:10:43 Asia/Bangkok] Transaction committed successfully
[09-Jan-2026 14:10:43 Asia/Bangkok] Save result: Array
(
    [success] => 1
    [message] => บันทึกใบรับสินค้าเรียบร้อยแล้ว
    [gr_number] => GR202601090002
    [gr_id] => 128
)

[09-Jan-2026 14:11:20 Asia/Bangkok] PO Items count: 1
[09-Jan-2026 14:11:20 Asia/Bangkok] Item 0: quantity=400.0000, received=.0000, pending=.0000, unit_id=1
[09-Jan-2026 14:11:20 Asia/Bangkok] calculate_conversion: product=5612, from=1, to=4, qty=400
[09-Jan-2026 14:11:20 Asia/Bangkok] getConversionFactor called: product=5612, from=1, to=4
[09-Jan-2026 14:11:20 Asia/Bangkok] Unit codes: from=KG, to=SHEET
[09-Jan-2026 14:11:20 Asia/Bangkok] Paperboard calculation: W=800.00, L=675.00, GSM=400
[09-Jan-2026 14:11:20 Asia/Bangkok] Area: 0.54 m², kg/sheet: 0.216, sheets/kg: 4.6296296296296
[09-Jan-2026 14:11:20 Asia/Bangkok] Returning KG→SHEET: 4.6296296296296
[09-Jan-2026 14:11:20 Asia/Bangkok] Conversion result: 400 × 4.6296296296296 = 1851.8518518519
[09-Jan-2026 14:11:27 Asia/Bangkok] calculate_conversion: product=5612, from=1, to=4, qty=400
[09-Jan-2026 14:11:27 Asia/Bangkok] getConversionFactor called: product=5612, from=1, to=4
[09-Jan-2026 14:11:27 Asia/Bangkok] Unit codes: from=KG, to=SHEET
[09-Jan-2026 14:11:27 Asia/Bangkok] Paperboard calculation: W=800.00, L=675.00, GSM=400
[09-Jan-2026 14:11:27 Asia/Bangkok] Area: 0.54 m², kg/sheet: 0.216, sheets/kg: 4.6296296296296
[09-Jan-2026 14:11:27 Asia/Bangkok] Returning KG→SHEET: 4.6296296296296
[09-Jan-2026 14:11:27 Asia/Bangkok] Conversion result: 400 × 4.6296296296296 = 1851.8518518519
[09-Jan-2026 14:11:27 Asia/Bangkok] calculate_conversion: product=5612, from=4, to=1, qty=1852
[09-Jan-2026 14:11:27 Asia/Bangkok] getConversionFactor called: product=5612, from=4, to=1
[09-Jan-2026 14:11:27 Asia/Bangkok] Unit codes: from=SHEET, to=KG
[09-Jan-2026 14:11:27 Asia/Bangkok] Paperboard calculation: W=800.00, L=675.00, GSM=400
[09-Jan-2026 14:11:27 Asia/Bangkok] Area: 0.54 m², kg/sheet: 0.216, sheets/kg: 4.6296296296296
[09-Jan-2026 14:11:27 Asia/Bangkok] Returning SHEET→KG: 0.216
[09-Jan-2026 14:11:27 Asia/Bangkok] Conversion result: 1852 × 0.216 = 400.032
[09-Jan-2026 14:11:45 Asia/Bangkok] PO Items count: 1
[09-Jan-2026 14:11:45 Asia/Bangkok] Item 0: quantity=400.0000, received=.0000, pending=.0000, unit_id=1
[09-Jan-2026 14:11:46 Asia/Bangkok] calculate_conversion: product=5612, from=1, to=4, qty=400
[09-Jan-2026 14:11:46 Asia/Bangkok] getConversionFactor called: product=5612, from=1, to=4
[09-Jan-2026 14:11:46 Asia/Bangkok] Unit codes: from=KG, to=SHEET
[09-Jan-2026 14:11:46 Asia/Bangkok] Paperboard calculation: W=800.00, L=675.00, GSM=400
[09-Jan-2026 14:11:46 Asia/Bangkok] Area: 0.54 m², kg/sheet: 0.216, sheets/kg: 4.6296296296296
[09-Jan-2026 14:11:46 Asia/Bangkok] Returning KG→SHEET: 4.6296296296296
[09-Jan-2026 14:11:46 Asia/Bangkok] Conversion result: 400 × 4.6296296296296 = 1851.8518518519
[09-Jan-2026 14:11:49 Asia/Bangkok] PO Items count: 1
[09-Jan-2026 14:11:49 Asia/Bangkok] Item 0: quantity=400.0000, received=.0000, pending=.0000, unit_id=1
[09-Jan-2026 14:11:50 Asia/Bangkok] calculate_conversion: product=5612, from=1, to=4, qty=400
[09-Jan-2026 14:11:50 Asia/Bangkok] getConversionFactor called: product=5612, from=1, to=4
[09-Jan-2026 14:11:50 Asia/Bangkok] Unit codes: from=KG, to=SHEET
[09-Jan-2026 14:11:50 Asia/Bangkok] Paperboard calculation: W=800.00, L=675.00, GSM=400
[09-Jan-2026 14:11:50 Asia/Bangkok] Area: 0.54 m², kg/sheet: 0.216, sheets/kg: 4.6296296296296
[09-Jan-2026 14:11:50 Asia/Bangkok] Returning KG→SHEET: 4.6296296296296
[09-Jan-2026 14:11:50 Asia/Bangkok] Conversion result: 400 × 4.6296296296296 = 1851.8518518519
[09-Jan-2026 14:14:03 Asia/Bangkok] PO Items count: 1
[09-Jan-2026 14:14:03 Asia/Bangkok] Item 0: quantity=400.0000, received=.0000, pending=.0000, unit_id=1
[09-Jan-2026 14:14:04 Asia/Bangkok] calculate_conversion: product=5612, from=1, to=4, qty=400
[09-Jan-2026 14:14:04 Asia/Bangkok] getConversionFactor called: product=5612, from=1, to=4
[09-Jan-2026 14:14:04 Asia/Bangkok] Unit codes: from=KG, to=SHEET
[09-Jan-2026 14:14:04 Asia/Bangkok] Paperboard calculation: W=800.00, L=675.00, GSM=400
[09-Jan-2026 14:14:04 Asia/Bangkok] Area: 0.54 m², kg/sheet: 0.216, sheets/kg: 4.6296296296296
[09-Jan-2026 14:14:04 Asia/Bangkok] Returning KG→SHEET: 4.6296296296296
[09-Jan-2026 14:14:04 Asia/Bangkok] Conversion result: 400 × 4.6296296296296 = 1851.8518518519
[09-Jan-2026 14:14:17 Asia/Bangkok] calculate_conversion: product=5612, from=1, to=4, qty=400
[09-Jan-2026 14:14:17 Asia/Bangkok] getConversionFactor called: product=5612, from=1, to=4
[09-Jan-2026 14:14:17 Asia/Bangkok] Unit codes: from=KG, to=SHEET
[09-Jan-2026 14:14:17 Asia/Bangkok] Paperboard calculation: W=800.00, L=675.00, GSM=400
[09-Jan-2026 14:14:17 Asia/Bangkok] Area: 0.54 m², kg/sheet: 0.216, sheets/kg: 4.6296296296296
[09-Jan-2026 14:14:17 Asia/Bangkok] Returning KG→SHEET: 4.6296296296296
[09-Jan-2026 14:14:17 Asia/Bangkok] Conversion result: 400 × 4.6296296296296 = 1851.8518518519
[09-Jan-2026 14:14:17 Asia/Bangkok] calculate_conversion: product=5612, from=4, to=1, qty=1852
[09-Jan-2026 14:14:17 Asia/Bangkok] getConversionFactor called: product=5612, from=4, to=1
[09-Jan-2026 14:14:17 Asia/Bangkok] Unit codes: from=SHEET, to=KG
[09-Jan-2026 14:14:17 Asia/Bangkok] Paperboard calculation: W=800.00, L=675.00, GSM=400
[09-Jan-2026 14:14:17 Asia/Bangkok] Area: 0.54 m², kg/sheet: 0.216, sheets/kg: 4.6296296296296
[09-Jan-2026 14:14:17 Asia/Bangkok] Returning SHEET→KG: 0.216
[09-Jan-2026 14:14:17 Asia/Bangkok] Conversion result: 1852 × 0.216 = 400.032
[09-Jan-2026 14:21:53 Asia/Bangkok] PO Items count: 1
[09-Jan-2026 14:21:53 Asia/Bangkok] Item 0: quantity=400.0000, received=.0000, pending=.0000, unit_id=1
[09-Jan-2026 14:21:54 Asia/Bangkok] calculate_conversion: product=5612, from=1, to=4, qty=400
[09-Jan-2026 14:21:54 Asia/Bangkok] getConversionFactor called: product=5612, from=1, to=4
[09-Jan-2026 14:21:54 Asia/Bangkok] Unit codes: from=KG, to=SHEET
[09-Jan-2026 14:21:54 Asia/Bangkok] Paperboard calculation: W=800.00, L=675.00, GSM=400
[09-Jan-2026 14:21:54 Asia/Bangkok] Area: 0.54 m², kg/sheet: 0.216, sheets/kg: 4.6296296296296
[09-Jan-2026 14:21:54 Asia/Bangkok] Returning KG→SHEET: 4.6296296296296
[09-Jan-2026 14:21:54 Asia/Bangkok] Conversion result: 400 × 4.6296296296296 = 1851.8518518519
[12-Jan-2026 10:04:12 Asia/Bangkok] PO Items count: 1
[12-Jan-2026 10:04:12 Asia/Bangkok] Item 0: quantity=500.0000, received=.0000, pending=.0000, unit_id=7
[12-Jan-2026 13:51:11 Asia/Bangkok] PO Items count: 2
[12-Jan-2026 13:51:11 Asia/Bangkok] Item 0: quantity=500.0000, received=.0000, pending=.0000, unit_id=1
[12-Jan-2026 13:51:11 Asia/Bangkok] Item 1: quantity=300.0000, received=.0000, pending=.0000, unit_id=1
[12-Jan-2026 13:51:12 Asia/Bangkok] calculate_conversion: product=5766, from=1, to=4, qty=500
[12-Jan-2026 13:51:12 Asia/Bangkok] getConversionFactor called: product=5766, from=1, to=4
[12-Jan-2026 13:51:12 Asia/Bangkok] Unit codes: from=KG, to=SHEET
[12-Jan-2026 13:51:12 Asia/Bangkok] Paperboard calculation: W=828.00, L=642.00, GSM=310
[12-Jan-2026 13:51:12 Asia/Bangkok] Area: 0.531576 m², kg/sheet: 0.16478856, sheets/kg: 6.0683824168377
[12-Jan-2026 13:51:12 Asia/Bangkok] Returning KG→SHEET: 6.0683824168377
[12-Jan-2026 13:51:12 Asia/Bangkok] Conversion result: 500 × 6.0683824168377 = 3034.1912084188
[12-Jan-2026 13:51:12 Asia/Bangkok] calculate_conversion: product=5628, from=1, to=4, qty=300
[12-Jan-2026 13:51:12 Asia/Bangkok] getConversionFactor called: product=5628, from=1, to=4
[12-Jan-2026 13:51:12 Asia/Bangkok] Unit codes: from=KG, to=SHEET
[12-Jan-2026 13:51:12 Asia/Bangkok] Paperboard calculation: W=610.00, L=605.00, GSM=310
[12-Jan-2026 13:51:12 Asia/Bangkok] Area: 0.36905 m², kg/sheet: 0.1144055, sheets/kg: 8.7408385086381
[12-Jan-2026 13:51:12 Asia/Bangkok] Returning KG→SHEET: 8.7408385086381
[12-Jan-2026 13:51:12 Asia/Bangkok] Conversion result: 300 × 8.7408385086381 = 2622.2515525914
[12-Jan-2026 13:51:25 Asia/Bangkok] calculate_conversion: product=5766, from=1, to=4, qty=500
[12-Jan-2026 13:51:25 Asia/Bangkok] getConversionFactor called: product=5766, from=1, to=4
[12-Jan-2026 13:51:25 Asia/Bangkok] Unit codes: from=KG, to=SHEET
[12-Jan-2026 13:51:25 Asia/Bangkok] Paperboard calculation: W=828.00, L=642.00, GSM=310
[12-Jan-2026 13:51:25 Asia/Bangkok] Area: 0.531576 m², kg/sheet: 0.16478856, sheets/kg: 6.0683824168377
[12-Jan-2026 13:51:25 Asia/Bangkok] Returning KG→SHEET: 6.0683824168377
[12-Jan-2026 13:51:25 Asia/Bangkok] Conversion result: 500 × 6.0683824168377 = 3034.1912084188
[12-Jan-2026 13:51:25 Asia/Bangkok] calculate_conversion: product=5766, from=4, to=1, qty=3034
[12-Jan-2026 13:51:25 Asia/Bangkok] getConversionFactor called: product=5766, from=4, to=1
[12-Jan-2026 13:51:25 Asia/Bangkok] Unit codes: from=SHEET, to=KG
[12-Jan-2026 13:51:25 Asia/Bangkok] Paperboard calculation: W=828.00, L=642.00, GSM=310
[12-Jan-2026 13:51:25 Asia/Bangkok] Area: 0.531576 m², kg/sheet: 0.16478856, sheets/kg: 6.0683824168377
[12-Jan-2026 13:51:25 Asia/Bangkok] Returning SHEET→KG: 0.16478856
[12-Jan-2026 13:51:25 Asia/Bangkok] Conversion result: 3034 × 0.16478856 = 499.96849104
[12-Jan-2026 13:51:30 Asia/Bangkok] calculate_conversion: product=5628, from=1, to=4, qty=300
[12-Jan-2026 13:51:30 Asia/Bangkok] getConversionFactor called: product=5628, from=1, to=4
[12-Jan-2026 13:51:30 Asia/Bangkok] Unit codes: from=KG, to=SHEET
[12-Jan-2026 13:51:30 Asia/Bangkok] Paperboard calculation: W=610.00, L=605.00, GSM=310
[12-Jan-2026 13:51:30 Asia/Bangkok] Area: 0.36905 m², kg/sheet: 0.1144055, sheets/kg: 8.7408385086381
[12-Jan-2026 13:51:30 Asia/Bangkok] Returning KG→SHEET: 8.7408385086381
[12-Jan-2026 13:51:30 Asia/Bangkok] Conversion result: 300 × 8.7408385086381 = 2622.2515525914
[12-Jan-2026 13:51:30 Asia/Bangkok] calculate_conversion: product=5628, from=4, to=1, qty=2622
[12-Jan-2026 13:51:30 Asia/Bangkok] getConversionFactor called: product=5628, from=4, to=1
[12-Jan-2026 13:51:30 Asia/Bangkok] Unit codes: from=SHEET, to=KG
[12-Jan-2026 13:51:30 Asia/Bangkok] Paperboard calculation: W=610.00, L=605.00, GSM=310
[12-Jan-2026 13:51:30 Asia/Bangkok] Area: 0.36905 m², kg/sheet: 0.1144055, sheets/kg: 8.7408385086381
[12-Jan-2026 13:51:30 Asia/Bangkok] Returning SHEET→KG: 0.1144055
[12-Jan-2026 13:51:30 Asia/Bangkok] Conversion result: 2622 × 0.1144055 = 299.971221
[12-Jan-2026 13:51:59 Asia/Bangkok] Received POST data: Array
(
)

[12-Jan-2026 13:51:59 Asia/Bangkok] Raw input: {"po_data":{"po_id":"1087","po_number":"test-po-12-1-26-0001","po_date":"2026-01-12","total_amount":"49000.00","delivery_date":null,"notes":"","supplier_id":"9","supplier_name":"\"Hansol Paper Co.,Ltd.\"","warehouse_id":"1","receipt_date":"2026-01-12","invoice_no":"test-po-12-1-26-0001","received_by":"admin"},"items_data":[{"po_item_id":"1094","product_id":"5766","ordered_qty":3034,"receive_qty":3034,"unit_id":4,"recv_package_qty":null,"unit_price":0,"total_price":0,"lot_number":null,"mfg_date":"2026-01-01","exp_date":"2026-01-31","pallet_count":2,"locations":[{"location_id":"319","lot_number":"","quantity":3034,"pallet_count":2,"mfg_date":"2026-01-01","exp_date":"2026-01-31","condition":"ปกติ","note":""}]},{"po_item_id":"1095","product_id":"5628","ordered_qty":2622,"receive_qty":2622,"unit_id":4,"recv_package_qty":null,"unit_price":0,"total_price":0,"lot_number":null,"mfg_date":"2026-01-01","exp_date":"2026-01-31","pallet_count":2,"locations":[{"location_id":"302","lot_number":"","quantity":2622,"pallet_count":2,"mfg_date":"2026-01-01","exp_date":"2026-01-31","condition":"ปกติ","note":""}]}]}
[12-Jan-2026 13:51:59 Asia/Bangkok] Decoded data: Array
(
    [po_data] => Array
        (
            [po_id] => 1087
            [po_number] => test-po-12-1-26-0001
            [po_date] => 2026-01-12
            [total_amount] => 49000.00
            [delivery_date] => 
            [notes] => 
            [supplier_id] => 9
            [supplier_name] => "Hansol Paper Co.,Ltd."
            [warehouse_id] => 1
            [receipt_date] => 2026-01-12
            [invoice_no] => test-po-12-1-26-0001
            [received_by] => admin
        )

    [items_data] => Array
        (
            [0] => Array
                (
                    [po_item_id] => 1094
                    [product_id] => 5766
                    [ordered_qty] => 3034
                    [receive_qty] => 3034
                    [unit_id] => 4
                    [recv_package_qty] => 
                    [unit_price] => 0
                    [total_price] => 0
                    [lot_number] => 
                    [mfg_date] => 2026-01-01
                    [exp_date] => 2026-01-31
                    [pallet_count] => 2
                    [locations] => Array
                        (
                            [0] => Array
                                (
                                    [location_id] => 319
                                    [lot_number] => 
                                    [quantity] => 3034
                                    [pallet_count] => 2
                                    [mfg_date] => 2026-01-01
                                    [exp_date] => 2026-01-31
                                    [condition] => ปกติ
                                    [note] => 
                                )

                        )

                )

            [1] => Array
                (
                    [po_item_id] => 1095
                    [product_id] => 5628
                    [ordered_qty] => 2622
                    [receive_qty] => 2622
                    [unit_id] => 4
                    [recv_package_qty] => 
                    [unit_price] => 0
                    [total_price] => 0
                    [lot_number] => 
                    [mfg_date] => 2026-01-01
                    [exp_date] => 2026-01-31
                    [pallet_count] => 2
                    [locations] => Array
                        (
                            [0] => Array
                                (
                                    [location_id] => 302
                                    [lot_number] => 
                                    [quantity] => 2622
                                    [pallet_count] => 2
                                    [mfg_date] => 2026-01-01
                                    [exp_date] => 2026-01-31
                                    [condition] => ปกติ
                                    [note] => 
                                )

                        )

                )

        )

)

[12-Jan-2026 13:51:59 Asia/Bangkok] Starting saveReceiptEnhanced
[12-Jan-2026 13:51:59 Asia/Bangkok] Transaction started
[12-Jan-2026 13:51:59 Asia/Bangkok] PO Data: Array
(
    [po_id] => 1087
    [po_number] => test-po-12-1-26-0001
    [po_date] => 2026-01-12
    [total_amount] => 49000.00
    [delivery_date] => 
    [notes] => 
    [supplier_id] => 9
    [supplier_name] => "Hansol Paper Co.,Ltd."
    [warehouse_id] => 1
    [receipt_date] => 2026-01-12
    [invoice_no] => test-po-12-1-26-0001
    [received_by] => admin
)

[12-Jan-2026 13:51:59 Asia/Bangkok] Items: Array
(
    [0] => Array
        (
            [po_item_id] => 1094
            [product_id] => 5766
            [ordered_qty] => 3034
            [receive_qty] => 3034
            [unit_id] => 4
            [recv_package_qty] => 
            [unit_price] => 0
            [total_price] => 0
            [lot_number] => 
            [mfg_date] => 2026-01-01
            [exp_date] => 2026-01-31
            [pallet_count] => 2
            [locations] => Array
                (
                    [0] => Array
                        (
                            [location_id] => 319
                            [lot_number] => 
                            [quantity] => 3034
                            [pallet_count] => 2
                            [mfg_date] => 2026-01-01
                            [exp_date] => 2026-01-31
                            [condition] => ปกติ
                            [note] => 
                        )

                )

        )

    [1] => Array
        (
            [po_item_id] => 1095
            [product_id] => 5628
            [ordered_qty] => 2622
            [receive_qty] => 2622
            [unit_id] => 4
            [recv_package_qty] => 
            [unit_price] => 0
            [total_price] => 0
            [lot_number] => 
            [mfg_date] => 2026-01-01
            [exp_date] => 2026-01-31
            [pallet_count] => 2
            [locations] => Array
                (
                    [0] => Array
                        (
                            [location_id] => 302
                            [lot_number] => 
                            [quantity] => 2622
                            [pallet_count] => 2
                            [mfg_date] => 2026-01-01
                            [exp_date] => 2026-01-31
                            [condition] => ปกติ
                            [note] => 
                        )

                )

        )

)

[12-Jan-2026 13:51:59 Asia/Bangkok] Resolved PO_ID: 1087
[12-Jan-2026 13:51:59 Asia/Bangkok] Generated GR Number: GR202601120001
[12-Jan-2026 13:51:59 Asia/Bangkok] Received Status ID: 2
[12-Jan-2026 13:51:59 Asia/Bangkok] SQL: INSERT INTO Goods_Receipt (
            gr_number, po_id, receipt_date, warehouse_id,
            total_amount, status, received_by, notes,
            invoice_number, receipt_type, created_date
        ) VALUES (?, ?, ?, ?, ?, 'PENDING', ?, ?, ?, 'PO', GETDATE())
[12-Jan-2026 13:51:59 Asia/Bangkok] Insert params: Array
(
    [0] => GR202601120001
    [1] => 1087
    [2] => 2026-01-12
    [3] => 1
    [4] => 49000.00
    [5] => 1
    [6] => 
    [7] => test-po-12-1-26-0001
)

[12-Jan-2026 13:51:59 Asia/Bangkok] GR_ID: 129
[12-Jan-2026 13:51:59 Asia/Bangkok] Processing item 0: Array
(
    [po_item_id] => 1094
    [product_id] => 5766
    [ordered_qty] => 3034
    [receive_qty] => 3034
    [unit_id] => 4
    [recv_package_qty] => 
    [unit_price] => 0
    [total_price] => 0
    [lot_number] => 
    [mfg_date] => 2026-01-01
    [exp_date] => 2026-01-31
    [pallet_count] => 2
    [locations] => Array
        (
            [0] => Array
                (
                    [location_id] => 319
                    [lot_number] => 
                    [quantity] => 3034
                    [pallet_count] => 2
                    [mfg_date] => 2026-01-01
                    [exp_date] => 2026-01-31
                    [condition] => ปกติ
                    [note] => 
                )

        )

)

[12-Jan-2026 13:51:59 Asia/Bangkok] Using location_id: 319
[12-Jan-2026 13:51:59 Asia/Bangkok] Item params: Array
(
    [0] => 129
    [1] => 1094
    [2] => 5766
    [3] => 3034
    [4] => 3034
    [5] => 3034
    [6] => 4
    [7] => 4
    [8] => 1
    [9] => 2
    [10] => 0
    [11] => 0
    [12] => 1
    [13] => 319
    [14] => 
    [15] => 
    [16] => 2026-01-01
    [17] => 2026-01-31
    [18] => 2026-01-31
    [19] => 2
)

[12-Jan-2026 13:51:59 Asia/Bangkok] GR_Item_ID: 124
[12-Jan-2026 13:51:59 Asia/Bangkok] Processing location 0: Array
(
    [location_id] => 319
    [lot_number] => 
    [quantity] => 3034
    [pallet_count] => 2
    [mfg_date] => 2026-01-01
    [exp_date] => 2026-01-31
    [condition] => ปกติ
    [note] => 
)

[12-Jan-2026 13:51:59 Asia/Bangkok] PO Unit Check - PO Item ID: 1094
[12-Jan-2026 13:51:59 Asia/Bangkok]   Purchase Unit ID: 1
[12-Jan-2026 13:51:59 Asia/Bangkok]   Stock Unit ID: 1
[12-Jan-2026 13:51:59 Asia/Bangkok]   Received in Unit ID: 4
[12-Jan-2026 13:51:59 Asia/Bangkok]   Receive Qty: 3034
[12-Jan-2026 13:51:59 Asia/Bangkok]   Conversion Factor: 1.000000
[12-Jan-2026 13:51:59 Asia/Bangkok]   ⚠️ WARNING: Unknown unit conversion scenario!
[12-Jan-2026 13:51:59 Asia/Bangkok]   Final receiveQtyForPO: 3034
[12-Jan-2026 13:51:59 Asia/Bangkok] ✅ PO_Items updated successfully
[12-Jan-2026 13:51:59 Asia/Bangkok] Processing item 1: Array
(
    [po_item_id] => 1095
    [product_id] => 5628
    [ordered_qty] => 2622
    [receive_qty] => 2622
    [unit_id] => 4
    [recv_package_qty] => 
    [unit_price] => 0
    [total_price] => 0
    [lot_number] => 
    [mfg_date] => 2026-01-01
    [exp_date] => 2026-01-31
    [pallet_count] => 2
    [locations] => Array
        (
            [0] => Array
                (
                    [location_id] => 302
                    [lot_number] => 
                    [quantity] => 2622
                    [pallet_count] => 2
                    [mfg_date] => 2026-01-01
                    [exp_date] => 2026-01-31
                    [condition] => ปกติ
                    [note] => 
                )

        )

)

[12-Jan-2026 13:51:59 Asia/Bangkok] Using location_id: 302
[12-Jan-2026 13:51:59 Asia/Bangkok] Item params: Array
(
    [0] => 129
    [1] => 1095
    [2] => 5628
    [3] => 2622
    [4] => 2622
    [5] => 2622
    [6] => 4
    [7] => 4
    [8] => 1
    [9] => 2
    [10] => 0
    [11] => 0
    [12] => 1
    [13] => 302
    [14] => 
    [15] => 
    [16] => 2026-01-01
    [17] => 2026-01-31
    [18] => 2026-01-31
    [19] => 2
)

[12-Jan-2026 13:51:59 Asia/Bangkok] GR_Item_ID: 125
[12-Jan-2026 13:51:59 Asia/Bangkok] Processing location 0: Array
(
    [location_id] => 302
    [lot_number] => 
    [quantity] => 2622
    [pallet_count] => 2
    [mfg_date] => 2026-01-01
    [exp_date] => 2026-01-31
    [condition] => ปกติ
    [note] => 
)

[12-Jan-2026 13:51:59 Asia/Bangkok] PO Unit Check - PO Item ID: 1095
[12-Jan-2026 13:51:59 Asia/Bangkok]   Purchase Unit ID: 1
[12-Jan-2026 13:51:59 Asia/Bangkok]   Stock Unit ID: 1
[12-Jan-2026 13:51:59 Asia/Bangkok]   Received in Unit ID: 4
[12-Jan-2026 13:51:59 Asia/Bangkok]   Receive Qty: 2622
[12-Jan-2026 13:51:59 Asia/Bangkok]   Conversion Factor: 1.000000
[12-Jan-2026 13:51:59 Asia/Bangkok]   ⚠️ WARNING: Unknown unit conversion scenario!
[12-Jan-2026 13:51:59 Asia/Bangkok]   Final receiveQtyForPO: 2622
[12-Jan-2026 13:51:59 Asia/Bangkok] ✅ PO_Items updated successfully
[12-Jan-2026 13:51:59 Asia/Bangkok] Transaction committed successfully
[12-Jan-2026 13:51:59 Asia/Bangkok] Save result: Array
(
    [success] => 1
    [message] => บันทึกใบรับสินค้าเรียบร้อยแล้ว
    [gr_number] => GR202601120001
    [gr_id] => 129
)

[12-Jan-2026 14:14:21 Asia/Bangkok] PO Items count: 1
[12-Jan-2026 14:14:21 Asia/Bangkok] Item 0: quantity=500.0000, received=2939.0000, pending=.0000, unit_id=1
[12-Jan-2026 14:14:22 Asia/Bangkok] calculate_conversion: product=5614, from=1, to=4, qty=500
[12-Jan-2026 14:14:22 Asia/Bangkok] getConversionFactor called: product=5614, from=1, to=4
[12-Jan-2026 14:14:22 Asia/Bangkok] Unit codes: from=KG, to=SHEET
[12-Jan-2026 14:14:22 Asia/Bangkok] Paperboard calculation: W=750.00, L=648.00, GSM=350
[12-Jan-2026 14:14:22 Asia/Bangkok] Area: 0.486 m², kg/sheet: 0.1701, sheets/kg: 5.8788947677837
[12-Jan-2026 14:14:22 Asia/Bangkok] Returning KG→SHEET: 5.8788947677837
[12-Jan-2026 14:14:22 Asia/Bangkok] Conversion result: 500 × 5.8788947677837 = 2939.4473838918
[12-Jan-2026 14:15:52 Asia/Bangkok] calculate_conversion: product=5614, from=1, to=4, qty=500
[12-Jan-2026 14:15:52 Asia/Bangkok] getConversionFactor called: product=5614, from=1, to=4
[12-Jan-2026 14:15:52 Asia/Bangkok] Unit codes: from=KG, to=SHEET
[12-Jan-2026 14:15:52 Asia/Bangkok] Paperboard calculation: W=750.00, L=648.00, GSM=350
[12-Jan-2026 14:15:52 Asia/Bangkok] Area: 0.486 m², kg/sheet: 0.1701, sheets/kg: 5.8788947677837
[12-Jan-2026 14:15:52 Asia/Bangkok] Returning KG→SHEET: 5.8788947677837
[12-Jan-2026 14:15:52 Asia/Bangkok] Conversion result: 500 × 5.8788947677837 = 2939.4473838918
[12-Jan-2026 14:15:52 Asia/Bangkok] calculate_conversion: product=5614, from=4, to=1, qty=2939
[12-Jan-2026 14:15:52 Asia/Bangkok] getConversionFactor called: product=5614, from=4, to=1
[12-Jan-2026 14:15:52 Asia/Bangkok] Unit codes: from=SHEET, to=KG
[12-Jan-2026 14:15:52 Asia/Bangkok] Paperboard calculation: W=750.00, L=648.00, GSM=350
[12-Jan-2026 14:15:52 Asia/Bangkok] Area: 0.486 m², kg/sheet: 0.1701, sheets/kg: 5.8788947677837
[12-Jan-2026 14:15:52 Asia/Bangkok] Returning SHEET→KG: 0.1701
[12-Jan-2026 14:15:52 Asia/Bangkok] Conversion result: 2939 × 0.1701 = 499.9239
[12-Jan-2026 14:21:00 Asia/Bangkok] PO Items count: 1
[12-Jan-2026 14:21:00 Asia/Bangkok] Item 0: quantity=500.0000, received=.0000, pending=.0000, unit_id=7
[12-Jan-2026 17:05:35 Asia/Bangkok] PO Items count: 1
[12-Jan-2026 17:05:35 Asia/Bangkok] Item 0: quantity=500.0000, received=.0000, pending=.0000, unit_id=7
[13-Jan-2026 09:20:05 Asia/Bangkok] PO Items count: 2
[13-Jan-2026 09:20:05 Asia/Bangkok] Item 0: quantity=1000.0000, received=.0000, pending=.0000, unit_id=4
[13-Jan-2026 09:20:05 Asia/Bangkok] Item 1: quantity=500.0000, received=.0000, pending=.0000, unit_id=1
[13-Jan-2026 09:20:06 Asia/Bangkok] calculate_conversion: product=834, from=4, to=1, qty=1000
[13-Jan-2026 09:20:06 Asia/Bangkok] getConversionFactor called: product=834, from=4, to=1
[13-Jan-2026 09:20:06 Asia/Bangkok] Unit codes: from=SHEET, to=KG
[13-Jan-2026 09:20:06 Asia/Bangkok] No paperboard data found or incomplete data
[13-Jan-2026 09:20:06 Asia/Bangkok] No conversion found, returning 1.0
[13-Jan-2026 09:20:06 Asia/Bangkok] Conversion result: 1000 × 1 = 1000
[13-Jan-2026 09:20:06 Asia/Bangkok] calculate_conversion: product=5614, from=1, to=4, qty=500
[13-Jan-2026 09:20:06 Asia/Bangkok] getConversionFactor called: product=5614, from=1, to=4
[13-Jan-2026 09:20:06 Asia/Bangkok] Unit codes: from=KG, to=SHEET
[13-Jan-2026 09:20:06 Asia/Bangkok] Paperboard calculation: W=750.00, L=648.00, GSM=350
[13-Jan-2026 09:20:06 Asia/Bangkok] Area: 0.486 m², kg/sheet: 0.1701, sheets/kg: 5.8788947677837
[13-Jan-2026 09:20:06 Asia/Bangkok] Returning KG→SHEET: 5.8788947677837
[13-Jan-2026 09:20:06 Asia/Bangkok] Conversion result: 500 × 5.8788947677837 = 2939.4473838918
[13-Jan-2026 09:20:06 Asia/Bangkok] calculate_conversion: product=834, from=1, to=4, qty=1000
[13-Jan-2026 09:20:06 Asia/Bangkok] getConversionFactor called: product=834, from=1, to=4
[13-Jan-2026 09:20:06 Asia/Bangkok] Unit codes: from=KG, to=SHEET
[13-Jan-2026 09:20:06 Asia/Bangkok] No paperboard data found or incomplete data
[13-Jan-2026 09:20:06 Asia/Bangkok] No conversion found, returning 1.0
[13-Jan-2026 09:20:06 Asia/Bangkok] Conversion result: 1000 × 1 = 1000
[13-Jan-2026 09:55:04 Asia/Bangkok] PO Items count: 2
[13-Jan-2026 09:55:04 Asia/Bangkok] Item 0: quantity=1000.0000, received=.0000, pending=.0000, unit_id=4
[13-Jan-2026 09:55:04 Asia/Bangkok] Item 1: quantity=500.0000, received=.0000, pending=.0000, unit_id=1
[13-Jan-2026 09:55:04 Asia/Bangkok] calculate_conversion: product=834, from=4, to=1, qty=1000
[13-Jan-2026 09:55:04 Asia/Bangkok] getConversionFactor called: product=834, from=4, to=1
[13-Jan-2026 09:55:04 Asia/Bangkok] Unit codes: from=SHEET, to=KG
[13-Jan-2026 09:55:04 Asia/Bangkok] No paperboard data found or incomplete data
[13-Jan-2026 09:55:04 Asia/Bangkok] No conversion found, returning 1.0
[13-Jan-2026 09:55:04 Asia/Bangkok] Conversion result: 1000 × 1 = 1000
[13-Jan-2026 09:55:05 Asia/Bangkok] calculate_conversion: product=5614, from=1, to=4, qty=500
[13-Jan-2026 09:55:05 Asia/Bangkok] getConversionFactor called: product=5614, from=1, to=4
[13-Jan-2026 09:55:05 Asia/Bangkok] Unit codes: from=KG, to=SHEET
[13-Jan-2026 09:55:05 Asia/Bangkok] Paperboard calculation: W=750.00, L=648.00, GSM=350
[13-Jan-2026 09:55:05 Asia/Bangkok] Area: 0.486 m², kg/sheet: 0.1701, sheets/kg: 5.8788947677837
[13-Jan-2026 09:55:05 Asia/Bangkok] Returning KG→SHEET: 5.8788947677837
[13-Jan-2026 09:55:05 Asia/Bangkok] Conversion result: 500 × 5.8788947677837 = 2939.4473838918
[13-Jan-2026 09:55:05 Asia/Bangkok] calculate_conversion: product=834, from=1, to=4, qty=1000
[13-Jan-2026 09:55:05 Asia/Bangkok] getConversionFactor called: product=834, from=1, to=4
[13-Jan-2026 09:55:05 Asia/Bangkok] Unit codes: from=KG, to=SHEET
[13-Jan-2026 09:55:05 Asia/Bangkok] No paperboard data found or incomplete data
[13-Jan-2026 09:55:05 Asia/Bangkok] No conversion found, returning 1.0
[13-Jan-2026 09:55:05 Asia/Bangkok] Conversion result: 1000 × 1 = 1000
[13-Jan-2026 10:15:37 Asia/Bangkok] PO Items count: 2
[13-Jan-2026 10:15:37 Asia/Bangkok] Item 0: quantity=1000.0000, received=.0000, pending=.0000, unit_id=4
[13-Jan-2026 10:15:37 Asia/Bangkok] Item 1: quantity=500.0000, received=.0000, pending=.0000, unit_id=1
[13-Jan-2026 10:15:37 Asia/Bangkok] calculate_conversion: product=834, from=4, to=1, qty=1000
[13-Jan-2026 10:15:37 Asia/Bangkok] getConversionFactor called: product=834, from=4, to=1
[13-Jan-2026 10:15:37 Asia/Bangkok] Unit codes: from=SHEET, to=KG
[13-Jan-2026 10:15:37 Asia/Bangkok] No paperboard data found or incomplete data
[13-Jan-2026 10:15:37 Asia/Bangkok] No conversion found, returning 1.0
[13-Jan-2026 10:15:37 Asia/Bangkok] Conversion result: 1000 × 1 = 1000
[13-Jan-2026 10:15:38 Asia/Bangkok] calculate_conversion: product=5614, from=1, to=4, qty=500
[13-Jan-2026 10:15:38 Asia/Bangkok] getConversionFactor called: product=5614, from=1, to=4
[13-Jan-2026 10:15:38 Asia/Bangkok] Unit codes: from=KG, to=SHEET
[13-Jan-2026 10:15:38 Asia/Bangkok] Paperboard calculation: W=750.00, L=648.00, GSM=350
[13-Jan-2026 10:15:38 Asia/Bangkok] Area: 0.486 m², kg/sheet: 0.1701, sheets/kg: 5.8788947677837
[13-Jan-2026 10:15:38 Asia/Bangkok] Returning KG→SHEET: 5.8788947677837
[13-Jan-2026 10:15:38 Asia/Bangkok] Conversion result: 500 × 5.8788947677837 = 2939.4473838918
[13-Jan-2026 10:15:38 Asia/Bangkok] calculate_conversion: product=834, from=1, to=4, qty=1000
[13-Jan-2026 10:15:38 Asia/Bangkok] getConversionFactor called: product=834, from=1, to=4
[13-Jan-2026 10:15:38 Asia/Bangkok] Unit codes: from=KG, to=SHEET
[13-Jan-2026 10:15:38 Asia/Bangkok] No paperboard data found or incomplete data
[13-Jan-2026 10:15:38 Asia/Bangkok] No conversion found, returning 1.0
[13-Jan-2026 10:15:38 Asia/Bangkok] Conversion result: 1000 × 1 = 1000
[13-Jan-2026 10:16:32 Asia/Bangkok] PO Items count: 1
[13-Jan-2026 10:16:32 Asia/Bangkok] Item 0: quantity=500.0000, received=.0000, pending=.0000, unit_id=7
[13-Jan-2026 10:16:52 Asia/Bangkok] Received POST data: Array
(
)

[13-Jan-2026 10:16:52 Asia/Bangkok] Raw input: {"po_data":{"po_id":"1094","po_number":"test-po-12-1-26-0002","po_date":"2026-01-12","total_amount":"10000.00","delivery_date":null,"notes":"","supplier_id":"95","supplier_name":"บริษัท โตโยอิ๊งค์ (ประเทศไทย) จำกัด","warehouse_id":"1","receipt_date":"2026-01-13","invoice_no":"test-po-12-1-26-0002","received_by":"admin"},"items_data":[{"po_item_id":"1096","product_id":"12525","ordered_qty":500,"receive_qty":500,"unit_id":7,"recv_package_qty":50,"unit_price":0,"total_price":0,"lot_number":null,"mfg_date":"2026-01-01","exp_date":"2026-01-13","pallet_count":0,"locations":[{"location_id":"322","lot_number":"","quantity":500,"pallet_count":0,"mfg_date":"2026-01-01","exp_date":"2026-01-13","condition":"ปกติ","note":""}]}]}
[13-Jan-2026 10:16:52 Asia/Bangkok] Decoded data: Array
(
    [po_data] => Array
        (
            [po_id] => 1094
            [po_number] => test-po-12-1-26-0002
            [po_date] => 2026-01-12
            [total_amount] => 10000.00
            [delivery_date] => 
            [notes] => 
            [supplier_id] => 95
            [supplier_name] => บริษัท โตโยอิ๊งค์ (ประเทศไทย) จำกัด
            [warehouse_id] => 1
            [receipt_date] => 2026-01-13
            [invoice_no] => test-po-12-1-26-0002
            [received_by] => admin
        )

    [items_data] => Array
        (
            [0] => Array
                (
                    [po_item_id] => 1096
                    [product_id] => 12525
                    [ordered_qty] => 500
                    [receive_qty] => 500
                    [unit_id] => 7
                    [recv_package_qty] => 50
                    [unit_price] => 0
                    [total_price] => 0
                    [lot_number] => 
                    [mfg_date] => 2026-01-01
                    [exp_date] => 2026-01-13
                    [pallet_count] => 0
                    [locations] => Array
                        (
                            [0] => Array
                                (
                                    [location_id] => 322
                                    [lot_number] => 
                                    [quantity] => 500
                                    [pallet_count] => 0
                                    [mfg_date] => 2026-01-01
                                    [exp_date] => 2026-01-13
                                    [condition] => ปกติ
                                    [note] => 
                                )

                        )

                )

        )

)

[13-Jan-2026 10:16:52 Asia/Bangkok] Starting saveReceiptEnhanced
[13-Jan-2026 10:16:52 Asia/Bangkok] Transaction started
[13-Jan-2026 10:16:52 Asia/Bangkok] PO Data: Array
(
    [po_id] => 1094
    [po_number] => test-po-12-1-26-0002
    [po_date] => 2026-01-12
    [total_amount] => 10000.00
    [delivery_date] => 
    [notes] => 
    [supplier_id] => 95
    [supplier_name] => บริษัท โตโยอิ๊งค์ (ประเทศไทย) จำกัด
    [warehouse_id] => 1
    [receipt_date] => 2026-01-13
    [invoice_no] => test-po-12-1-26-0002
    [received_by] => admin
)

[13-Jan-2026 10:16:52 Asia/Bangkok] Items: Array
(
    [0] => Array
        (
            [po_item_id] => 1096
            [product_id] => 12525
            [ordered_qty] => 500
            [receive_qty] => 500
            [unit_id] => 7
            [recv_package_qty] => 50
            [unit_price] => 0
            [total_price] => 0
            [lot_number] => 
            [mfg_date] => 2026-01-01
            [exp_date] => 2026-01-13
            [pallet_count] => 0
            [locations] => Array
                (
                    [0] => Array
                        (
                            [location_id] => 322
                            [lot_number] => 
                            [quantity] => 500
                            [pallet_count] => 0
                            [mfg_date] => 2026-01-01
                            [exp_date] => 2026-01-13
                            [condition] => ปกติ
                            [note] => 
                        )

                )

        )

)

[13-Jan-2026 10:16:52 Asia/Bangkok] Resolved PO_ID: 1094
[13-Jan-2026 10:16:52 Asia/Bangkok] Generated GR Number: GR202601130001
[13-Jan-2026 10:16:52 Asia/Bangkok] Received Status ID: 2
[13-Jan-2026 10:16:52 Asia/Bangkok] SQL: INSERT INTO Goods_Receipt (
            gr_number, po_id, receipt_date, warehouse_id,
            total_amount, status, received_by, notes,
            invoice_number, receipt_type, created_date
        ) VALUES (?, ?, ?, ?, ?, 'PENDING', ?, ?, ?, 'PO', GETDATE())
[13-Jan-2026 10:16:52 Asia/Bangkok] Insert params: Array
(
    [0] => GR202601130001
    [1] => 1094
    [2] => 2026-01-13
    [3] => 1
    [4] => 10000.00
    [5] => 1
    [6] => 
    [7] => test-po-12-1-26-0002
)

[13-Jan-2026 10:16:52 Asia/Bangkok] GR_ID: 130
[13-Jan-2026 10:16:52 Asia/Bangkok] Processing item 0: Array
(
    [po_item_id] => 1096
    [product_id] => 12525
    [ordered_qty] => 500
    [receive_qty] => 500
    [unit_id] => 7
    [recv_package_qty] => 50
    [unit_price] => 0
    [total_price] => 0
    [lot_number] => 
    [mfg_date] => 2026-01-01
    [exp_date] => 2026-01-13
    [pallet_count] => 0
    [locations] => Array
        (
            [0] => Array
                (
                    [location_id] => 322
                    [lot_number] => 
                    [quantity] => 500
                    [pallet_count] => 0
                    [mfg_date] => 2026-01-01
                    [exp_date] => 2026-01-13
                    [condition] => ปกติ
                    [note] => 
                )

        )

)

[13-Jan-2026 10:16:52 Asia/Bangkok] Using location_id: 322
[13-Jan-2026 10:16:52 Asia/Bangkok] Item params: Array
(
    [0] => 130
    [1] => 1096
    [2] => 12525
    [3] => 500
    [4] => 500
    [5] => 500
    [6] => 7
    [7] => 7
    [8] => 1
    [9] => 0
    [10] => 0
    [11] => 0
    [12] => 1
    [13] => 322
    [14] => 
    [15] => 
    [16] => 2026-01-01
    [17] => 2026-01-13
    [18] => 2026-01-13
    [19] => 2
)

[13-Jan-2026 10:16:52 Asia/Bangkok] GR_Item_ID: 126
[13-Jan-2026 10:16:52 Asia/Bangkok] Processing location 0: Array
(
    [location_id] => 322
    [lot_number] => 
    [quantity] => 500
    [pallet_count] => 0
    [mfg_date] => 2026-01-01
    [exp_date] => 2026-01-13
    [condition] => ปกติ
    [note] => 
)

[13-Jan-2026 10:16:52 Asia/Bangkok] PO Unit Check - PO Item ID: 1096
[13-Jan-2026 10:16:52 Asia/Bangkok]   Purchase Unit ID: 7
[13-Jan-2026 10:16:52 Asia/Bangkok]   Stock Unit ID: 7
[13-Jan-2026 10:16:52 Asia/Bangkok]   Received in Unit ID: 7
[13-Jan-2026 10:16:52 Asia/Bangkok]   Receive Qty: 500
[13-Jan-2026 10:16:52 Asia/Bangkok]   Conversion Factor: 1.000000
[13-Jan-2026 10:16:52 Asia/Bangkok]   ✅ Units match - no conversion needed
[13-Jan-2026 10:16:52 Asia/Bangkok]   Final receiveQtyForPO: 500
[13-Jan-2026 10:16:52 Asia/Bangkok] ✅ PO_Items updated successfully
[13-Jan-2026 10:16:52 Asia/Bangkok] Transaction committed successfully
[13-Jan-2026 10:16:52 Asia/Bangkok] Save result: Array
(
    [success] => 1
    [message] => บันทึกใบรับสินค้าเรียบร้อยแล้ว
    [gr_number] => GR202601130001
    [gr_id] => 130
)

[13-Jan-2026 10:17:43 Asia/Bangkok] PO Items count: 1
[13-Jan-2026 10:17:43 Asia/Bangkok] Item 0: quantity=500.0000, received=.0000, pending=.0000, unit_id=7
[13-Jan-2026 10:17:59 Asia/Bangkok] Received POST data: Array
(
)

[13-Jan-2026 10:17:59 Asia/Bangkok] Raw input: {"po_data":{"po_id":"1086","po_number":"po-12-1-26-0001","po_date":"2026-01-12","total_amount":"300000.00","delivery_date":null,"notes":"","supplier_id":"95","supplier_name":"บริษัท โตโยอิ๊งค์ (ประเทศไทย) จำกัด","warehouse_id":"1","receipt_date":"2026-01-13","invoice_no":"po-12-1-26-0001","received_by":"admin"},"items_data":[{"po_item_id":"1093","product_id":"12487","ordered_qty":500,"receive_qty":500,"unit_id":7,"recv_package_qty":50,"unit_price":0,"total_price":0,"lot_number":null,"mfg_date":"2026-01-13","exp_date":"2026-01-31","pallet_count":0,"locations":[{"location_id":"75","lot_number":"","quantity":500,"pallet_count":0,"mfg_date":"2026-01-13","exp_date":"2026-01-31","condition":"ปกติ","note":""}]}]}
[13-Jan-2026 10:17:59 Asia/Bangkok] Decoded data: Array
(
    [po_data] => Array
        (
            [po_id] => 1086
            [po_number] => po-12-1-26-0001
            [po_date] => 2026-01-12
            [total_amount] => 300000.00
            [delivery_date] => 
            [notes] => 
            [supplier_id] => 95
            [supplier_name] => บริษัท โตโยอิ๊งค์ (ประเทศไทย) จำกัด
            [warehouse_id] => 1
            [receipt_date] => 2026-01-13
            [invoice_no] => po-12-1-26-0001
            [received_by] => admin
        )

    [items_data] => Array
        (
            [0] => Array
                (
                    [po_item_id] => 1093
                    [product_id] => 12487
                    [ordered_qty] => 500
                    [receive_qty] => 500
                    [unit_id] => 7
                    [recv_package_qty] => 50
                    [unit_price] => 0
                    [total_price] => 0
                    [lot_number] => 
                    [mfg_date] => 2026-01-13
                    [exp_date] => 2026-01-31
                    [pallet_count] => 0
                    [locations] => Array
                        (
                            [0] => Array
                                (
                                    [location_id] => 75
                                    [lot_number] => 
                                    [quantity] => 500
                                    [pallet_count] => 0
                                    [mfg_date] => 2026-01-13
                                    [exp_date] => 2026-01-31
                                    [condition] => ปกติ
                                    [note] => 
                                )

                        )

                )

        )

)

[13-Jan-2026 10:17:59 Asia/Bangkok] Starting saveReceiptEnhanced
[13-Jan-2026 10:17:59 Asia/Bangkok] Transaction started
[13-Jan-2026 10:17:59 Asia/Bangkok] PO Data: Array
(
    [po_id] => 1086
    [po_number] => po-12-1-26-0001
    [po_date] => 2026-01-12
    [total_amount] => 300000.00
    [delivery_date] => 
    [notes] => 
    [supplier_id] => 95
    [supplier_name] => บริษัท โตโยอิ๊งค์ (ประเทศไทย) จำกัด
    [warehouse_id] => 1
    [receipt_date] => 2026-01-13
    [invoice_no] => po-12-1-26-0001
    [received_by] => admin
)

[13-Jan-2026 10:17:59 Asia/Bangkok] Items: Array
(
    [0] => Array
        (
            [po_item_id] => 1093
            [product_id] => 12487
            [ordered_qty] => 500
            [receive_qty] => 500
            [unit_id] => 7
            [recv_package_qty] => 50
            [unit_price] => 0
            [total_price] => 0
            [lot_number] => 
            [mfg_date] => 2026-01-13
            [exp_date] => 2026-01-31
            [pallet_count] => 0
            [locations] => Array
                (
                    [0] => Array
                        (
                            [location_id] => 75
                            [lot_number] => 
                            [quantity] => 500
                            [pallet_count] => 0
                            [mfg_date] => 2026-01-13
                            [exp_date] => 2026-01-31
                            [condition] => ปกติ
                            [note] => 
                        )

                )

        )

)

[13-Jan-2026 10:17:59 Asia/Bangkok] Resolved PO_ID: 1086
[13-Jan-2026 10:17:59 Asia/Bangkok] Generated GR Number: GR202601130002
[13-Jan-2026 10:17:59 Asia/Bangkok] Received Status ID: 2
[13-Jan-2026 10:17:59 Asia/Bangkok] SQL: INSERT INTO Goods_Receipt (
            gr_number, po_id, receipt_date, warehouse_id,
            total_amount, status, received_by, notes,
            invoice_number, receipt_type, created_date
        ) VALUES (?, ?, ?, ?, ?, 'PENDING', ?, ?, ?, 'PO', GETDATE())
[13-Jan-2026 10:17:59 Asia/Bangkok] Insert params: Array
(
    [0] => GR202601130002
    [1] => 1086
    [2] => 2026-01-13
    [3] => 1
    [4] => 300000.00
    [5] => 1
    [6] => 
    [7] => po-12-1-26-0001
)

[13-Jan-2026 10:17:59 Asia/Bangkok] GR_ID: 131
[13-Jan-2026 10:17:59 Asia/Bangkok] Processing item 0: Array
(
    [po_item_id] => 1093
    [product_id] => 12487
    [ordered_qty] => 500
    [receive_qty] => 500
    [unit_id] => 7
    [recv_package_qty] => 50
    [unit_price] => 0
    [total_price] => 0
    [lot_number] => 
    [mfg_date] => 2026-01-13
    [exp_date] => 2026-01-31
    [pallet_count] => 0
    [locations] => Array
        (
            [0] => Array
                (
                    [location_id] => 75
                    [lot_number] => 
                    [quantity] => 500
                    [pallet_count] => 0
                    [mfg_date] => 2026-01-13
                    [exp_date] => 2026-01-31
                    [condition] => ปกติ
                    [note] => 
                )

        )

)

[13-Jan-2026 10:17:59 Asia/Bangkok] Using location_id: 75
[13-Jan-2026 10:17:59 Asia/Bangkok] Item params: Array
(
    [0] => 131
    [1] => 1093
    [2] => 12487
    [3] => 500
    [4] => 500
    [5] => 500
    [6] => 7
    [7] => 7
    [8] => 1
    [9] => 0
    [10] => 0
    [11] => 0
    [12] => 1
    [13] => 75
    [14] => 
    [15] => 
    [16] => 2026-01-13
    [17] => 2026-01-31
    [18] => 2026-01-31
    [19] => 2
)

[13-Jan-2026 10:17:59 Asia/Bangkok] GR_Item_ID: 127
[13-Jan-2026 10:17:59 Asia/Bangkok] Processing location 0: Array
(
    [location_id] => 75
    [lot_number] => 
    [quantity] => 500
    [pallet_count] => 0
    [mfg_date] => 2026-01-13
    [exp_date] => 2026-01-31
    [condition] => ปกติ
    [note] => 
)

[13-Jan-2026 10:17:59 Asia/Bangkok] PO Unit Check - PO Item ID: 1093
[13-Jan-2026 10:17:59 Asia/Bangkok]   Purchase Unit ID: 7
[13-Jan-2026 10:17:59 Asia/Bangkok]   Stock Unit ID: 7
[13-Jan-2026 10:17:59 Asia/Bangkok]   Received in Unit ID: 7
[13-Jan-2026 10:17:59 Asia/Bangkok]   Receive Qty: 500
[13-Jan-2026 10:17:59 Asia/Bangkok]   Conversion Factor: 1.000000
[13-Jan-2026 10:17:59 Asia/Bangkok]   ✅ Units match - no conversion needed
[13-Jan-2026 10:17:59 Asia/Bangkok]   Final receiveQtyForPO: 500
[13-Jan-2026 10:17:59 Asia/Bangkok] ✅ PO_Items updated successfully
[13-Jan-2026 10:17:59 Asia/Bangkok] Transaction committed successfully
[13-Jan-2026 10:17:59 Asia/Bangkok] Save result: Array
(
    [success] => 1
    [message] => บันทึกใบรับสินค้าเรียบร้อยแล้ว
    [gr_number] => GR202601130002
    [gr_id] => 131
)

[13-Jan-2026 10:19:59 Asia/Bangkok] PO Items count: 1
[13-Jan-2026 10:19:59 Asia/Bangkok] Item 0: quantity=400.0000, received=.0000, pending=.0000, unit_id=1
[13-Jan-2026 10:20:00 Asia/Bangkok] calculate_conversion: product=5612, from=1, to=4, qty=400
[13-Jan-2026 10:20:00 Asia/Bangkok] getConversionFactor called: product=5612, from=1, to=4
[13-Jan-2026 10:20:00 Asia/Bangkok] Unit codes: from=KG, to=SHEET
[13-Jan-2026 10:20:00 Asia/Bangkok] Paperboard calculation: W=800.00, L=675.00, GSM=400
[13-Jan-2026 10:20:00 Asia/Bangkok] Area: 0.54 m², kg/sheet: 0.216, sheets/kg: 4.6296296296296
[13-Jan-2026 10:20:00 Asia/Bangkok] Returning KG→SHEET: 4.6296296296296
[13-Jan-2026 10:20:00 Asia/Bangkok] Conversion result: 400 × 4.6296296296296 = 1851.8518518519
[13-Jan-2026 10:20:14 Asia/Bangkok] calculate_conversion: product=5612, from=1, to=4, qty=400
[13-Jan-2026 10:20:14 Asia/Bangkok] getConversionFactor called: product=5612, from=1, to=4
[13-Jan-2026 10:20:14 Asia/Bangkok] Unit codes: from=KG, to=SHEET
[13-Jan-2026 10:20:14 Asia/Bangkok] Paperboard calculation: W=800.00, L=675.00, GSM=400
[13-Jan-2026 10:20:14 Asia/Bangkok] Area: 0.54 m², kg/sheet: 0.216, sheets/kg: 4.6296296296296
[13-Jan-2026 10:20:14 Asia/Bangkok] Returning KG→SHEET: 4.6296296296296
[13-Jan-2026 10:20:14 Asia/Bangkok] Conversion result: 400 × 4.6296296296296 = 1851.8518518519
[13-Jan-2026 10:20:14 Asia/Bangkok] calculate_conversion: product=5612, from=4, to=1, qty=1852
[13-Jan-2026 10:20:14 Asia/Bangkok] getConversionFactor called: product=5612, from=4, to=1
[13-Jan-2026 10:20:14 Asia/Bangkok] Unit codes: from=SHEET, to=KG
[13-Jan-2026 10:20:14 Asia/Bangkok] Paperboard calculation: W=800.00, L=675.00, GSM=400
[13-Jan-2026 10:20:14 Asia/Bangkok] Area: 0.54 m², kg/sheet: 0.216, sheets/kg: 4.6296296296296
[13-Jan-2026 10:20:14 Asia/Bangkok] Returning SHEET→KG: 0.216
[13-Jan-2026 10:20:14 Asia/Bangkok] Conversion result: 1852 × 0.216 = 400.032
[13-Jan-2026 10:20:27 Asia/Bangkok] Received POST data: Array
(
)

[13-Jan-2026 10:20:27 Asia/Bangkok] Raw input: {"po_data":{"po_id":"1085","po_number":"test-po-07-01-0004","po_date":"2026-01-07","total_amount":"240000.00","delivery_date":null,"notes":"","supplier_id":"9","supplier_name":"\"Hansol Paper Co.,Ltd.\"","warehouse_id":"1","receipt_date":"2026-01-13","invoice_no":"test-po-07-01-0004","received_by":"admin"},"items_data":[{"po_item_id":"1092","product_id":"5612","ordered_qty":1852,"receive_qty":1852,"unit_id":4,"recv_package_qty":null,"unit_price":0,"total_price":0,"lot_number":null,"mfg_date":"2026-01-13","exp_date":"2026-01-31","pallet_count":1,"locations":[{"location_id":"178","lot_number":"","quantity":1852,"pallet_count":1,"mfg_date":"2026-01-13","exp_date":"2026-01-31","condition":"ปกติ","note":""}]}]}
[13-Jan-2026 10:20:27 Asia/Bangkok] Decoded data: Array
(
    [po_data] => Array
        (
            [po_id] => 1085
            [po_number] => test-po-07-01-0004
            [po_date] => 2026-01-07
            [total_amount] => 240000.00
            [delivery_date] => 
            [notes] => 
            [supplier_id] => 9
            [supplier_name] => "Hansol Paper Co.,Ltd."
            [warehouse_id] => 1
            [receipt_date] => 2026-01-13
            [invoice_no] => test-po-07-01-0004
            [received_by] => admin
        )

    [items_data] => Array
        (
            [0] => Array
                (
                    [po_item_id] => 1092
                    [product_id] => 5612
                    [ordered_qty] => 1852
                    [receive_qty] => 1852
                    [unit_id] => 4
                    [recv_package_qty] => 
                    [unit_price] => 0
                    [total_price] => 0
                    [lot_number] => 
                    [mfg_date] => 2026-01-13
                    [exp_date] => 2026-01-31
                    [pallet_count] => 1
                    [locations] => Array
                        (
                            [0] => Array
                                (
                                    [location_id] => 178
                                    [lot_number] => 
                                    [quantity] => 1852
                                    [pallet_count] => 1
                                    [mfg_date] => 2026-01-13
                                    [exp_date] => 2026-01-31
                                    [condition] => ปกติ
                                    [note] => 
                                )

                        )

                )

        )

)

[13-Jan-2026 10:20:27 Asia/Bangkok] Starting saveReceiptEnhanced
[13-Jan-2026 10:20:27 Asia/Bangkok] Transaction started
[13-Jan-2026 10:20:27 Asia/Bangkok] PO Data: Array
(
    [po_id] => 1085
    [po_number] => test-po-07-01-0004
    [po_date] => 2026-01-07
    [total_amount] => 240000.00
    [delivery_date] => 
    [notes] => 
    [supplier_id] => 9
    [supplier_name] => "Hansol Paper Co.,Ltd."
    [warehouse_id] => 1
    [receipt_date] => 2026-01-13
    [invoice_no] => test-po-07-01-0004
    [received_by] => admin
)

[13-Jan-2026 10:20:27 Asia/Bangkok] Items: Array
(
    [0] => Array
        (
            [po_item_id] => 1092
            [product_id] => 5612
            [ordered_qty] => 1852
            [receive_qty] => 1852
            [unit_id] => 4
            [recv_package_qty] => 
            [unit_price] => 0
            [total_price] => 0
            [lot_number] => 
            [mfg_date] => 2026-01-13
            [exp_date] => 2026-01-31
            [pallet_count] => 1
            [locations] => Array
                (
                    [0] => Array
                        (
                            [location_id] => 178
                            [lot_number] => 
                            [quantity] => 1852
                            [pallet_count] => 1
                            [mfg_date] => 2026-01-13
                            [exp_date] => 2026-01-31
                            [condition] => ปกติ
                            [note] => 
                        )

                )

        )

)

[13-Jan-2026 10:20:27 Asia/Bangkok] Resolved PO_ID: 1085
[13-Jan-2026 10:20:27 Asia/Bangkok] Generated GR Number: GR202601130003
[13-Jan-2026 10:20:27 Asia/Bangkok] Received Status ID: 2
[13-Jan-2026 10:20:27 Asia/Bangkok] SQL: INSERT INTO Goods_Receipt (
            gr_number, po_id, receipt_date, warehouse_id,
            total_amount, status, received_by, notes,
            invoice_number, receipt_type, created_date
        ) VALUES (?, ?, ?, ?, ?, 'PENDING', ?, ?, ?, 'PO', GETDATE())
[13-Jan-2026 10:20:27 Asia/Bangkok] Insert params: Array
(
    [0] => GR202601130003
    [1] => 1085
    [2] => 2026-01-13
    [3] => 1
    [4] => 240000.00
    [5] => 1
    [6] => 
    [7] => test-po-07-01-0004
)

[13-Jan-2026 10:20:27 Asia/Bangkok] GR_ID: 132
[13-Jan-2026 10:20:27 Asia/Bangkok] Processing item 0: Array
(
    [po_item_id] => 1092
    [product_id] => 5612
    [ordered_qty] => 1852
    [receive_qty] => 1852
    [unit_id] => 4
    [recv_package_qty] => 
    [unit_price] => 0
    [total_price] => 0
    [lot_number] => 
    [mfg_date] => 2026-01-13
    [exp_date] => 2026-01-31
    [pallet_count] => 1
    [locations] => Array
        (
            [0] => Array
                (
                    [location_id] => 178
                    [lot_number] => 
                    [quantity] => 1852
                    [pallet_count] => 1
                    [mfg_date] => 2026-01-13
                    [exp_date] => 2026-01-31
                    [condition] => ปกติ
                    [note] => 
                )

        )

)

[13-Jan-2026 10:20:27 Asia/Bangkok] Using location_id: 178
[13-Jan-2026 10:20:27 Asia/Bangkok] Item params: Array
(
    [0] => 132
    [1] => 1092
    [2] => 5612
    [3] => 1852
    [4] => 1852
    [5] => 1852
    [6] => 4
    [7] => 4
    [8] => 1
    [9] => 1
    [10] => 0
    [11] => 0
    [12] => 1
    [13] => 178
    [14] => 
    [15] => 
    [16] => 2026-01-13
    [17] => 2026-01-31
    [18] => 2026-01-31
    [19] => 2
)

[13-Jan-2026 10:20:27 Asia/Bangkok] GR_Item_ID: 128
[13-Jan-2026 10:20:27 Asia/Bangkok] Processing location 0: Array
(
    [location_id] => 178
    [lot_number] => 
    [quantity] => 1852
    [pallet_count] => 1
    [mfg_date] => 2026-01-13
    [exp_date] => 2026-01-31
    [condition] => ปกติ
    [note] => 
)

[13-Jan-2026 10:20:27 Asia/Bangkok] PO Unit Check - PO Item ID: 1092
[13-Jan-2026 10:20:27 Asia/Bangkok]   Purchase Unit ID: 1
[13-Jan-2026 10:20:27 Asia/Bangkok]   Stock Unit ID: 1
[13-Jan-2026 10:20:27 Asia/Bangkok]   Received in Unit ID: 4
[13-Jan-2026 10:20:27 Asia/Bangkok]   Receive Qty: 1852
[13-Jan-2026 10:20:27 Asia/Bangkok]   Conversion Factor: 1.000000
[13-Jan-2026 10:20:27 Asia/Bangkok]   ⚠️ WARNING: Unknown unit conversion scenario!
[13-Jan-2026 10:20:27 Asia/Bangkok]   Final receiveQtyForPO: 1852
[13-Jan-2026 10:20:27 Asia/Bangkok] ✅ PO_Items updated successfully
[13-Jan-2026 10:20:27 Asia/Bangkok] Transaction committed successfully
[13-Jan-2026 10:20:27 Asia/Bangkok] Save result: Array
(
    [success] => 1
    [message] => บันทึกใบรับสินค้าเรียบร้อยแล้ว
    [gr_number] => GR202601130003
    [gr_id] => 132
)

[13-Jan-2026 10:21:12 Asia/Bangkok] PO Items count: 1
[13-Jan-2026 10:21:12 Asia/Bangkok] Item 0: quantity=150.0000, received=.0000, pending=.0000, unit_id=7
[13-Jan-2026 10:21:50 Asia/Bangkok] Received POST data: Array
(
)

[13-Jan-2026 10:21:50 Asia/Bangkok] Raw input: {"po_data":{"po_id":"1078","po_number":"test-po-12-23-0001","po_date":"2025-12-23","total_amount":"7500.00","delivery_date":null,"notes":"","supplier_id":"95","supplier_name":"บริษัท โตโยอิ๊งค์ (ประเทศไทย) จำกัด","warehouse_id":"1","receipt_date":"2026-01-13","invoice_no":"test-po-12-23-0001","received_by":"admin"},"items_data":[{"po_item_id":"1084","product_id":"12501","ordered_qty":150,"receive_qty":150,"unit_id":7,"recv_package_qty":15,"unit_price":0,"total_price":0,"lot_number":"test-po-12-23-0001","mfg_date":"2026-01-01","exp_date":"2026-01-31","pallet_count":0,"locations":[{"location_id":"322","lot_number":"test-po-12-23-0001","quantity":150,"pallet_count":0,"mfg_date":"2026-01-01","exp_date":"2026-01-31","condition":"ปกติ","note":""}]}]}
[13-Jan-2026 10:21:50 Asia/Bangkok] Decoded data: Array
(
    [po_data] => Array
        (
            [po_id] => 1078
            [po_number] => test-po-12-23-0001
            [po_date] => 2025-12-23
            [total_amount] => 7500.00
            [delivery_date] => 
            [notes] => 
            [supplier_id] => 95
            [supplier_name] => บริษัท โตโยอิ๊งค์ (ประเทศไทย) จำกัด
            [warehouse_id] => 1
            [receipt_date] => 2026-01-13
            [invoice_no] => test-po-12-23-0001
            [received_by] => admin
        )

    [items_data] => Array
        (
            [0] => Array
                (
                    [po_item_id] => 1084
                    [product_id] => 12501
                    [ordered_qty] => 150
                    [receive_qty] => 150
                    [unit_id] => 7
                    [recv_package_qty] => 15
                    [unit_price] => 0
                    [total_price] => 0
                    [lot_number] => test-po-12-23-0001
                    [mfg_date] => 2026-01-01
                    [exp_date] => 2026-01-31
                    [pallet_count] => 0
                    [locations] => Array
                        (
                            [0] => Array
                                (
                                    [location_id] => 322
                                    [lot_number] => test-po-12-23-0001
                                    [quantity] => 150
                                    [pallet_count] => 0
                                    [mfg_date] => 2026-01-01
                                    [exp_date] => 2026-01-31
                                    [condition] => ปกติ
                                    [note] => 
                                )

                        )

                )

        )

)

[13-Jan-2026 10:21:50 Asia/Bangkok] Starting saveReceiptEnhanced
[13-Jan-2026 10:21:50 Asia/Bangkok] Transaction started
[13-Jan-2026 10:21:50 Asia/Bangkok] PO Data: Array
(
    [po_id] => 1078
    [po_number] => test-po-12-23-0001
    [po_date] => 2025-12-23
    [total_amount] => 7500.00
    [delivery_date] => 
    [notes] => 
    [supplier_id] => 95
    [supplier_name] => บริษัท โตโยอิ๊งค์ (ประเทศไทย) จำกัด
    [warehouse_id] => 1
    [receipt_date] => 2026-01-13
    [invoice_no] => test-po-12-23-0001
    [received_by] => admin
)

[13-Jan-2026 10:21:50 Asia/Bangkok] Items: Array
(
    [0] => Array
        (
            [po_item_id] => 1084
            [product_id] => 12501
            [ordered_qty] => 150
            [receive_qty] => 150
            [unit_id] => 7
            [recv_package_qty] => 15
            [unit_price] => 0
            [total_price] => 0
            [lot_number] => test-po-12-23-0001
            [mfg_date] => 2026-01-01
            [exp_date] => 2026-01-31
            [pallet_count] => 0
            [locations] => Array
                (
                    [0] => Array
                        (
                            [location_id] => 322
                            [lot_number] => test-po-12-23-0001
                            [quantity] => 150
                            [pallet_count] => 0
                            [mfg_date] => 2026-01-01
                            [exp_date] => 2026-01-31
                            [condition] => ปกติ
                            [note] => 
                        )

                )

        )

)

[13-Jan-2026 10:21:50 Asia/Bangkok] Resolved PO_ID: 1078
[13-Jan-2026 10:21:50 Asia/Bangkok] Generated GR Number: GR202601130004
[13-Jan-2026 10:21:50 Asia/Bangkok] Received Status ID: 2
[13-Jan-2026 10:21:50 Asia/Bangkok] SQL: INSERT INTO Goods_Receipt (
            gr_number, po_id, receipt_date, warehouse_id,
            total_amount, status, received_by, notes,
            invoice_number, receipt_type, created_date
        ) VALUES (?, ?, ?, ?, ?, 'PENDING', ?, ?, ?, 'PO', GETDATE())
[13-Jan-2026 10:21:50 Asia/Bangkok] Insert params: Array
(
    [0] => GR202601130004
    [1] => 1078
    [2] => 2026-01-13
    [3] => 1
    [4] => 7500.00
    [5] => 1
    [6] => 
    [7] => test-po-12-23-0001
)

[13-Jan-2026 10:21:50 Asia/Bangkok] GR_ID: 133
[13-Jan-2026 10:21:50 Asia/Bangkok] Processing item 0: Array
(
    [po_item_id] => 1084
    [product_id] => 12501
    [ordered_qty] => 150
    [receive_qty] => 150
    [unit_id] => 7
    [recv_package_qty] => 15
    [unit_price] => 0
    [total_price] => 0
    [lot_number] => test-po-12-23-0001
    [mfg_date] => 2026-01-01
    [exp_date] => 2026-01-31
    [pallet_count] => 0
    [locations] => Array
        (
            [0] => Array
                (
                    [location_id] => 322
                    [lot_number] => test-po-12-23-0001
                    [quantity] => 150
                    [pallet_count] => 0
                    [mfg_date] => 2026-01-01
                    [exp_date] => 2026-01-31
                    [condition] => ปกติ
                    [note] => 
                )

        )

)

[13-Jan-2026 10:21:50 Asia/Bangkok] Using location_id: 322
[13-Jan-2026 10:21:50 Asia/Bangkok] Item params: Array
(
    [0] => 133
    [1] => 1084
    [2] => 12501
    [3] => 150
    [4] => 150
    [5] => 150
    [6] => 7
    [7] => 7
    [8] => 1
    [9] => 0
    [10] => 0
    [11] => 0
    [12] => 1
    [13] => 322
    [14] => test-po-12-23-0001
    [15] => test-po-12-23-0001
    [16] => 2026-01-01
    [17] => 2026-01-31
    [18] => 2026-01-31
    [19] => 2
)

[13-Jan-2026 10:21:50 Asia/Bangkok] GR_Item_ID: 129
[13-Jan-2026 10:21:50 Asia/Bangkok] Processing location 0: Array
(
    [location_id] => 322
    [lot_number] => test-po-12-23-0001
    [quantity] => 150
    [pallet_count] => 0
    [mfg_date] => 2026-01-01
    [exp_date] => 2026-01-31
    [condition] => ปกติ
    [note] => 
)

[13-Jan-2026 10:21:50 Asia/Bangkok] PO Unit Check - PO Item ID: 1084
[13-Jan-2026 10:21:50 Asia/Bangkok]   Purchase Unit ID: 7
[13-Jan-2026 10:21:50 Asia/Bangkok]   Stock Unit ID: 7
[13-Jan-2026 10:21:50 Asia/Bangkok]   Received in Unit ID: 7
[13-Jan-2026 10:21:50 Asia/Bangkok]   Receive Qty: 150
[13-Jan-2026 10:21:50 Asia/Bangkok]   Conversion Factor: 1.000000
[13-Jan-2026 10:21:50 Asia/Bangkok]   ✅ Units match - no conversion needed
[13-Jan-2026 10:21:50 Asia/Bangkok]   Final receiveQtyForPO: 150
[13-Jan-2026 10:21:50 Asia/Bangkok] ✅ PO_Items updated successfully
[13-Jan-2026 10:21:50 Asia/Bangkok] Transaction committed successfully
[13-Jan-2026 10:21:50 Asia/Bangkok] Save result: Array
(
    [success] => 1
    [message] => บันทึกใบรับสินค้าเรียบร้อยแล้ว
    [gr_number] => GR202601130004
    [gr_id] => 133
)

[13-Jan-2026 10:38:35 Asia/Bangkok] PO Items count: 1
[13-Jan-2026 10:38:35 Asia/Bangkok] Item 0: quantity=200.0000, received=.0000, pending=.0000, unit_id=7
[13-Jan-2026 10:39:00 Asia/Bangkok] Received POST data: Array
(
)

[13-Jan-2026 10:39:00 Asia/Bangkok] Raw input: {"po_data":{"po_id":"1076","po_number":"test-po-12-16-0002","po_date":"2025-12-16","total_amount":"10000.00","delivery_date":null,"notes":"","supplier_id":"95","supplier_name":"บริษัท โตโยอิ๊งค์ (ประเทศไทย) จำกัด","warehouse_id":"1","receipt_date":"2026-01-13","invoice_no":"test-po-12-16-0002","received_by":"admin"},"items_data":[{"po_item_id":"1082","product_id":"12498","ordered_qty":200,"receive_qty":200,"unit_id":7,"recv_package_qty":20,"unit_price":0,"total_price":0,"lot_number":null,"mfg_date":null,"exp_date":null,"pallet_count":0,"locations":[{"location_id":"321","lot_number":"","quantity":200,"pallet_count":0,"mfg_date":null,"exp_date":null,"condition":"ปกติ","note":""}]}]}
[13-Jan-2026 10:39:00 Asia/Bangkok] Decoded data: Array
(
    [po_data] => Array
        (
            [po_id] => 1076
            [po_number] => test-po-12-16-0002
            [po_date] => 2025-12-16
            [total_amount] => 10000.00
            [delivery_date] => 
            [notes] => 
            [supplier_id] => 95
            [supplier_name] => บริษัท โตโยอิ๊งค์ (ประเทศไทย) จำกัด
            [warehouse_id] => 1
            [receipt_date] => 2026-01-13
            [invoice_no] => test-po-12-16-0002
            [received_by] => admin
        )

    [items_data] => Array
        (
            [0] => Array
                (
                    [po_item_id] => 1082
                    [product_id] => 12498
                    [ordered_qty] => 200
                    [receive_qty] => 200
                    [unit_id] => 7
                    [recv_package_qty] => 20
                    [unit_price] => 0
                    [total_price] => 0
                    [lot_number] => 
                    [mfg_date] => 
                    [exp_date] => 
                    [pallet_count] => 0
                    [locations] => Array
                        (
                            [0] => Array
                                (
                                    [location_id] => 321
                                    [lot_number] => 
                                    [quantity] => 200
                                    [pallet_count] => 0
                                    [mfg_date] => 
                                    [exp_date] => 
                                    [condition] => ปกติ
                                    [note] => 
                                )

                        )

                )

        )

)

[13-Jan-2026 10:39:00 Asia/Bangkok] Starting saveReceiptEnhanced
[13-Jan-2026 10:39:00 Asia/Bangkok] Transaction started
[13-Jan-2026 10:39:00 Asia/Bangkok] PO Data: Array
(
    [po_id] => 1076
    [po_number] => test-po-12-16-0002
    [po_date] => 2025-12-16
    [total_amount] => 10000.00
    [delivery_date] => 
    [notes] => 
    [supplier_id] => 95
    [supplier_name] => บริษัท โตโยอิ๊งค์ (ประเทศไทย) จำกัด
    [warehouse_id] => 1
    [receipt_date] => 2026-01-13
    [invoice_no] => test-po-12-16-0002
    [received_by] => admin
)

[13-Jan-2026 10:39:00 Asia/Bangkok] Items: Array
(
    [0] => Array
        (
            [po_item_id] => 1082
            [product_id] => 12498
            [ordered_qty] => 200
            [receive_qty] => 200
            [unit_id] => 7
            [recv_package_qty] => 20
            [unit_price] => 0
            [total_price] => 0
            [lot_number] => 
            [mfg_date] => 
            [exp_date] => 
            [pallet_count] => 0
            [locations] => Array
                (
                    [0] => Array
                        (
                            [location_id] => 321
                            [lot_number] => 
                            [quantity] => 200
                            [pallet_count] => 0
                            [mfg_date] => 
                            [exp_date] => 
                            [condition] => ปกติ
                            [note] => 
                        )

                )

        )

)

[13-Jan-2026 10:39:00 Asia/Bangkok] Resolved PO_ID: 1076
[13-Jan-2026 10:39:00 Asia/Bangkok] Generated GR Number: GR202601130005
[13-Jan-2026 10:39:00 Asia/Bangkok] Received Status ID: 2
[13-Jan-2026 10:39:00 Asia/Bangkok] SQL: INSERT INTO Goods_Receipt (
            gr_number, po_id, receipt_date, warehouse_id,
            total_amount, status, received_by, notes,
            invoice_number, receipt_type, created_date
        ) VALUES (?, ?, ?, ?, ?, 'PENDING', ?, ?, ?, 'PO', GETDATE())
[13-Jan-2026 10:39:00 Asia/Bangkok] Insert params: Array
(
    [0] => GR202601130005
    [1] => 1076
    [2] => 2026-01-13
    [3] => 1
    [4] => 10000.00
    [5] => 1
    [6] => 
    [7] => test-po-12-16-0002
)

[13-Jan-2026 10:39:00 Asia/Bangkok] GR_ID: 134
[13-Jan-2026 10:39:00 Asia/Bangkok] Processing item 0: Array
(
    [po_item_id] => 1082
    [product_id] => 12498
    [ordered_qty] => 200
    [receive_qty] => 200
    [unit_id] => 7
    [recv_package_qty] => 20
    [unit_price] => 0
    [total_price] => 0
    [lot_number] => 
    [mfg_date] => 
    [exp_date] => 
    [pallet_count] => 0
    [locations] => Array
        (
            [0] => Array
                (
                    [location_id] => 321
                    [lot_number] => 
                    [quantity] => 200
                    [pallet_count] => 0
                    [mfg_date] => 
                    [exp_date] => 
                    [condition] => ปกติ
                    [note] => 
                )

        )

)

[13-Jan-2026 10:39:00 Asia/Bangkok] Using location_id: 321
[13-Jan-2026 10:39:00 Asia/Bangkok] Item params: Array
(
    [0] => 134
    [1] => 1082
    [2] => 12498
    [3] => 200
    [4] => 200
    [5] => 200
    [6] => 7
    [7] => 7
    [8] => 1
    [9] => 0
    [10] => 0
    [11] => 0
    [12] => 1
    [13] => 321
    [14] => 
    [15] => 
    [16] => 
    [17] => 
    [18] => 
    [19] => 2
)

[13-Jan-2026 10:39:00 Asia/Bangkok] GR_Item_ID: 130
[13-Jan-2026 10:39:00 Asia/Bangkok] Processing location 0: Array
(
    [location_id] => 321
    [lot_number] => 
    [quantity] => 200
    [pallet_count] => 0
    [mfg_date] => 
    [exp_date] => 
    [condition] => ปกติ
    [note] => 
)

[13-Jan-2026 10:39:00 Asia/Bangkok] PO Unit Check - PO Item ID: 1082
[13-Jan-2026 10:39:00 Asia/Bangkok]   Purchase Unit ID: 7
[13-Jan-2026 10:39:00 Asia/Bangkok]   Stock Unit ID: 7
[13-Jan-2026 10:39:00 Asia/Bangkok]   Received in Unit ID: 7
[13-Jan-2026 10:39:00 Asia/Bangkok]   Receive Qty: 200
[13-Jan-2026 10:39:00 Asia/Bangkok]   Conversion Factor: 1.000000
[13-Jan-2026 10:39:00 Asia/Bangkok]   ✅ Units match - no conversion needed
[13-Jan-2026 10:39:00 Asia/Bangkok]   Final receiveQtyForPO: 200
[13-Jan-2026 10:39:00 Asia/Bangkok] ✅ PO_Items updated successfully
[13-Jan-2026 10:39:00 Asia/Bangkok] Transaction committed successfully
[13-Jan-2026 10:39:00 Asia/Bangkok] Save result: Array
(
    [success] => 1
    [message] => บันทึกใบรับสินค้าเรียบร้อยแล้ว
    [gr_number] => GR202601130005
    [gr_id] => 134
)

[13-Jan-2026 10:39:55 Asia/Bangkok] PO Items count: 1
[13-Jan-2026 10:39:55 Asia/Bangkok] Item 0: quantity=200.0000, received=200.0000, pending=.0000, unit_id=7
[13-Jan-2026 10:40:09 Asia/Bangkok] PO Items count: 1
[13-Jan-2026 10:40:09 Asia/Bangkok] Item 0: quantity=200.0000, received=200.0000, pending=.0000, unit_id=7
[13-Jan-2026 10:40:32 Asia/Bangkok] PO Items count: 1
[13-Jan-2026 10:40:32 Asia/Bangkok] Item 0: quantity=75.0000, received=.0000, pending=.0000, unit_id=7
[13-Jan-2026 15:38:49 Asia/Bangkok] PO Items count: 1
[13-Jan-2026 15:38:49 Asia/Bangkok] Item 0: quantity=75.0000, received=.0000, pending=.0000, unit_id=7
[13-Jan-2026 15:49:09 Asia/Bangkok] PO Items count: 1
[13-Jan-2026 15:49:09 Asia/Bangkok] Item 0: quantity=75.0000, received=.0000, pending=.0000, unit_id=7
[13-Jan-2026 15:56:57 Asia/Bangkok] PO Items count: 2
[13-Jan-2026 15:56:57 Asia/Bangkok] Item 0: quantity=1000.0000, received=.0000, pending=.0000, unit_id=4
[13-Jan-2026 15:56:57 Asia/Bangkok] Item 1: quantity=500.0000, received=.0000, pending=.0000, unit_id=1
[13-Jan-2026 15:56:58 Asia/Bangkok] calculate_conversion: product=834, from=4, to=1, qty=1000
[13-Jan-2026 15:56:58 Asia/Bangkok] getConversionFactor called: product=834, from=4, to=1
[13-Jan-2026 15:56:58 Asia/Bangkok] Unit codes: from=SHEET, to=KG
[13-Jan-2026 15:56:58 Asia/Bangkok] No paperboard data found or incomplete data
[13-Jan-2026 15:56:58 Asia/Bangkok] No conversion found, returning 1.0
[13-Jan-2026 15:56:58 Asia/Bangkok] Conversion result: 1000 × 1 = 1000
[13-Jan-2026 15:56:58 Asia/Bangkok] calculate_conversion: product=5614, from=1, to=4, qty=500
[13-Jan-2026 15:56:58 Asia/Bangkok] getConversionFactor called: product=5614, from=1, to=4
[13-Jan-2026 15:56:58 Asia/Bangkok] Unit codes: from=KG, to=SHEET
[13-Jan-2026 15:56:58 Asia/Bangkok] Paperboard calculation: W=750.00, L=648.00, GSM=350
[13-Jan-2026 15:56:58 Asia/Bangkok] Area: 0.486 m², kg/sheet: 0.1701, sheets/kg: 5.8788947677837
[13-Jan-2026 15:56:58 Asia/Bangkok] Returning KG→SHEET: 5.8788947677837
[13-Jan-2026 15:56:58 Asia/Bangkok] Conversion result: 500 × 5.8788947677837 = 2939.4473838918
[13-Jan-2026 15:56:58 Asia/Bangkok] calculate_conversion: product=834, from=1, to=4, qty=1000
[13-Jan-2026 15:56:58 Asia/Bangkok] getConversionFactor called: product=834, from=1, to=4
[13-Jan-2026 15:56:58 Asia/Bangkok] Unit codes: from=KG, to=SHEET
[13-Jan-2026 15:56:58 Asia/Bangkok] No paperboard data found or incomplete data
[13-Jan-2026 15:56:58 Asia/Bangkok] No conversion found, returning 1.0
[13-Jan-2026 15:56:58 Asia/Bangkok] Conversion result: 1000 × 1 = 1000
[13-Jan-2026 15:57:25 Asia/Bangkok] calculate_conversion: product=834, from=4, to=1, qty=1000
[13-Jan-2026 15:57:25 Asia/Bangkok] getConversionFactor called: product=834, from=4, to=1
[13-Jan-2026 15:57:25 Asia/Bangkok] Unit codes: from=SHEET, to=KG
[13-Jan-2026 15:57:25 Asia/Bangkok] No paperboard data found or incomplete data
[13-Jan-2026 15:57:25 Asia/Bangkok] No conversion found, returning 1.0
[13-Jan-2026 15:57:25 Asia/Bangkok] Conversion result: 1000 × 1 = 1000
[13-Jan-2026 15:57:36 Asia/Bangkok] Received POST data: Array
(
)

[13-Jan-2026 15:57:36 Asia/Bangkok] Raw input: {"po_data":{"po_id":"1098","po_number":"test-po-mat-13-1-26-0001","po_date":"2026-01-12","total_amount":"55000.00","delivery_date":null,"notes":"","supplier_id":"9","supplier_name":"\"Hansol Paper Co.,Ltd.\"","warehouse_id":"1","receipt_date":"2026-01-13","invoice_no":"test-po-mat-13-1-26-0001","received_by":"admin"},"items_data":[{"po_item_id":"1098","product_id":"834","ordered_qty":1000,"receive_qty":1000,"unit_id":4,"recv_package_qty":null,"unit_price":0,"total_price":0,"lot_number":"test-po-mat-13-1-26-0001-1","mfg_date":"2026-01-01","exp_date":"2026-01-31","pallet_count":2,"locations":[{"location_id":"302","lot_number":"test-po-mat-13-1-26-0001-1","quantity":1000,"pallet_count":2,"mfg_date":"2026-01-01","exp_date":"2026-01-31","condition":"ปกติ","note":""}]}]}
[13-Jan-2026 15:57:36 Asia/Bangkok] Decoded data: Array
(
    [po_data] => Array
        (
            [po_id] => 1098
            [po_number] => test-po-mat-13-1-26-0001
            [po_date] => 2026-01-12
            [total_amount] => 55000.00
            [delivery_date] => 
            [notes] => 
            [supplier_id] => 9
            [supplier_name] => "Hansol Paper Co.,Ltd."
            [warehouse_id] => 1
            [receipt_date] => 2026-01-13
            [invoice_no] => test-po-mat-13-1-26-0001
            [received_by] => admin
        )

    [items_data] => Array
        (
            [0] => Array
                (
                    [po_item_id] => 1098
                    [product_id] => 834
                    [ordered_qty] => 1000
                    [receive_qty] => 1000
                    [unit_id] => 4
                    [recv_package_qty] => 
                    [unit_price] => 0
                    [total_price] => 0
                    [lot_number] => test-po-mat-13-1-26-0001-1
                    [mfg_date] => 2026-01-01
                    [exp_date] => 2026-01-31
                    [pallet_count] => 2
                    [locations] => Array
                        (
                            [0] => Array
                                (
                                    [location_id] => 302
                                    [lot_number] => test-po-mat-13-1-26-0001-1
                                    [quantity] => 1000
                                    [pallet_count] => 2
                                    [mfg_date] => 2026-01-01
                                    [exp_date] => 2026-01-31
                                    [condition] => ปกติ
                                    [note] => 
                                )

                        )

                )

        )

)

[13-Jan-2026 15:57:36 Asia/Bangkok] Starting saveReceiptEnhanced
[13-Jan-2026 15:57:36 Asia/Bangkok] Transaction started
[13-Jan-2026 15:57:36 Asia/Bangkok] PO Data: Array
(
    [po_id] => 1098
    [po_number] => test-po-mat-13-1-26-0001
    [po_date] => 2026-01-12
    [total_amount] => 55000.00
    [delivery_date] => 
    [notes] => 
    [supplier_id] => 9
    [supplier_name] => "Hansol Paper Co.,Ltd."
    [warehouse_id] => 1
    [receipt_date] => 2026-01-13
    [invoice_no] => test-po-mat-13-1-26-0001
    [received_by] => admin
)

[13-Jan-2026 15:57:36 Asia/Bangkok] Items: Array
(
    [0] => Array
        (
            [po_item_id] => 1098
            [product_id] => 834
            [ordered_qty] => 1000
            [receive_qty] => 1000
            [unit_id] => 4
            [recv_package_qty] => 
            [unit_price] => 0
            [total_price] => 0
            [lot_number] => test-po-mat-13-1-26-0001-1
            [mfg_date] => 2026-01-01
            [exp_date] => 2026-01-31
            [pallet_count] => 2
            [locations] => Array
                (
                    [0] => Array
                        (
                            [location_id] => 302
                            [lot_number] => test-po-mat-13-1-26-0001-1
                            [quantity] => 1000
                            [pallet_count] => 2
                            [mfg_date] => 2026-01-01
                            [exp_date] => 2026-01-31
                            [condition] => ปกติ
                            [note] => 
                        )

                )

        )

)

[13-Jan-2026 15:57:36 Asia/Bangkok] Resolved PO_ID: 1098
[13-Jan-2026 15:57:36 Asia/Bangkok] Generated GR Number: GR202601130006
[13-Jan-2026 15:57:36 Asia/Bangkok] Received Status ID: 2
[13-Jan-2026 15:57:36 Asia/Bangkok] SQL: INSERT INTO Goods_Receipt (
            gr_number, po_id, receipt_date, warehouse_id,
            total_amount, status, received_by, notes,
            invoice_number, receipt_type, created_date
        ) VALUES (?, ?, ?, ?, ?, 'PENDING', ?, ?, ?, 'PO', GETDATE())
[13-Jan-2026 15:57:36 Asia/Bangkok] Insert params: Array
(
    [0] => GR202601130006
    [1] => 1098
    [2] => 2026-01-13
    [3] => 1
    [4] => 55000.00
    [5] => 1
    [6] => 
    [7] => test-po-mat-13-1-26-0001
)

[13-Jan-2026 15:57:36 Asia/Bangkok] GR_ID: 135
[13-Jan-2026 15:57:36 Asia/Bangkok] Processing item 0: Array
(
    [po_item_id] => 1098
    [product_id] => 834
    [ordered_qty] => 1000
    [receive_qty] => 1000
    [unit_id] => 4
    [recv_package_qty] => 
    [unit_price] => 0
    [total_price] => 0
    [lot_number] => test-po-mat-13-1-26-0001-1
    [mfg_date] => 2026-01-01
    [exp_date] => 2026-01-31
    [pallet_count] => 2
    [locations] => Array
        (
            [0] => Array
                (
                    [location_id] => 302
                    [lot_number] => test-po-mat-13-1-26-0001-1
                    [quantity] => 1000
                    [pallet_count] => 2
                    [mfg_date] => 2026-01-01
                    [exp_date] => 2026-01-31
                    [condition] => ปกติ
                    [note] => 
                )

        )

)

[13-Jan-2026 15:57:36 Asia/Bangkok] Using location_id: 302
[13-Jan-2026 15:57:36 Asia/Bangkok] Item params: Array
(
    [0] => 135
    [1] => 1098
    [2] => 834
    [3] => 1000
    [4] => 1000
    [5] => 1000
    [6] => 4
    [7] => 4
    [8] => 1
    [9] => 2
    [10] => 0
    [11] => 0
    [12] => 1
    [13] => 302
    [14] => test-po-mat-13-1-26-0001-1
    [15] => test-po-mat-13-1-26-0001-1
    [16] => 2026-01-01
    [17] => 2026-01-31
    [18] => 2026-01-31
    [19] => 2
)

[13-Jan-2026 15:57:36 Asia/Bangkok] GR_Item_ID: 131
[13-Jan-2026 15:57:36 Asia/Bangkok] Processing location 0: Array
(
    [location_id] => 302
    [lot_number] => test-po-mat-13-1-26-0001-1
    [quantity] => 1000
    [pallet_count] => 2
    [mfg_date] => 2026-01-01
    [exp_date] => 2026-01-31
    [condition] => ปกติ
    [note] => 
)

[13-Jan-2026 15:57:36 Asia/Bangkok] PO Unit Check - PO Item ID: 1098
[13-Jan-2026 15:57:36 Asia/Bangkok]   Purchase Unit ID: 4
[13-Jan-2026 15:57:36 Asia/Bangkok]   Stock Unit ID: 4
[13-Jan-2026 15:57:36 Asia/Bangkok]   Received in Unit ID: 4
[13-Jan-2026 15:57:36 Asia/Bangkok]   Receive Qty: 1000
[13-Jan-2026 15:57:36 Asia/Bangkok]   Conversion Factor: 1.000000
[13-Jan-2026 15:57:36 Asia/Bangkok]   ✅ Units match - no conversion needed
[13-Jan-2026 15:57:36 Asia/Bangkok]   Final receiveQtyForPO: 1000
[13-Jan-2026 15:57:36 Asia/Bangkok] ✅ PO_Items updated successfully
[13-Jan-2026 15:57:36 Asia/Bangkok] Transaction committed successfully
[13-Jan-2026 15:57:36 Asia/Bangkok] Save result: Array
(
    [success] => 1
    [message] => บันทึกใบรับสินค้าเรียบร้อยแล้ว
    [gr_number] => GR202601130006
    [gr_id] => 135
)

[13-Jan-2026 15:57:56 Asia/Bangkok] PO Items count: 2
[13-Jan-2026 15:57:56 Asia/Bangkok] Item 0: quantity=1000.0000, received=1000.0000, pending=.0000, unit_id=4
[13-Jan-2026 15:57:56 Asia/Bangkok] Item 1: quantity=500.0000, received=.0000, pending=.0000, unit_id=1
[13-Jan-2026 15:57:57 Asia/Bangkok] calculate_conversion: product=834, from=4, to=1, qty=1000
[13-Jan-2026 15:57:57 Asia/Bangkok] getConversionFactor called: product=834, from=4, to=1
[13-Jan-2026 15:57:57 Asia/Bangkok] Unit codes: from=SHEET, to=KG
[13-Jan-2026 15:57:57 Asia/Bangkok] No paperboard data found or incomplete data
[13-Jan-2026 15:57:57 Asia/Bangkok] No conversion found, returning 1.0
[13-Jan-2026 15:57:57 Asia/Bangkok] Conversion result: 1000 × 1 = 1000
[13-Jan-2026 15:57:57 Asia/Bangkok] calculate_conversion: product=5614, from=1, to=4, qty=500
[13-Jan-2026 15:57:57 Asia/Bangkok] getConversionFactor called: product=5614, from=1, to=4
[13-Jan-2026 15:57:57 Asia/Bangkok] Unit codes: from=KG, to=SHEET
[13-Jan-2026 15:57:57 Asia/Bangkok] Paperboard calculation: W=750.00, L=648.00, GSM=350
[13-Jan-2026 15:57:57 Asia/Bangkok] Area: 0.486 m², kg/sheet: 0.1701, sheets/kg: 5.8788947677837
[13-Jan-2026 15:57:57 Asia/Bangkok] Returning KG→SHEET: 5.8788947677837
[13-Jan-2026 15:57:57 Asia/Bangkok] Conversion result: 500 × 5.8788947677837 = 2939.4473838918
[13-Jan-2026 15:57:57 Asia/Bangkok] calculate_conversion: product=834, from=1, to=4, qty=1000
[13-Jan-2026 15:57:57 Asia/Bangkok] getConversionFactor called: product=834, from=1, to=4
[13-Jan-2026 15:57:57 Asia/Bangkok] Unit codes: from=KG, to=SHEET
[13-Jan-2026 15:57:57 Asia/Bangkok] No paperboard data found or incomplete data
[13-Jan-2026 15:57:57 Asia/Bangkok] No conversion found, returning 1.0
[13-Jan-2026 15:57:57 Asia/Bangkok] Conversion result: 1000 × 1 = 1000
[13-Jan-2026 16:27:35 Asia/Bangkok] PO Items count: 2
[13-Jan-2026 16:27:35 Asia/Bangkok] Item 0: quantity=1000.0000, received=1000.0000, pending=.0000, unit_id=4
[13-Jan-2026 16:27:35 Asia/Bangkok] Item 1: quantity=500.0000, received=.0000, pending=.0000, unit_id=1
[13-Jan-2026 16:27:36 Asia/Bangkok] calculate_conversion: product=5614, from=1, to=4, qty=500
[13-Jan-2026 16:27:36 Asia/Bangkok] getConversionFactor called: product=5614, from=1, to=4
[13-Jan-2026 16:27:36 Asia/Bangkok] Unit codes: from=KG, to=SHEET
[13-Jan-2026 16:27:36 Asia/Bangkok] Paperboard calculation: W=750.00, L=648.00, GSM=350
[13-Jan-2026 16:27:36 Asia/Bangkok] Area: 0.486 m², kg/sheet: 0.1701, sheets/kg: 5.8788947677837
[13-Jan-2026 16:27:36 Asia/Bangkok] Returning KG→SHEET: 5.8788947677837
[13-Jan-2026 16:27:36 Asia/Bangkok] Conversion result: 500 × 5.8788947677837 = 2939.4473838918
[13-Jan-2026 16:28:15 Asia/Bangkok] PO Items count: 1
[13-Jan-2026 16:28:15 Asia/Bangkok] Item 0: quantity=500.0000, received=500.0000, pending=.0000, unit_id=7
[14-Jan-2026 15:40:56 Asia/Bangkok] PO Items count: 2
[14-Jan-2026 15:40:56 Asia/Bangkok] Item 0: quantity=1000.0000, received=.0000, pending=.0000, unit_id=4
[14-Jan-2026 15:40:56 Asia/Bangkok] Item 1: quantity=2000.0000, received=.0000, pending=.0000, unit_id=4
[14-Jan-2026 15:40:57 Asia/Bangkok] calculate_conversion: product=833, from=4, to=1, qty=1000
[14-Jan-2026 15:40:57 Asia/Bangkok] getConversionFactor called: product=833, from=4, to=1
[14-Jan-2026 15:40:57 Asia/Bangkok] Unit codes: from=SHEET, to=KG
[14-Jan-2026 15:40:57 Asia/Bangkok] No paperboard data found or incomplete data
[14-Jan-2026 15:40:57 Asia/Bangkok] No conversion found, returning 1.0
[14-Jan-2026 15:40:57 Asia/Bangkok] Conversion result: 1000 × 1 = 1000
[14-Jan-2026 15:40:57 Asia/Bangkok] calculate_conversion: product=5620, from=4, to=1, qty=2000
[14-Jan-2026 15:40:57 Asia/Bangkok] getConversionFactor called: product=5620, from=4, to=1
[14-Jan-2026 15:40:57 Asia/Bangkok] Unit codes: from=SHEET, to=KG
[14-Jan-2026 15:40:57 Asia/Bangkok] Paperboard calculation: W=788.00, L=1092.00, GSM=400
[14-Jan-2026 15:40:57 Asia/Bangkok] Area: 0.860496 m², kg/sheet: 0.3441984, sheets/kg: 2.9053011286514
[14-Jan-2026 15:40:57 Asia/Bangkok] Returning SHEET→KG: 0.3441984
[14-Jan-2026 15:40:57 Asia/Bangkok] Conversion result: 2000 × 0.3441984 = 688.3968
[14-Jan-2026 15:40:57 Asia/Bangkok] calculate_conversion: product=833, from=1, to=4, qty=1000
[14-Jan-2026 15:40:57 Asia/Bangkok] getConversionFactor called: product=833, from=1, to=4
[14-Jan-2026 15:40:57 Asia/Bangkok] Unit codes: from=KG, to=SHEET
[14-Jan-2026 15:40:57 Asia/Bangkok] No paperboard data found or incomplete data
[14-Jan-2026 15:40:57 Asia/Bangkok] No conversion found, returning 1.0
[14-Jan-2026 15:40:57 Asia/Bangkok] Conversion result: 1000 × 1 = 1000
[14-Jan-2026 15:40:57 Asia/Bangkok] calculate_conversion: product=5620, from=1, to=4, qty=688.3968
[14-Jan-2026 15:40:57 Asia/Bangkok] getConversionFactor called: product=5620, from=1, to=4
[14-Jan-2026 15:40:57 Asia/Bangkok] Unit codes: from=KG, to=SHEET
[14-Jan-2026 15:40:57 Asia/Bangkok] Paperboard calculation: W=788.00, L=1092.00, GSM=400
[14-Jan-2026 15:40:57 Asia/Bangkok] Area: 0.860496 m², kg/sheet: 0.3441984, sheets/kg: 2.9053011286514
[14-Jan-2026 15:40:57 Asia/Bangkok] Returning KG→SHEET: 2.9053011286514
[14-Jan-2026 15:40:57 Asia/Bangkok] Conversion result: 688.3968 × 2.9053011286514 = 2000
[14-Jan-2026 15:41:10 Asia/Bangkok] calculate_conversion: product=833, from=4, to=1, qty=1000
[14-Jan-2026 15:41:10 Asia/Bangkok] getConversionFactor called: product=833, from=4, to=1
[14-Jan-2026 15:41:10 Asia/Bangkok] Unit codes: from=SHEET, to=KG
[14-Jan-2026 15:41:10 Asia/Bangkok] No paperboard data found or incomplete data
[14-Jan-2026 15:41:10 Asia/Bangkok] No conversion found, returning 1.0
[14-Jan-2026 15:41:10 Asia/Bangkok] Conversion result: 1000 × 1 = 1000
[14-Jan-2026 15:44:28 Asia/Bangkok] PO Items count: 1
[14-Jan-2026 15:44:28 Asia/Bangkok] Item 0: quantity=2000.0000, received=.0000, pending=.0000, unit_id=4
[14-Jan-2026 15:44:29 Asia/Bangkok] calculate_conversion: product=5613, from=4, to=1, qty=2000
[14-Jan-2026 15:44:29 Asia/Bangkok] getConversionFactor called: product=5613, from=4, to=1
[14-Jan-2026 15:44:29 Asia/Bangkok] Unit codes: from=SHEET, to=KG
[14-Jan-2026 15:44:29 Asia/Bangkok] Paperboard calculation: W=750.00, L=648.00, GSM=350
[14-Jan-2026 15:44:29 Asia/Bangkok] Area: 0.486 m², kg/sheet: 0.1701, sheets/kg: 5.8788947677837
[14-Jan-2026 15:44:29 Asia/Bangkok] Returning SHEET→KG: 0.1701
[14-Jan-2026 15:44:29 Asia/Bangkok] Conversion result: 2000 × 0.1701 = 340.2
[14-Jan-2026 15:44:29 Asia/Bangkok] calculate_conversion: product=5613, from=1, to=4, qty=340.2
[14-Jan-2026 15:44:29 Asia/Bangkok] getConversionFactor called: product=5613, from=1, to=4
[14-Jan-2026 15:44:29 Asia/Bangkok] Unit codes: from=KG, to=SHEET
[14-Jan-2026 15:44:29 Asia/Bangkok] Paperboard calculation: W=750.00, L=648.00, GSM=350
[14-Jan-2026 15:44:29 Asia/Bangkok] Area: 0.486 m², kg/sheet: 0.1701, sheets/kg: 5.8788947677837
[14-Jan-2026 15:44:29 Asia/Bangkok] Returning KG→SHEET: 5.8788947677837
[14-Jan-2026 15:44:29 Asia/Bangkok] Conversion result: 340.2 × 5.8788947677837 = 2000
[14-Jan-2026 15:44:36 Asia/Bangkok] calculate_conversion: product=5613, from=4, to=1, qty=2000
[14-Jan-2026 15:44:36 Asia/Bangkok] getConversionFactor called: product=5613, from=4, to=1
[14-Jan-2026 15:44:36 Asia/Bangkok] Unit codes: from=SHEET, to=KG
[14-Jan-2026 15:44:36 Asia/Bangkok] Paperboard calculation: W=750.00, L=648.00, GSM=350
[14-Jan-2026 15:44:36 Asia/Bangkok] Area: 0.486 m², kg/sheet: 0.1701, sheets/kg: 5.8788947677837
[14-Jan-2026 15:44:36 Asia/Bangkok] Returning SHEET→KG: 0.1701
[14-Jan-2026 15:44:36 Asia/Bangkok] Conversion result: 2000 × 0.1701 = 340.2
[14-Jan-2026 15:45:00 Asia/Bangkok] Received POST data: Array
(
)

[14-Jan-2026 15:45:00 Asia/Bangkok] Raw input: {"po_data":{"po_id":"1106","po_number":"test-po-MAT-14-1-26-0006","po_date":"2026-01-14","total_amount":"10000.00","delivery_date":null,"notes":"","supplier_id":"9","supplier_name":"\"Hansol Paper Co.,Ltd.\"","warehouse_id":"1","receipt_date":"2026-01-14","invoice_no":"test-po-MAT-14-1-26-0006","received_by":"admin"},"items_data":[{"po_item_id":"1107","product_id":"5613","ordered_qty":2000,"receive_qty":2000,"unit_id":4,"recv_package_qty":null,"unit_price":0,"total_price":0,"lot_number":"test-po-MAT-14-1-26-0006","mfg_date":"2026-01-01","exp_date":"2026-01-31","pallet_count":2,"locations":[{"location_id":"321","lot_number":"test-po-MAT-14-1-26-0006","quantity":2000,"pallet_count":2,"mfg_date":"2026-01-01","exp_date":"2026-01-31","condition":"ปกติ","note":""}]}]}
[14-Jan-2026 15:45:00 Asia/Bangkok] Decoded data: Array
(
    [po_data] => Array
        (
            [po_id] => 1106
            [po_number] => test-po-MAT-14-1-26-0006
            [po_date] => 2026-01-14
            [total_amount] => 10000.00
            [delivery_date] => 
            [notes] => 
            [supplier_id] => 9
            [supplier_name] => "Hansol Paper Co.,Ltd."
            [warehouse_id] => 1
            [receipt_date] => 2026-01-14
            [invoice_no] => test-po-MAT-14-1-26-0006
            [received_by] => admin
        )

    [items_data] => Array
        (
            [0] => Array
                (
                    [po_item_id] => 1107
                    [product_id] => 5613
                    [ordered_qty] => 2000
                    [receive_qty] => 2000
                    [unit_id] => 4
                    [recv_package_qty] => 
                    [unit_price] => 0
                    [total_price] => 0
                    [lot_number] => test-po-MAT-14-1-26-0006
                    [mfg_date] => 2026-01-01
                    [exp_date] => 2026-01-31
                    [pallet_count] => 2
                    [locations] => Array
                        (
                            [0] => Array
                                (
                                    [location_id] => 321
                                    [lot_number] => test-po-MAT-14-1-26-0006
                                    [quantity] => 2000
                                    [pallet_count] => 2
                                    [mfg_date] => 2026-01-01
                                    [exp_date] => 2026-01-31
                                    [condition] => ปกติ
                                    [note] => 
                                )

                        )

                )

        )

)

[14-Jan-2026 15:45:00 Asia/Bangkok] Starting saveReceiptEnhanced
[14-Jan-2026 15:45:00 Asia/Bangkok] Transaction started
[14-Jan-2026 15:45:00 Asia/Bangkok] PO Data: Array
(
    [po_id] => 1106
    [po_number] => test-po-MAT-14-1-26-0006
    [po_date] => 2026-01-14
    [total_amount] => 10000.00
    [delivery_date] => 
    [notes] => 
    [supplier_id] => 9
    [supplier_name] => "Hansol Paper Co.,Ltd."
    [warehouse_id] => 1
    [receipt_date] => 2026-01-14
    [invoice_no] => test-po-MAT-14-1-26-0006
    [received_by] => admin
)

[14-Jan-2026 15:45:00 Asia/Bangkok] Items: Array
(
    [0] => Array
        (
            [po_item_id] => 1107
            [product_id] => 5613
            [ordered_qty] => 2000
            [receive_qty] => 2000
            [unit_id] => 4
            [recv_package_qty] => 
            [unit_price] => 0
            [total_price] => 0
            [lot_number] => test-po-MAT-14-1-26-0006
            [mfg_date] => 2026-01-01
            [exp_date] => 2026-01-31
            [pallet_count] => 2
            [locations] => Array
                (
                    [0] => Array
                        (
                            [location_id] => 321
                            [lot_number] => test-po-MAT-14-1-26-0006
                            [quantity] => 2000
                            [pallet_count] => 2
                            [mfg_date] => 2026-01-01
                            [exp_date] => 2026-01-31
                            [condition] => ปกติ
                            [note] => 
                        )

                )

        )

)

[14-Jan-2026 15:45:00 Asia/Bangkok] Resolved PO_ID: 1106
[14-Jan-2026 15:45:00 Asia/Bangkok] Generated GR Number: GR202601140001
[14-Jan-2026 15:45:00 Asia/Bangkok] Received Status ID: 2
[14-Jan-2026 15:45:00 Asia/Bangkok] SQL: INSERT INTO Goods_Receipt (
            gr_number, po_id, receipt_date, warehouse_id,
            total_amount, status, received_by, notes,
            invoice_number, receipt_type, created_date
        ) VALUES (?, ?, ?, ?, ?, 'PENDING', ?, ?, ?, 'PO', GETDATE())
[14-Jan-2026 15:45:00 Asia/Bangkok] Insert params: Array
(
    [0] => GR202601140001
    [1] => 1106
    [2] => 2026-01-14
    [3] => 1
    [4] => 10000.00
    [5] => 1
    [6] => 
    [7] => test-po-MAT-14-1-26-0006
)

[14-Jan-2026 15:45:00 Asia/Bangkok] GR_ID: 136
[14-Jan-2026 15:45:00 Asia/Bangkok] Processing item 0: Array
(
    [po_item_id] => 1107
    [product_id] => 5613
    [ordered_qty] => 2000
    [receive_qty] => 2000
    [unit_id] => 4
    [recv_package_qty] => 
    [unit_price] => 0
    [total_price] => 0
    [lot_number] => test-po-MAT-14-1-26-0006
    [mfg_date] => 2026-01-01
    [exp_date] => 2026-01-31
    [pallet_count] => 2
    [locations] => Array
        (
            [0] => Array
                (
                    [location_id] => 321
                    [lot_number] => test-po-MAT-14-1-26-0006
                    [quantity] => 2000
                    [pallet_count] => 2
                    [mfg_date] => 2026-01-01
                    [exp_date] => 2026-01-31
                    [condition] => ปกติ
                    [note] => 
                )

        )

)

[14-Jan-2026 15:45:00 Asia/Bangkok] Using location_id: 321
[14-Jan-2026 15:45:00 Asia/Bangkok] Item params: Array
(
    [0] => 136
    [1] => 1107
    [2] => 5613
    [3] => 2000
    [4] => 2000
    [5] => 2000
    [6] => 4
    [7] => 4
    [8] => 1
    [9] => 2
    [10] => 0
    [11] => 0
    [12] => 1
    [13] => 321
    [14] => test-po-MAT-14-1-26-0006
    [15] => test-po-MAT-14-1-26-0006
    [16] => 2026-01-01
    [17] => 2026-01-31
    [18] => 2026-01-31
    [19] => 2
)

[14-Jan-2026 15:45:00 Asia/Bangkok] GR_Item_ID: 132
[14-Jan-2026 15:45:00 Asia/Bangkok] Processing location 0: Array
(
    [location_id] => 321
    [lot_number] => test-po-MAT-14-1-26-0006
    [quantity] => 2000
    [pallet_count] => 2
    [mfg_date] => 2026-01-01
    [exp_date] => 2026-01-31
    [condition] => ปกติ
    [note] => 
)

[14-Jan-2026 15:45:00 Asia/Bangkok] PO Unit Check - PO Item ID: 1107
[14-Jan-2026 15:45:00 Asia/Bangkok]   Purchase Unit ID: 4
[14-Jan-2026 15:45:00 Asia/Bangkok]   Stock Unit ID: 4
[14-Jan-2026 15:45:00 Asia/Bangkok]   Received in Unit ID: 4
[14-Jan-2026 15:45:00 Asia/Bangkok]   Receive Qty: 2000
[14-Jan-2026 15:45:00 Asia/Bangkok]   Conversion Factor: 1.000000
[14-Jan-2026 15:45:00 Asia/Bangkok]   ✅ Units match - no conversion needed
[14-Jan-2026 15:45:00 Asia/Bangkok]   Final receiveQtyForPO: 2000
[14-Jan-2026 15:45:00 Asia/Bangkok] ✅ PO_Items updated successfully
[14-Jan-2026 15:45:00 Asia/Bangkok] Transaction committed successfully
[14-Jan-2026 15:45:00 Asia/Bangkok] Save result: Array
(
    [success] => 1
    [message] => บันทึกใบรับสินค้าเรียบร้อยแล้ว
    [gr_number] => GR202601140001
    [gr_id] => 136
)

[15-Jan-2026 10:29:04 Asia/Bangkok] PO Items count: 1
[15-Jan-2026 10:29:04 Asia/Bangkok] Item 0: quantity=500.0000, received=2939.0000, pending=.0000, unit_id=1
[15-Jan-2026 11:06:14 Asia/Bangkok] Found 5 warehouses: [{"warehouse_id":"6","warehouse_name":"Consumables Warehouse"},{"warehouse_id":"3","warehouse_name":"Hold Warehouse"},{"warehouse_id":"1","warehouse_name":"Main Warehouse"},{"warehouse_id":"4","warehouse_name":"Sample Warehouse"},{"warehouse_id":"5","warehouse_name":"Scrap Paper Warehouse"}]
[15-Jan-2026 11:06:17 Asia/Bangkok] Found 5 warehouses: [{"warehouse_id":"6","warehouse_name":"Consumables Warehouse"},{"warehouse_id":"3","warehouse_name":"Hold Warehouse"},{"warehouse_id":"1","warehouse_name":"Main Warehouse"},{"warehouse_id":"4","warehouse_name":"Sample Warehouse"},{"warehouse_id":"5","warehouse_name":"Scrap Paper Warehouse"}]
[15-Jan-2026 11:06:19 Asia/Bangkok] Found 5 warehouses: [{"warehouse_id":"6","warehouse_name":"Consumables Warehouse"},{"warehouse_id":"3","warehouse_name":"Hold Warehouse"},{"warehouse_id":"1","warehouse_name":"Main Warehouse"},{"warehouse_id":"4","warehouse_name":"Sample Warehouse"},{"warehouse_id":"5","warehouse_name":"Scrap Paper Warehouse"}]
[15-Jan-2026 11:06:41 Asia/Bangkok] Found 2 warehouses: [{"warehouse_id":"1","warehouse_name":"\u0e04\u0e25\u0e31\u0e07\u0e2b\u0e25\u0e31\u0e01","warehouse_name_en":"Main Warehouse"},{"warehouse_id":"3","warehouse_name":"\u0e04\u0e25\u0e31\u0e07Hold","warehouse_name_en":"Hold Warehouse"}]
[15-Jan-2026 11:07:34 Asia/Bangkok] Received items: Array
(
    [0] => Array
        (
            [product_id] => 12547
            [quantity] => 500
            [unit_id] => 7
            [warehouse_id] => 1
            [location_id] => 166
            [supplier_lot_number] => test-receiving-15-1-26
            [pallet_count] => 0
            [manufacturing_date] => 2026-01-01
            [expiry_date] => 2026-01-31
            [item_description] => CK SP 79 GREEN -T
            [received_package_qty] => 50
            [weight_per_package] => 10
        )

)

[15-Jan-2026 11:07:34 Asia/Bangkok] GR ID created: 137
[15-Jan-2026 11:07:34 Asia/Bangkok] ========================================
[15-Jan-2026 11:07:34 Asia/Bangkok] 🔍 updateInventoryStock CALLED
[15-Jan-2026 11:07:34 Asia/Bangkok] Product ID: 12547
[15-Jan-2026 11:07:34 Asia/Bangkok] Quantity (weight): 500
[15-Jan-2026 11:07:34 Asia/Bangkok] Package Qty: 50
[15-Jan-2026 11:07:34 Asia/Bangkok] ✅ USING PACKAGE: 50 cans
[15-Jan-2026 11:07:34 Asia/Bangkok] 💾 Will save to current_stock: 50
[15-Jan-2026 11:07:34 Asia/Bangkok] 📝 Creating new inventory record
[15-Jan-2026 11:07:34 Asia/Bangkok] ✅ INSERT SUCCESS: product_id=12547, quantity=50
[15-Jan-2026 11:07:34 Asia/Bangkok] ========================================
[15-Jan-2026 11:07:37 Asia/Bangkok] Found 2 warehouses: [{"warehouse_id":"1","warehouse_name":"\u0e04\u0e25\u0e31\u0e07\u0e2b\u0e25\u0e31\u0e01","warehouse_name_en":"Main Warehouse"},{"warehouse_id":"3","warehouse_name":"\u0e04\u0e25\u0e31\u0e07Hold","warehouse_name_en":"Hold Warehouse"}]
[15-Jan-2026 11:07:51 Asia/Bangkok] Found 2 warehouses: [{"warehouse_id":"1","warehouse_name":"\u0e04\u0e25\u0e31\u0e07\u0e2b\u0e25\u0e31\u0e01","warehouse_name_en":"Main Warehouse"},{"warehouse_id":"3","warehouse_name":"\u0e04\u0e25\u0e31\u0e07Hold","warehouse_name_en":"Hold Warehouse"}]
[15-Jan-2026 11:11:09 Asia/Bangkok] Found 2 warehouses: [{"warehouse_id":"1","warehouse_name":"\u0e04\u0e25\u0e31\u0e07\u0e2b\u0e25\u0e31\u0e01","warehouse_name_en":"Main Warehouse"},{"warehouse_id":"3","warehouse_name":"\u0e04\u0e25\u0e31\u0e07Hold","warehouse_name_en":"Hold Warehouse"}]
[15-Jan-2026 11:11:45 Asia/Bangkok] Received items: Array
(
    [0] => Array
        (
            [product_id] => 12547
            [quantity] => 121
            [unit_id] => 7
            [warehouse_id] => 1
            [location_id] => 13
            [supplier_lot_number] => test-receiving-15-1-26-0002
            [pallet_count] => 0
            [manufacturing_date] => 2026-01-01
            [expiry_date] => 2026-01-31
            [item_description] => CK SP 79 GREEN -T
            [received_package_qty] => 11
            [weight_per_package] => 11
        )

)

[15-Jan-2026 11:11:45 Asia/Bangkok] GR ID created: 138
[15-Jan-2026 11:11:45 Asia/Bangkok] ========================================
[15-Jan-2026 11:11:45 Asia/Bangkok] 🔍 updateInventoryStock CALLED
[15-Jan-2026 11:11:45 Asia/Bangkok] Product ID: 12547
[15-Jan-2026 11:11:45 Asia/Bangkok] Quantity (weight): 121
[15-Jan-2026 11:11:45 Asia/Bangkok] Package Qty: 11
[15-Jan-2026 11:11:45 Asia/Bangkok] ✅ USING PACKAGE: 11 cans
[15-Jan-2026 11:11:45 Asia/Bangkok] 💾 Will save to current_stock: 11
[15-Jan-2026 11:11:45 Asia/Bangkok] 📝 Creating new inventory record
[15-Jan-2026 11:11:45 Asia/Bangkok] ✅ INSERT SUCCESS: product_id=12547, quantity=11
[15-Jan-2026 11:11:45 Asia/Bangkok] ========================================
[15-Jan-2026 11:11:47 Asia/Bangkok] Found 2 warehouses: [{"warehouse_id":"1","warehouse_name":"\u0e04\u0e25\u0e31\u0e07\u0e2b\u0e25\u0e31\u0e01","warehouse_name_en":"Main Warehouse"},{"warehouse_id":"3","warehouse_name":"\u0e04\u0e25\u0e31\u0e07Hold","warehouse_name_en":"Hold Warehouse"}]
[15-Jan-2026 11:58:15 Asia/Bangkok] PO Items count: 1
[15-Jan-2026 11:58:15 Asia/Bangkok] Item 0: quantity=500.0000, received=.0000, pending=.0000, unit_id=7
[15-Jan-2026 11:59:06 Asia/Bangkok] Received POST data: Array
(
)

[15-Jan-2026 11:59:06 Asia/Bangkok] Raw input: {"po_data":{"po_id":"1109","po_number":"test-po-mat-15-1-26-0001","po_date":"2026-01-15","total_amount":"150000.00","delivery_date":null,"notes":"","supplier_id":"95","supplier_name":"บริษัท โตโยอิ๊งค์ (ประเทศไทย) จำกัด","warehouse_id":"1","receipt_date":"2026-01-15","invoice_no":"test-po-mat-15-1-26-0001","received_by":"admin"},"items_data":[{"po_item_id":"1111","product_id":"12556","ordered_qty":500,"receive_qty":500,"unit_id":7,"recv_package_qty":100,"unit_price":0,"total_price":0,"lot_number":"test-po-mat-15-1-26-0001","mfg_date":"2026-01-01","exp_date":"2026-01-31","pallet_count":0,"locations":[{"location_id":"95","lot_number":"test-po-mat-15-1-26-0001","quantity":500,"pallet_count":0,"mfg_date":"2026-01-01","exp_date":"2026-01-31","condition":"ปกติ","note":""}]}]}
[15-Jan-2026 11:59:06 Asia/Bangkok] Decoded data: Array
(
    [po_data] => Array
        (
            [po_id] => 1109
            [po_number] => test-po-mat-15-1-26-0001
            [po_date] => 2026-01-15
            [total_amount] => 150000.00
            [delivery_date] => 
            [notes] => 
            [supplier_id] => 95
            [supplier_name] => บริษัท โตโยอิ๊งค์ (ประเทศไทย) จำกัด
            [warehouse_id] => 1
            [receipt_date] => 2026-01-15
            [invoice_no] => test-po-mat-15-1-26-0001
            [received_by] => admin
        )

    [items_data] => Array
        (
            [0] => Array
                (
                    [po_item_id] => 1111
                    [product_id] => 12556
                    [ordered_qty] => 500
                    [receive_qty] => 500
                    [unit_id] => 7
                    [recv_package_qty] => 100
                    [unit_price] => 0
                    [total_price] => 0
                    [lot_number] => test-po-mat-15-1-26-0001
                    [mfg_date] => 2026-01-01
                    [exp_date] => 2026-01-31
                    [pallet_count] => 0
                    [locations] => Array
                        (
                            [0] => Array
                                (
                                    [location_id] => 95
                                    [lot_number] => test-po-mat-15-1-26-0001
                                    [quantity] => 500
                                    [pallet_count] => 0
                                    [mfg_date] => 2026-01-01
                                    [exp_date] => 2026-01-31
                                    [condition] => ปกติ
                                    [note] => 
                                )

                        )

                )

        )

)

[15-Jan-2026 11:59:06 Asia/Bangkok] Starting saveReceiptEnhanced
[15-Jan-2026 11:59:06 Asia/Bangkok] Transaction started
[15-Jan-2026 11:59:06 Asia/Bangkok] PO Data: Array
(
    [po_id] => 1109
    [po_number] => test-po-mat-15-1-26-0001
    [po_date] => 2026-01-15
    [total_amount] => 150000.00
    [delivery_date] => 
    [notes] => 
    [supplier_id] => 95
    [supplier_name] => บริษัท โตโยอิ๊งค์ (ประเทศไทย) จำกัด
    [warehouse_id] => 1
    [receipt_date] => 2026-01-15
    [invoice_no] => test-po-mat-15-1-26-0001
    [received_by] => admin
)

[15-Jan-2026 11:59:06 Asia/Bangkok] Items: Array
(
    [0] => Array
        (
            [po_item_id] => 1111
            [product_id] => 12556
            [ordered_qty] => 500
            [receive_qty] => 500
            [unit_id] => 7
            [recv_package_qty] => 100
            [unit_price] => 0
            [total_price] => 0
            [lot_number] => test-po-mat-15-1-26-0001
            [mfg_date] => 2026-01-01
            [exp_date] => 2026-01-31
            [pallet_count] => 0
            [locations] => Array
                (
                    [0] => Array
                        (
                            [location_id] => 95
                            [lot_number] => test-po-mat-15-1-26-0001
                            [quantity] => 500
                            [pallet_count] => 0
                            [mfg_date] => 2026-01-01
                            [exp_date] => 2026-01-31
                            [condition] => ปกติ
                            [note] => 
                        )

                )

        )

)

[15-Jan-2026 11:59:06 Asia/Bangkok] Resolved PO_ID: 1109
[15-Jan-2026 11:59:06 Asia/Bangkok] Generated GR Number: GR202601150001
[15-Jan-2026 11:59:06 Asia/Bangkok] Received Status ID: 2
[15-Jan-2026 11:59:06 Asia/Bangkok] SQL: INSERT INTO Goods_Receipt (
            gr_number, po_id, receipt_date, warehouse_id,
            total_amount, status, received_by, notes,
            invoice_number, receipt_type, created_date
        ) VALUES (?, ?, ?, ?, ?, 'PENDING', ?, ?, ?, 'PO', GETDATE())
[15-Jan-2026 11:59:06 Asia/Bangkok] Insert params: Array
(
    [0] => GR202601150001
    [1] => 1109
    [2] => 2026-01-15
    [3] => 1
    [4] => 150000.00
    [5] => 1
    [6] => 
    [7] => test-po-mat-15-1-26-0001
)

[15-Jan-2026 11:59:06 Asia/Bangkok] GR_ID: 139
[15-Jan-2026 11:59:06 Asia/Bangkok] Processing item 0: Array
(
    [po_item_id] => 1111
    [product_id] => 12556
    [ordered_qty] => 500
    [receive_qty] => 500
    [unit_id] => 7
    [recv_package_qty] => 100
    [unit_price] => 0
    [total_price] => 0
    [lot_number] => test-po-mat-15-1-26-0001
    [mfg_date] => 2026-01-01
    [exp_date] => 2026-01-31
    [pallet_count] => 0
    [locations] => Array
        (
            [0] => Array
                (
                    [location_id] => 95
                    [lot_number] => test-po-mat-15-1-26-0001
                    [quantity] => 500
                    [pallet_count] => 0
                    [mfg_date] => 2026-01-01
                    [exp_date] => 2026-01-31
                    [condition] => ปกติ
                    [note] => 
                )

        )

)

[15-Jan-2026 11:59:06 Asia/Bangkok] Using location_id: 95
[15-Jan-2026 11:59:06 Asia/Bangkok] Item params: Array
(
    [0] => 139
    [1] => 1111
    [2] => 12556
    [3] => 500
    [4] => 500
    [5] => 500
    [6] => 7
    [7] => 7
    [8] => 1
    [9] => 0
    [10] => 0
    [11] => 0
    [12] => 1
    [13] => 95
    [14] => test-po-mat-15-1-26-0001
    [15] => test-po-mat-15-1-26-0001
    [16] => 2026-01-01
    [17] => 2026-01-31
    [18] => 2026-01-31
    [19] => 2
)

[15-Jan-2026 11:59:06 Asia/Bangkok] GR_Item_ID: 135
[15-Jan-2026 11:59:06 Asia/Bangkok] Processing location 0: Array
(
    [location_id] => 95
    [lot_number] => test-po-mat-15-1-26-0001
    [quantity] => 500
    [pallet_count] => 0
    [mfg_date] => 2026-01-01
    [exp_date] => 2026-01-31
    [condition] => ปกติ
    [note] => 
)

[15-Jan-2026 11:59:06 Asia/Bangkok] PO Unit Check - PO Item ID: 1111
[15-Jan-2026 11:59:06 Asia/Bangkok]   Purchase Unit ID: 7
[15-Jan-2026 11:59:06 Asia/Bangkok]   Stock Unit ID: 7
[15-Jan-2026 11:59:06 Asia/Bangkok]   Received in Unit ID: 7
[15-Jan-2026 11:59:06 Asia/Bangkok]   Receive Qty: 500
[15-Jan-2026 11:59:06 Asia/Bangkok]   Conversion Factor: 1.000000
[15-Jan-2026 11:59:06 Asia/Bangkok]   ✅ Units match - no conversion needed
[15-Jan-2026 11:59:06 Asia/Bangkok]   Final receiveQtyForPO: 500
[15-Jan-2026 11:59:06 Asia/Bangkok] ✅ PO_Items updated successfully
[15-Jan-2026 11:59:06 Asia/Bangkok] Transaction committed successfully
[15-Jan-2026 11:59:06 Asia/Bangkok] Save result: Array
(
    [success] => 1
    [message] => บันทึกใบรับสินค้าเรียบร้อยแล้ว
    [gr_number] => GR202601150001
    [gr_id] => 139
)

[15-Jan-2026 13:26:25 Asia/Bangkok] PO Items count: 1
[15-Jan-2026 13:26:25 Asia/Bangkok] Item 0: quantity=500.0000, received=500.0000, pending=.0000, unit_id=7
[15-Jan-2026 14:17:16 Asia/Bangkok] PO Items count: 1
[15-Jan-2026 14:17:16 Asia/Bangkok] Item 0: quantity=500.0000, received=.0000, pending=.0000, unit_id=1
[15-Jan-2026 14:17:16 Asia/Bangkok] calculate_conversion: product=5759, from=1, to=4, qty=500
[15-Jan-2026 14:17:16 Asia/Bangkok] getConversionFactor called: product=5759, from=1, to=4
[15-Jan-2026 14:17:16 Asia/Bangkok] Unit codes: from=KG, to=SHEET
[15-Jan-2026 14:17:16 Asia/Bangkok] Paperboard calculation: W=1020.00, L=665.00, GSM=400
[15-Jan-2026 14:17:16 Asia/Bangkok] Area: 0.6783 m², kg/sheet: 0.27132, sheets/kg: 3.6856848002359
[15-Jan-2026 14:17:16 Asia/Bangkok] Returning KG→SHEET: 3.6856848002359
[15-Jan-2026 14:17:16 Asia/Bangkok] Conversion result: 500 × 3.6856848002359 = 1842.8424001179
[15-Jan-2026 14:17:31 Asia/Bangkok] calculate_conversion: product=5759, from=1, to=4, qty=500
[15-Jan-2026 14:17:31 Asia/Bangkok] getConversionFactor called: product=5759, from=1, to=4
[15-Jan-2026 14:17:31 Asia/Bangkok] Unit codes: from=KG, to=SHEET
[15-Jan-2026 14:17:31 Asia/Bangkok] Paperboard calculation: W=1020.00, L=665.00, GSM=400
[15-Jan-2026 14:17:31 Asia/Bangkok] Area: 0.6783 m², kg/sheet: 0.27132, sheets/kg: 3.6856848002359
[15-Jan-2026 14:17:31 Asia/Bangkok] Returning KG→SHEET: 3.6856848002359
[15-Jan-2026 14:17:31 Asia/Bangkok] Conversion result: 500 × 3.6856848002359 = 1842.8424001179
[15-Jan-2026 14:17:31 Asia/Bangkok] calculate_conversion: product=5759, from=4, to=1, qty=1843
[15-Jan-2026 14:17:31 Asia/Bangkok] getConversionFactor called: product=5759, from=4, to=1
[15-Jan-2026 14:17:31 Asia/Bangkok] Unit codes: from=SHEET, to=KG
[15-Jan-2026 14:17:31 Asia/Bangkok] Paperboard calculation: W=1020.00, L=665.00, GSM=400
[15-Jan-2026 14:17:31 Asia/Bangkok] Area: 0.6783 m², kg/sheet: 0.27132, sheets/kg: 3.6856848002359
[15-Jan-2026 14:17:31 Asia/Bangkok] Returning SHEET→KG: 0.27132
[15-Jan-2026 14:17:31 Asia/Bangkok] Conversion result: 1843 × 0.27132 = 500.04276
[15-Jan-2026 14:17:45 Asia/Bangkok] Received POST data: Array
(
)

[15-Jan-2026 14:17:45 Asia/Bangkok] Raw input: {"po_data":{"po_id":"1110","po_number":"test-po-mat-15-1-26-0002","po_date":"2026-01-15","total_amount":"25000.00","delivery_date":null,"notes":"","supplier_id":"9","supplier_name":"\"Hansol Paper Co.,Ltd.\"","warehouse_id":"1","receipt_date":"2026-01-15","invoice_no":"test-po-mat-15-1-26-0002","received_by":"admin"},"items_data":[{"po_item_id":"1112","product_id":"5759","ordered_qty":1843,"receive_qty":1843,"unit_id":4,"recv_package_qty":null,"unit_price":0,"total_price":0,"lot_number":"test-po-mat-15-1-26-0002","mfg_date":"2026-01-01","exp_date":"2026-01-31","pallet_count":1,"locations":[{"location_id":"128","lot_number":"test-po-mat-15-1-26-0002","quantity":1843,"pallet_count":1,"mfg_date":"2026-01-01","exp_date":"2026-01-31","condition":"ปกติ","note":""}]}]}
[15-Jan-2026 14:17:45 Asia/Bangkok] Decoded data: Array
(
    [po_data] => Array
        (
            [po_id] => 1110
            [po_number] => test-po-mat-15-1-26-0002
            [po_date] => 2026-01-15
            [total_amount] => 25000.00
            [delivery_date] => 
            [notes] => 
            [supplier_id] => 9
            [supplier_name] => "Hansol Paper Co.,Ltd."
            [warehouse_id] => 1
            [receipt_date] => 2026-01-15
            [invoice_no] => test-po-mat-15-1-26-0002
            [received_by] => admin
        )

    [items_data] => Array
        (
            [0] => Array
                (
                    [po_item_id] => 1112
                    [product_id] => 5759
                    [ordered_qty] => 1843
                    [receive_qty] => 1843
                    [unit_id] => 4
                    [recv_package_qty] => 
                    [unit_price] => 0
                    [total_price] => 0
                    [lot_number] => test-po-mat-15-1-26-0002
                    [mfg_date] => 2026-01-01
                    [exp_date] => 2026-01-31
                    [pallet_count] => 1
                    [locations] => Array
                        (
                            [0] => Array
                                (
                                    [location_id] => 128
                                    [lot_number] => test-po-mat-15-1-26-0002
                                    [quantity] => 1843
                                    [pallet_count] => 1
                                    [mfg_date] => 2026-01-01
                                    [exp_date] => 2026-01-31
                                    [condition] => ปกติ
                                    [note] => 
                                )

                        )

                )

        )

)

[15-Jan-2026 14:17:45 Asia/Bangkok] Starting saveReceiptEnhanced
[15-Jan-2026 14:17:45 Asia/Bangkok] Transaction started
[15-Jan-2026 14:17:45 Asia/Bangkok] PO Data: Array
(
    [po_id] => 1110
    [po_number] => test-po-mat-15-1-26-0002
    [po_date] => 2026-01-15
    [total_amount] => 25000.00
    [delivery_date] => 
    [notes] => 
    [supplier_id] => 9
    [supplier_name] => "Hansol Paper Co.,Ltd."
    [warehouse_id] => 1
    [receipt_date] => 2026-01-15
    [invoice_no] => test-po-mat-15-1-26-0002
    [received_by] => admin
)

[15-Jan-2026 14:17:45 Asia/Bangkok] Items: Array
(
    [0] => Array
        (
            [po_item_id] => 1112
            [product_id] => 5759
            [ordered_qty] => 1843
            [receive_qty] => 1843
            [unit_id] => 4
            [recv_package_qty] => 
            [unit_price] => 0
            [total_price] => 0
            [lot_number] => test-po-mat-15-1-26-0002
            [mfg_date] => 2026-01-01
            [exp_date] => 2026-01-31
            [pallet_count] => 1
            [locations] => Array
                (
                    [0] => Array
                        (
                            [location_id] => 128
                            [lot_number] => test-po-mat-15-1-26-0002
                            [quantity] => 1843
                            [pallet_count] => 1
                            [mfg_date] => 2026-01-01
                            [exp_date] => 2026-01-31
                            [condition] => ปกติ
                            [note] => 
                        )

                )

        )

)

[15-Jan-2026 14:17:45 Asia/Bangkok] Resolved PO_ID: 1110
[15-Jan-2026 14:17:45 Asia/Bangkok] Generated GR Number: GR202601150002
[15-Jan-2026 14:17:45 Asia/Bangkok] Received Status ID: 2
[15-Jan-2026 14:17:45 Asia/Bangkok] SQL: INSERT INTO Goods_Receipt (
            gr_number, po_id, receipt_date, warehouse_id,
            total_amount, status, received_by, notes,
            invoice_number, receipt_type, created_date
        ) VALUES (?, ?, ?, ?, ?, 'PENDING', ?, ?, ?, 'PO', GETDATE())
[15-Jan-2026 14:17:45 Asia/Bangkok] Insert params: Array
(
    [0] => GR202601150002
    [1] => 1110
    [2] => 2026-01-15
    [3] => 1
    [4] => 25000.00
    [5] => 1
    [6] => 
    [7] => test-po-mat-15-1-26-0002
)

[15-Jan-2026 14:17:45 Asia/Bangkok] GR_ID: 140
[15-Jan-2026 14:17:45 Asia/Bangkok] Processing item 0: Array
(
    [po_item_id] => 1112
    [product_id] => 5759
    [ordered_qty] => 1843
    [receive_qty] => 1843
    [unit_id] => 4
    [recv_package_qty] => 
    [unit_price] => 0
    [total_price] => 0
    [lot_number] => test-po-mat-15-1-26-0002
    [mfg_date] => 2026-01-01
    [exp_date] => 2026-01-31
    [pallet_count] => 1
    [locations] => Array
        (
            [0] => Array
                (
                    [location_id] => 128
                    [lot_number] => test-po-mat-15-1-26-0002
                    [quantity] => 1843
                    [pallet_count] => 1
                    [mfg_date] => 2026-01-01
                    [exp_date] => 2026-01-31
                    [condition] => ปกติ
                    [note] => 
                )

        )

)

[15-Jan-2026 14:17:45 Asia/Bangkok] Using location_id: 128
[15-Jan-2026 14:17:45 Asia/Bangkok] Item params: Array
(
    [0] => 140
    [1] => 1112
    [2] => 5759
    [3] => 1843
    [4] => 1843
    [5] => 1843
    [6] => 4
    [7] => 4
    [8] => 1
    [9] => 1
    [10] => 0
    [11] => 0
    [12] => 1
    [13] => 128
    [14] => test-po-mat-15-1-26-0002
    [15] => test-po-mat-15-1-26-0002
    [16] => 2026-01-01
    [17] => 2026-01-31
    [18] => 2026-01-31
    [19] => 2
)

[15-Jan-2026 14:17:45 Asia/Bangkok] GR_Item_ID: 136
[15-Jan-2026 14:17:45 Asia/Bangkok] Processing location 0: Array
(
    [location_id] => 128
    [lot_number] => test-po-mat-15-1-26-0002
    [quantity] => 1843
    [pallet_count] => 1
    [mfg_date] => 2026-01-01
    [exp_date] => 2026-01-31
    [condition] => ปกติ
    [note] => 
)

[15-Jan-2026 14:17:45 Asia/Bangkok] PO Unit Check - PO Item ID: 1112
[15-Jan-2026 14:17:45 Asia/Bangkok]   Purchase Unit ID: 1
[15-Jan-2026 14:17:45 Asia/Bangkok]   Stock Unit ID: 1
[15-Jan-2026 14:17:45 Asia/Bangkok]   Received in Unit ID: 4
[15-Jan-2026 14:17:45 Asia/Bangkok]   Receive Qty: 1843
[15-Jan-2026 14:17:45 Asia/Bangkok]   Conversion Factor: 1.000000
[15-Jan-2026 14:17:45 Asia/Bangkok]   ⚠️ WARNING: Unknown unit conversion scenario!
[15-Jan-2026 14:17:45 Asia/Bangkok]   Final receiveQtyForPO: 1843
[15-Jan-2026 14:17:45 Asia/Bangkok] ✅ PO_Items updated successfully
[15-Jan-2026 14:17:45 Asia/Bangkok] Transaction committed successfully
[15-Jan-2026 14:17:45 Asia/Bangkok] Save result: Array
(
    [success] => 1
    [message] => บันทึกใบรับสินค้าเรียบร้อยแล้ว
    [gr_number] => GR202601150002
    [gr_id] => 140
)

[15-Jan-2026 14:22:15 Asia/Bangkok] PO Items count: 1
[15-Jan-2026 14:22:15 Asia/Bangkok] Item 0: quantity=1000.0000, received=.0000, pending=.0000, unit_id=4
[15-Jan-2026 14:22:15 Asia/Bangkok] calculate_conversion: product=832, from=4, to=1, qty=1000
[15-Jan-2026 14:22:15 Asia/Bangkok] getConversionFactor called: product=832, from=4, to=1
[15-Jan-2026 14:22:15 Asia/Bangkok] Unit codes: from=SHEET, to=KG
[15-Jan-2026 14:22:15 Asia/Bangkok] No paperboard data found or incomplete data
[15-Jan-2026 14:22:15 Asia/Bangkok] No conversion found, returning 1.0
[15-Jan-2026 14:22:15 Asia/Bangkok] Conversion result: 1000 × 1 = 1000
[15-Jan-2026 14:22:16 Asia/Bangkok] calculate_conversion: product=832, from=1, to=4, qty=1000
[15-Jan-2026 14:22:16 Asia/Bangkok] getConversionFactor called: product=832, from=1, to=4
[15-Jan-2026 14:22:16 Asia/Bangkok] Unit codes: from=KG, to=SHEET
[15-Jan-2026 14:22:16 Asia/Bangkok] No paperboard data found or incomplete data
[15-Jan-2026 14:22:16 Asia/Bangkok] No conversion found, returning 1.0
[15-Jan-2026 14:22:16 Asia/Bangkok] Conversion result: 1000 × 1 = 1000
[15-Jan-2026 14:22:23 Asia/Bangkok] calculate_conversion: product=832, from=4, to=1, qty=1000
[15-Jan-2026 14:22:23 Asia/Bangkok] getConversionFactor called: product=832, from=4, to=1
[15-Jan-2026 14:22:23 Asia/Bangkok] Unit codes: from=SHEET, to=KG
[15-Jan-2026 14:22:23 Asia/Bangkok] No paperboard data found or incomplete data
[15-Jan-2026 14:22:23 Asia/Bangkok] No conversion found, returning 1.0
[15-Jan-2026 14:22:23 Asia/Bangkok] Conversion result: 1000 × 1 = 1000
[15-Jan-2026 14:22:44 Asia/Bangkok] Received POST data: Array
(
)

[15-Jan-2026 14:22:44 Asia/Bangkok] Raw input: {"po_data":{"po_id":"1111","po_number":"test-po-mat-15-1-26-0003","po_date":"2026-01-15","total_amount":"50000.00","delivery_date":null,"notes":"","supplier_id":"9","supplier_name":"\"Hansol Paper Co.,Ltd.\"","warehouse_id":"1","receipt_date":"2026-01-15","invoice_no":"test-po-mat-15-1-26-0003","received_by":"admin"},"items_data":[{"po_item_id":"1113","product_id":"832","ordered_qty":1000,"receive_qty":1000,"unit_id":4,"recv_package_qty":null,"unit_price":0,"total_price":0,"lot_number":"test-po-mat-15-1-26-0003","mfg_date":"2026-01-01","exp_date":"2026-01-31","pallet_count":1,"locations":[{"location_id":"285","lot_number":"test-po-mat-15-1-26-0003","quantity":1000,"pallet_count":1,"mfg_date":"2026-01-01","exp_date":"2026-01-31","condition":"ปกติ","note":""}]}]}
[15-Jan-2026 14:22:44 Asia/Bangkok] Decoded data: Array
(
    [po_data] => Array
        (
            [po_id] => 1111
            [po_number] => test-po-mat-15-1-26-0003
            [po_date] => 2026-01-15
            [total_amount] => 50000.00
            [delivery_date] => 
            [notes] => 
            [supplier_id] => 9
            [supplier_name] => "Hansol Paper Co.,Ltd."
            [warehouse_id] => 1
            [receipt_date] => 2026-01-15
            [invoice_no] => test-po-mat-15-1-26-0003
            [received_by] => admin
        )

    [items_data] => Array
        (
            [0] => Array
                (
                    [po_item_id] => 1113
                    [product_id] => 832
                    [ordered_qty] => 1000
                    [receive_qty] => 1000
                    [unit_id] => 4
                    [recv_package_qty] => 
                    [unit_price] => 0
                    [total_price] => 0
                    [lot_number] => test-po-mat-15-1-26-0003
                    [mfg_date] => 2026-01-01
                    [exp_date] => 2026-01-31
                    [pallet_count] => 1
                    [locations] => Array
                        (
                            [0] => Array
                                (
                                    [location_id] => 285
                                    [lot_number] => test-po-mat-15-1-26-0003
                                    [quantity] => 1000
                                    [pallet_count] => 1
                                    [mfg_date] => 2026-01-01
                                    [exp_date] => 2026-01-31
                                    [condition] => ปกติ
                                    [note] => 
                                )

                        )

                )

        )

)

[15-Jan-2026 14:22:44 Asia/Bangkok] Starting saveReceiptEnhanced
[15-Jan-2026 14:22:44 Asia/Bangkok] Transaction started
[15-Jan-2026 14:22:44 Asia/Bangkok] PO Data: Array
(
    [po_id] => 1111
    [po_number] => test-po-mat-15-1-26-0003
    [po_date] => 2026-01-15
    [total_amount] => 50000.00
    [delivery_date] => 
    [notes] => 
    [supplier_id] => 9
    [supplier_name] => "Hansol Paper Co.,Ltd."
    [warehouse_id] => 1
    [receipt_date] => 2026-01-15
    [invoice_no] => test-po-mat-15-1-26-0003
    [received_by] => admin
)

[15-Jan-2026 14:22:44 Asia/Bangkok] Items: Array
(
    [0] => Array
        (
            [po_item_id] => 1113
            [product_id] => 832
            [ordered_qty] => 1000
            [receive_qty] => 1000
            [unit_id] => 4
            [recv_package_qty] => 
            [unit_price] => 0
            [total_price] => 0
            [lot_number] => test-po-mat-15-1-26-0003
            [mfg_date] => 2026-01-01
            [exp_date] => 2026-01-31
            [pallet_count] => 1
            [locations] => Array
                (
                    [0] => Array
                        (
                            [location_id] => 285
                            [lot_number] => test-po-mat-15-1-26-0003
                            [quantity] => 1000
                            [pallet_count] => 1
                            [mfg_date] => 2026-01-01
                            [exp_date] => 2026-01-31
                            [condition] => ปกติ
                            [note] => 
                        )

                )

        )

)

[15-Jan-2026 14:22:44 Asia/Bangkok] Resolved PO_ID: 1111
[15-Jan-2026 14:22:44 Asia/Bangkok] Generated GR Number: GR202601150003
[15-Jan-2026 14:22:44 Asia/Bangkok] Received Status ID: 2
[15-Jan-2026 14:22:44 Asia/Bangkok] SQL: INSERT INTO Goods_Receipt (
            gr_number, po_id, receipt_date, warehouse_id,
            total_amount, status, received_by, notes,
            invoice_number, receipt_type, created_date
        ) VALUES (?, ?, ?, ?, ?, 'PENDING', ?, ?, ?, 'PO', GETDATE())
[15-Jan-2026 14:22:44 Asia/Bangkok] Insert params: Array
(
    [0] => GR202601150003
    [1] => 1111
    [2] => 2026-01-15
    [3] => 1
    [4] => 50000.00
    [5] => 1
    [6] => 
    [7] => test-po-mat-15-1-26-0003
)

[15-Jan-2026 14:22:44 Asia/Bangkok] GR_ID: 141
[15-Jan-2026 14:22:44 Asia/Bangkok] Processing item 0: Array
(
    [po_item_id] => 1113
    [product_id] => 832
    [ordered_qty] => 1000
    [receive_qty] => 1000
    [unit_id] => 4
    [recv_package_qty] => 
    [unit_price] => 0
    [total_price] => 0
    [lot_number] => test-po-mat-15-1-26-0003
    [mfg_date] => 2026-01-01
    [exp_date] => 2026-01-31
    [pallet_count] => 1
    [locations] => Array
        (
            [0] => Array
                (
                    [location_id] => 285
                    [lot_number] => test-po-mat-15-1-26-0003
                    [quantity] => 1000
                    [pallet_count] => 1
                    [mfg_date] => 2026-01-01
                    [exp_date] => 2026-01-31
                    [condition] => ปกติ
                    [note] => 
                )

        )

)

[15-Jan-2026 14:22:44 Asia/Bangkok] Using location_id: 285
[15-Jan-2026 14:22:44 Asia/Bangkok] Item params: Array
(
    [0] => 141
    [1] => 1113
    [2] => 832
    [3] => 1000
    [4] => 1000
    [5] => 1000
    [6] => 4
    [7] => 4
    [8] => 1
    [9] => 1
    [10] => 0
    [11] => 0
    [12] => 1
    [13] => 285
    [14] => test-po-mat-15-1-26-0003
    [15] => test-po-mat-15-1-26-0003
    [16] => 2026-01-01
    [17] => 2026-01-31
    [18] => 2026-01-31
    [19] => 2
)

[15-Jan-2026 14:22:44 Asia/Bangkok] GR_Item_ID: 137
[15-Jan-2026 14:22:44 Asia/Bangkok] Processing location 0: Array
(
    [location_id] => 285
    [lot_number] => test-po-mat-15-1-26-0003
    [quantity] => 1000
    [pallet_count] => 1
    [mfg_date] => 2026-01-01
    [exp_date] => 2026-01-31
    [condition] => ปกติ
    [note] => 
)

[15-Jan-2026 14:22:44 Asia/Bangkok] PO Unit Check - PO Item ID: 1113
[15-Jan-2026 14:22:44 Asia/Bangkok]   Purchase Unit ID: 4
[15-Jan-2026 14:22:44 Asia/Bangkok]   Stock Unit ID: 4
[15-Jan-2026 14:22:44 Asia/Bangkok]   Received in Unit ID: 4
[15-Jan-2026 14:22:44 Asia/Bangkok]   Receive Qty: 1000
[15-Jan-2026 14:22:44 Asia/Bangkok]   Conversion Factor: 1.000000
[15-Jan-2026 14:22:44 Asia/Bangkok]   ✅ Units match - no conversion needed
[15-Jan-2026 14:22:44 Asia/Bangkok]   Final receiveQtyForPO: 1000
[15-Jan-2026 14:22:44 Asia/Bangkok] ✅ PO_Items updated successfully
[15-Jan-2026 14:22:44 Asia/Bangkok] Transaction committed successfully
[15-Jan-2026 14:22:44 Asia/Bangkok] Save result: Array
(
    [success] => 1
    [message] => บันทึกใบรับสินค้าเรียบร้อยแล้ว
    [gr_number] => GR202601150003
    [gr_id] => 141
)

